geneid,disease_name,diseaseid,score,evidence_level
4869,acute myeloid leukemia,C0023467,1.0,
7490,acute myeloid leukemia,C0023467,1.0,
1788,acute myeloid leukemia,C0023467,1.0,
3717,acute myeloid leukemia,C0023467,1.0,
472,chronic lymphocytic leukemia,C0023434,1.0,
4297,acute myeloid leukemia,C0023467,1.0,
861,acute myeloid leukemia,C0023467,1.0,
596,chronic lymphocytic leukemia,C0023434,1.0,
4893,acute myeloid leukemia,C0023467,1.0,
54790,acute myeloid leukemia,C0023467,1.0,
2624,acute myeloid leukemia,C0023467,1.0,
596,"lymphoma, non hodgkin's",C0024305,1.0,
596,acute myeloid leukemia,C0023467,1.0,
3845,acute myeloid leukemia,C0023467,1.0,
7157,acute myeloid leukemia,C0023467,1.0,
1437,acute myeloid leukemia,C0023467,1.0,
3417,acute myeloid leukemia,C0023467,1.0,
7157,chronic lymphocytic leukemia,C0023434,1.0,
2322,acute myeloid leukemia,C0023467,1.0,
3418,acute myeloid leukemia,C0023467,1.0,
3815,acute myeloid leukemia,C0023467,1.0,
1050,acute myeloid leukemia,C0023467,1.0,
171023,acute myeloid leukemia,C0023467,1.0,
1440,acute myeloid leukemia,C0023467,1.0,
945,acute myeloid leukemia,C0023467,0.95,
324,malignant neoplasm of colon,C0007102,0.95,
921,chronic lymphocytic leukemia,C0023434,0.95,
5781,acute myeloid leukemia,C0023467,0.95,
2120,acute myeloid leukemia,C0023467,0.95,
3662,chronic lymphocytic leukemia,C0023434,0.9,
8301,acute myeloid leukemia,C0023467,0.9,
8028,acute myeloid leukemia,C0023467,0.9,
2672,acute myeloid leukemia,C0023467,0.9,
6688,acute myeloid leukemia,C0023467,0.9,
5336,chronic lymphocytic leukemia,C0023434,0.9,
6427,acute myeloid leukemia,C0023467,0.9,
942,chronic lymphocytic leukemia,C0023434,0.9,
2944,acute myeloid leukemia,C0023467,0.9,
4292,malignant neoplasm of colon,C0007102,0.9,
7157,malignant squamous cell neoplasm of oral cavity (diagnosis),C0585362,0.9,
25,acute myeloid leukemia,C0023467,0.9,
2146,acute myeloid leukemia,C0023467,0.9,
3569,chronic lymphocytic leukemia,C0023434,0.9,
7157,"lymphoma, non hodgkin's",C0024305,0.9,
595,"lymphoma, non hodgkin's",C0024305,0.9,
207,malignant neoplasm of colon,C0007102,0.9,
2122,acute myeloid leukemia,C0023467,0.9,
4609,acute myeloid leukemia,C0023467,0.85,
1441,acute myeloid leukemia,C0023467,0.85,
1029,acute myeloid leukemia,C0023467,0.85,
7015,acute myeloid leukemia,C0023467,0.85,
7048,malignant neoplasm of colon,C0007102,0.85,
8021,acute myeloid leukemia,C0023467,0.85,
673,malignant neoplasm of colon,C0007102,0.85,
2475,glioblastoma multiforme,C1621958,0.85,
4436,malignant neoplasm of colon,C0007102,0.85,
5468,malignant neoplasm of colon,C0007102,0.85,
862,acute myeloid leukemia,C0023467,0.85,
4609,"lymphoma, non hodgkin's",C0024305,0.85,
604,"lymphoma, non hodgkin's",C0024305,0.85,
7852,acute myeloid leukemia,C0023467,0.85,
2950,acute myeloid leukemia,C0023467,0.85,
1021,acute myeloid leukemia,C0023467,0.85,
2078,acute myeloid leukemia,C0023467,0.85,
4615,chronic lymphocytic leukemia,C0023434,0.85,
974,chronic lymphocytic leukemia,C0023434,0.85,
1728,acute myeloid leukemia,C0023467,0.85,
3676,chronic lymphocytic leukemia,C0023434,0.85,
7010,acute myeloid leukemia,C0023467,0.85,
79870,acute myeloid leukemia,C0023467,0.85,
6774,acute myeloid leukemia,C0023467,0.85,
3569,acute myeloid leukemia,C0023467,0.85,
2146,"lymphoma, non hodgkin's",C0024305,0.85,
1440,"lymphoma, non hodgkin's",C0024305,0.85,
7422,acute myeloid leukemia,C0023467,0.85,
3205,acute myeloid leukemia,C0023467,0.85,
5395,malignant neoplasm of colon,C0007102,0.8,
64324,acute myeloid leukemia,C0023467,0.8,
867,acute myeloid leukemia,C0023467,0.8,
4629,acute myeloid leukemia,C0023467,0.8,
328,carcinoma of cervix,C0302592,0.8,
1432,malignant neoplasm of colon,C0007102,0.8,
1789,acute myeloid leukemia,C0023467,0.8,
1543,malignant squamous cell neoplasm of oral cavity (diagnosis),C0585362,0.8,
2260,acute myeloid leukemia,C0023467,0.8,
865,acute myeloid leukemia,C0023467,0.8,
595,acute myeloid leukemia,C0023467,0.8,
2195,malignant squamous cell neoplasm of oral cavity (diagnosis),C0585362,0.8,
23451,acute myeloid leukemia,C0023467,0.8,
1030,acute myeloid leukemia,C0023467,0.8,
51428,acute myeloid leukemia,C0023467,0.8,
4763,acute myeloid leukemia,C0023467,0.8,
1387,acute myeloid leukemia,C0023467,0.8,
3586,malignant neoplasm of colon,C0007102,0.8,
355,acute myeloid leukemia,C0023467,0.8,
2944,malignant squamous cell neoplasm of oral cavity (diagnosis),C0585362,0.8,
836,malignant neoplasm of colon,C0007102,0.8,
672,malignant neoplasm of colon,C0007102,0.8,
648,acute myeloid leukemia,C0023467,0.8,
2261,carcinoma of cervix,C0302592,0.8,
355,"lymphoma, non hodgkin's",C0024305,0.8,
7994,acute myeloid leukemia,C0023467,0.8,
6347,malignant squamous cell neoplasm of oral cavity (diagnosis),C0585362,0.8,
2146,malignant squamous cell neoplasm of oral cavity (diagnosis),C0585362,0.8,
3716,acute myeloid leukemia,C0023467,0.8,
23451,chronic lymphocytic leukemia,C0023434,0.8,
1437,"lymphoma, non hodgkin's",C0024305,0.8,
8743,acute myeloid leukemia,C0023467,0.8,
1978,acute myeloid leukemia,C0023467,0.8,
960,acute myeloid leukemia,C0023467,0.8,
928,acute myeloid leukemia,C0023467,0.8,
7157,cutaneous t cell lymphoma,C0079773,0.75,
10,acute myeloid leukemia,C0023467,0.75,
4928,acute myeloid leukemia,C0023467,0.75,
3552,acute myeloid leukemia,C0023467,0.75,
5551,"lymphoma, non hodgkin's",C0024305,0.75,
2932,malignant squamous cell neoplasm of oral cavity (diagnosis),C0585362,0.75,
3586,malignant squamous cell neoplasm of oral cavity (diagnosis),C0585362,0.75,
7015,malignant squamous cell neoplasm of oral cavity (diagnosis),C0585362,0.75,
51176,chronic lymphocytic leukemia,C0023434,0.75,
595,chronic lymphocytic leukemia,C0023434,0.75,
355,cutaneous t cell lymphoma,C0079773,0.75,
6794,carcinoma of cervix,C0302592,0.75,
84295,acute myeloid leukemia,C0023467,0.75,
10125,acute myeloid leukemia,C0023467,0.75,
6997,malignant neoplasm of colon,C0007102,0.75,
2081,glioblastoma multiforme,C1621958,0.75,
673,chronic lymphocytic leukemia,C0023434,0.75,
4595,malignant neoplasm of colon,C0007102,0.75,
2952,carcinoma of cervix,C0302592,0.75,
999,malignant neoplasm of colon,C0007102,0.75,
1493,acute myeloid leukemia,C0023467,0.75,
472,malignant neoplasm of colon,C0007102,0.75,
54880,acute myeloid leukemia,C0023467,0.75,
8821,acute myeloid leukemia,C0023467,0.75,
7307,acute myeloid leukemia,C0023467,0.75,
6714,malignant neoplasm of colon,C0007102,0.75,
5747,glioblastoma multiforme,C1621958,0.75,
7514,chronic lymphocytic leukemia,C0023434,0.75,
1026,malignant squamous cell neoplasm of oral cavity (diagnosis),C0585362,0.75,
8651,acute myeloid leukemia,C0023467,0.75,
1027,acute myeloid leukemia,C0023467,0.75,
5027,chronic lymphocytic leukemia,C0023434,0.75,
58508,acute myeloid leukemia,C0023467,0.75,
2952,acute myeloid leukemia,C0023467,0.75,
6279,acute myeloid leukemia,C0023467,0.75,
11040,acute myeloid leukemia,C0023467,0.75,
5156,glioblastoma multiforme,C1621958,0.75,
1436,acute myeloid leukemia,C0023467,0.75,
4330,acute myeloid leukemia,C0023467,0.75,
26040,acute myeloid leukemia,C0023467,0.75,
1493,"lymphoma, non hodgkin's",C0024305,0.75,
5578,glioblastoma multiforme,C1621958,0.75,
25939,acute myeloid leukemia,C0023467,0.75,
811,malignant neoplasm of colon,C0007102,0.75,
5366,chronic lymphocytic leukemia,C0023434,0.7,
4233,acute myeloid leukemia,C0023467,0.7,
5727,acute myeloid leukemia,C0023467,0.7,
308,acute myeloid leukemia,C0023467,0.7,
2176,acute myeloid leukemia,C0023467,0.7,
28444,chronic lymphocytic leukemia,C0023434,0.7,
7298,acute myeloid leukemia,C0023467,0.7,
2052,"lymphoma, non hodgkin's",C0024305,0.7,
672,"malignant neoplasm of peritoneum, unspecified",C0153467,0.7,
1612,acute myeloid leukemia,C0023467,0.7,
4210,acute myeloid leukemia,C0023467,0.7,
4524,acute myeloid leukemia,C0023467,0.7,
843,"lymphoma, non hodgkin's",C0024305,0.7,
1591,malignant squamous cell neoplasm of oral cavity (diagnosis),C0585362,0.7,
7037,chronic lymphocytic leukemia,C0023434,0.7,
302,acute myeloid leukemia,C0023467,0.7,
23476,malignant neoplasm of colon,C0007102,0.7,
5728,malignant squamous cell neoplasm of oral cavity (diagnosis),C0585362,0.7,
2944,carcinoma of cervix,C0302592,0.7,
11262,chronic lymphocytic leukemia,C0023434,0.7,
6455,acute myeloid leukemia,C0023467,0.7,
567,"lymphoma, non hodgkin's",C0024305,0.7,
1017,glioblastoma multiforme,C1621958,0.7,
2052,acute myeloid leukemia,C0023467,0.7,
3082,acute myeloid leukemia,C0023467,0.7,
4524,"lymphoma, non hodgkin's",C0024305,0.7,
5290,"lymphoma, non hodgkin's",C0024305,0.7,
5728,squamous cell carcinoma of larynx,C0280324,0.7,
10499,acute myeloid leukemia,C0023467,0.7,
1495,acute myeloid leukemia,C0023467,0.7,
26511,acute myeloid leukemia,C0023467,0.7,
29072,acute myeloid leukemia,C0023467,0.7,
3265,acute myeloid leukemia,C0023467,0.7,
55252,acute myeloid leukemia,C0023467,0.7,
894,acute myeloid leukemia,C0023467,0.7,
5599,glioblastoma multiforme,C1621958,0.7,
4916,acute myeloid leukemia,C0023467,0.7,
2261,malignant squamous cell neoplasm of oral cavity (diagnosis),C0585362,0.7,
999,acute myeloid leukemia,C0023467,0.7,
864,acute myeloid leukemia,C0023467,0.7,
638,malignant neoplasm of colon,C0007102,0.65,
92,malignant neoplasm of colon,C0007102,0.65,
6678,carcinoma of cervix,C0302592,0.65,
7251,carcinoma of cervix,C0302592,0.65,
1543,acute myeloid leukemia,C0023467,0.65,
2068,acute myeloid leukemia,C0023467,0.65,
6209,chronic lymphocytic leukemia,C0023434,0.65,
90427,chronic lymphocytic leukemia,C0023434,0.65,
2308,acute myeloid leukemia,C0023467,0.65,
23305,acute myeloid leukemia,C0023467,0.65,
3690,acute myeloid leukemia,C0023467,0.65,
81848,acute myeloid leukemia,C0023467,0.65,
1571,malignant squamous cell neoplasm of oral cavity (diagnosis),C0585362,0.65,
3558,malignant squamous cell neoplasm of oral cavity (diagnosis),C0585362,0.65,
4552,"lymphoma, non hodgkin's",C0024305,0.65,
5562,malignant neoplasm of colon,C0007102,0.65,
84433,cutaneous t cell lymphoma,C0079773,0.65,
1052,acute myeloid leukemia,C0023467,0.65,
5444,chronic lymphocytic leukemia,C0023434,0.65,
81037,malignant squamous cell neoplasm of oral cavity (diagnosis),C0585362,0.65,
4524,malignant squamous cell neoplasm of oral cavity (diagnosis),C0585362,0.65,
729230,malignant squamous cell neoplasm of oral cavity (diagnosis),C0585362,0.65,
11200,malignant neoplasm of colon,C0007102,0.65,
4255,carcinoma of cervix,C0302592,0.65,
10000,glioblastoma multiforme,C1621958,0.65,
578,carcinoma of cervix,C0302592,0.65,
100,malignant neoplasm of colon,C0007102,0.65,
1029,cutaneous t cell lymphoma,C0079773,0.65,
10,squamous cell carcinoma of larynx,C0280324,0.65,
5880,acute myeloid leukemia,C0023467,0.65,
822,acute myeloid leukemia,C0023467,0.65,
5444,"lymphoma, non hodgkin's",C0024305,0.65,
11200,"lymphoma, non hodgkin's",C0024305,0.65,
958,"lymphoma, non hodgkin's",C0024305,0.65,
1591,malignant neoplasm of colon,C0007102,0.65,
6648,acute myeloid leukemia,C0023467,0.65,
3621,malignant squamous cell neoplasm of oral cavity (diagnosis),C0585362,0.65,
840,malignant neoplasm of colon,C0007102,0.65,
5795,malignant neoplasm of colon,C0007102,0.65,
51752,carcinoma of cervix,C0302592,0.65,
4791,cutaneous t cell lymphoma,C0079773,0.65,
940,cutaneous t cell lymphoma,C0079773,0.65,
1555,acute myeloid leukemia,C0023467,0.65,
2175,acute myeloid leukemia,C0023467,0.65,
2876,acute myeloid leukemia,C0023467,0.65,
4297,"lymphoma, non hodgkin's",C0024305,0.65,
8915,"lymphoma, non hodgkin's",C0024305,0.65,
7481,malignant squamous cell neoplasm of oral cavity (diagnosis),C0585362,0.65,
55740,acute myeloid leukemia,C0023467,0.65,
4361,malignant neoplasm of colon,C0007102,0.65,
65018,glioblastoma multiforme,C1621958,0.65,
1493,cutaneous t cell lymphoma,C0079773,0.65,
6891,carcinoma of cervix,C0302592,0.65,
8792,chronic lymphocytic leukemia,C0023434,0.65,
22806,chronic lymphocytic leukemia,C0023434,0.65,
26191,chronic lymphocytic leukemia,C0023434,0.65,
11122,acute myeloid leukemia,C0023467,0.65,
1565,acute myeloid leukemia,C0023467,0.65,
8233,acute myeloid leukemia,C0023467,0.65,
1789,malignant squamous cell neoplasm of oral cavity (diagnosis),C0585362,0.65,
6197,glioblastoma multiforme,C1621958,0.6,
1665,acute myeloid leukemia,C0023467,0.6,
4066,acute myeloid leukemia,C0023467,0.6,
944,acute myeloid leukemia,C0023467,0.6,
2876,"lymphoma, non hodgkin's",C0024305,0.6,
4615,"lymphoma, non hodgkin's",C0024305,0.6,
4893,"lymphoma, non hodgkin's",C0024305,0.6,
673,"lymphoma, non hodgkin's",C0024305,0.6,
4921,malignant squamous cell neoplasm of oral cavity (diagnosis),C0585362,0.6,
3315,acute myeloid leukemia,C0023467,0.6,
6678,acute myeloid leukemia,C0023467,0.6,
2264,malignant squamous cell neoplasm of oral cavity (diagnosis),C0585362,0.6,
11168,acute myeloid leukemia,C0023467,0.6,
150094,glioblastoma multiforme,C1621958,0.6,
5335,cutaneous t cell lymphoma,C0079773,0.6,
2274,acute myeloid leukemia,C0023467,0.6,
3398,acute myeloid leukemia,C0023467,0.6,
7200,acute myeloid leukemia,C0023467,0.6,
10919,acute myeloid leukemia,C0023467,0.6,
5817,acute myeloid leukemia,C0023467,0.6,
55294,chronic lymphocytic leukemia,C0023434,0.6,
8795,malignant squamous cell neoplasm of oral cavity (diagnosis),C0585362,0.6,
25788,malignant neoplasm of colon,C0007102,0.6,
2356,"lymphoma, non hodgkin's",C0024305,0.6,
6046,glioblastoma multiforme,C1621958,0.6,
7037,"lymphoma, non hodgkin's",C0024305,0.6,
8600,chronic lymphocytic leukemia,C0023434,0.6,
5457,acute myeloid leukemia,C0023467,0.6,
5997,acute myeloid leukemia,C0023467,0.6,
113,acute myeloid leukemia,C0023467,0.6,
3123,"lymphoma, non hodgkin's",C0024305,0.6,
4170,cutaneous t cell lymphoma,C0079773,0.6,
875,"lymphoma, non hodgkin's",C0024305,0.6,
25,malignant squamous cell neoplasm of oral cavity (diagnosis),C0585362,0.6,
5426,malignant neoplasm of colon,C0007102,0.6,
55818,malignant neoplasm of colon,C0007102,0.6,
115761,chronic lymphocytic leukemia,C0023434,0.6,
4524,chronic lymphocytic leukemia,C0023434,0.6,
4846,acute myeloid leukemia,C0023467,0.6,
51750,acute myeloid leukemia,C0023467,0.6,
5819,acute myeloid leukemia,C0023467,0.6,
7249,acute myeloid leukemia,C0023467,0.6,
1571,"lymphoma, non hodgkin's",C0024305,0.6,
2212,"lymphoma, non hodgkin's",C0024305,0.6,
7298,"lymphoma, non hodgkin's",C0024305,0.6,
407007,malignant squamous cell neoplasm of oral cavity (diagnosis),C0585362,0.6,
407006,malignant squamous cell neoplasm of oral cavity (diagnosis),C0585362,0.6,
581,cutaneous t cell lymphoma,C0079773,0.6,
5579,glioblastoma multiforme,C1621958,0.6,
3845,chronic lymphocytic leukemia,C0023434,0.6,
481,acute myeloid leukemia,C0023467,0.6,
6777,cutaneous t cell lymphoma,C0079773,0.6,
283131,malignant neoplasm of colon,C0007102,0.6,
545,malignant neoplasm of colon,C0007102,0.6,
7516,malignant neoplasm of colon,C0007102,0.6,
8289,malignant neoplasm of colon,C0007102,0.6,
4893,chronic lymphocytic leukemia,C0023434,0.6,
5527,chronic lymphocytic leukemia,C0023434,0.6,
6470,"lymphoma, non hodgkin's",C0024305,0.6,
51341,acute myeloid leukemia,C0023467,0.6,
5604,"lymphoma, non hodgkin's",C0024305,0.6,
1471,acute myeloid leukemia,C0023467,0.6,
5743,chronic lymphocytic leukemia,C0023434,0.6,
253260,malignant neoplasm of colon,C0007102,0.6,
25788,"lymphoma, non hodgkin's",C0024305,0.6,
8438,"lymphoma, non hodgkin's",C0024305,0.6,
974,"lymphoma, non hodgkin's",C0024305,0.6,
51701,glioblastoma multiforme,C1621958,0.55,
5588,cutaneous t cell lymphoma,C0079773,0.55,
6935,cutaneous t cell lymphoma,C0079773,0.55,
2067,acute myeloid leukemia,C0023467,0.55,
51510,acute myeloid leukemia,C0023467,0.55,
7980,acute myeloid leukemia,C0023467,0.55,
472,cutaneous t cell lymphoma,C0079773,0.55,
3119,acute myeloid leukemia,C0023467,0.55,
25865,chronic lymphocytic leukemia,C0023434,0.55,
4026,acute myeloid leukemia,C0023467,0.55,
55289,chronic lymphocytic leukemia,C0023434,0.55,
57795,malignant squamous cell neoplasm of oral cavity (diagnosis),C0585362,0.55,
8140,malignant neoplasm of colon,C0007102,0.55,
10801,acute myeloid leukemia,C0023467,0.55,
10892,"lymphoma, non hodgkin's",C0024305,0.55,
9855,chronic lymphocytic leukemia,C0023434,0.55,
8289,cutaneous t cell lymphoma,C0079773,0.55,
53353,malignant neoplasm of colon,C0007102,0.55,
5606,malignant neoplasm of colon,C0007102,0.55,
3645,glioblastoma multiforme,C1621958,0.5,
2876,squamous cell carcinoma of larynx,C0280324,0.5,
3621,squamous cell carcinoma of larynx,C0280324,0.5,
1030,cutaneous t cell lymphoma,C0079773,0.5,
3265,chronic lymphocytic leukemia,C0023434,0.5,
406935,chronic lymphocytic leukemia,C0023434,0.5,
406937,chronic lymphocytic leukemia,C0023434,0.5,
10992,chronic lymphocytic leukemia,C0023434,0.5,
3685,acute myeloid leukemia,C0023467,0.5,
7421,chronic lymphocytic leukemia,C0023434,0.5,
138474,glioblastoma multiforme,C1621958,0.5,
51592,glioblastoma multiforme,C1621958,0.5,
3566,acute myeloid leukemia,C0023467,0.5,
10437,acute myeloid leukemia,C0023467,0.5,
1269,acute myeloid leukemia,C0023467,0.5,
406968,malignant neoplasm of colon,C0007102,0.5,
110806263,acute myeloid leukemia,C0023467,0.5,
55359,glioblastoma multiforme,C1621958,0.5,
26353,glioblastoma multiforme,C1621958,0.5,
7515,squamous cell carcinoma of larynx,C0280324,0.5,
2026,acute myeloid leukemia,C0023467,0.5,
375790,acute myeloid leukemia,C0023467,0.5,
54916,"lymphoma, non hodgkin's",C0024305,0.5,
673,cutaneous t cell lymphoma,C0079773,0.5,
840,acute myeloid leukemia,C0023467,0.5,
5314,malignant neoplasm of colon,C0007102,0.5,
387,cutaneous t cell lymphoma,C0079773,0.5,
407004,cutaneous t cell lymphoma,C0079773,0.5,
944,chronic lymphocytic leukemia,C0023434,0.5,
5881,acute myeloid leukemia,C0023467,0.5,
9940,acute myeloid leukemia,C0023467,0.5,
343641,acute myeloid leukemia,C0023467,0.5,
8795,squamous cell carcinoma of larynx,C0280324,0.5,
5654,malignant neoplasm of colon,C0007102,0.5,
10634,acute myeloid leukemia,C0023467,0.5,
309,acute myeloid leukemia,C0023467,0.5,
4599,acute myeloid leukemia,C0023467,0.5,
1616,malignant squamous cell neoplasm of oral cavity (diagnosis),C0585362,0.5,
366,acute myeloid leukemia,C0023467,0.5,
5893,malignant neoplasm of colon,C0007102,0.45,
9956,malignant neoplasm of colon,C0007102,0.45,
29117,acute myeloid leukemia,C0023467,0.45,
3006,acute myeloid leukemia,C0023467,0.45,
3078,acute myeloid leukemia,C0023467,0.45,
25797,chronic lymphocytic leukemia,C0023434,0.45,
134218,acute myeloid leukemia,C0023467,0.45,
4552,acute myeloid leukemia,C0023467,0.45,
23054,malignant neoplasm of colon,C0007102,0.45,
23533,malignant neoplasm of colon,C0007102,0.45,
8313,malignant squamous cell neoplasm of oral cavity (diagnosis),C0585362,0.45,
10036,malignant neoplasm of colon,C0007102,0.45,
6840,acute myeloid leukemia,C0023467,0.45,
343472,malignant squamous cell neoplasm of oral cavity (diagnosis),C0585362,0.45,
169436,glioblastoma multiforme,C1621958,0.4,
23683,glioblastoma multiforme,C1621958,0.4,
3654,glioblastoma multiforme,C1621958,0.4,
7128,cutaneous t cell lymphoma,C0079773,0.4,
115399,acute myeloid leukemia,C0023467,0.4,
3500,chronic lymphocytic leukemia,C0023434,0.4,
5423,chronic lymphocytic leukemia,C0023434,0.4,
5781,chronic lymphocytic leukemia,C0023434,0.4,
5934,chronic lymphocytic leukemia,C0023434,0.4,
11073,chronic lymphocytic leukemia,C0023434,0.4,
29949,chronic lymphocytic leukemia,C0023434,0.4,
3005,acute myeloid leukemia,C0023467,0.4,
9145,acute myeloid leukemia,C0023467,0.4,
1018,glioblastoma multiforme,C1621958,0.4,
55561,glioblastoma multiforme,C1621958,0.4,
2051,glioblastoma multiforme,C1621958,0.4,
8623,acute myeloid leukemia,C0023467,0.4,
6658,acute myeloid leukemia,C0023467,0.4,
126805749,acute myeloid leukemia,C0023467,0.4,
1522,acute myeloid leukemia,C0023467,0.4,
1902,acute myeloid leukemia,C0023467,0.4,
10489,"lymphoma, non hodgkin's",C0024305,0.4,
387,"lymphoma, non hodgkin's",C0024305,0.4,
10000,malignant neoplasm of colon,C0007102,0.4,
8626,malignant neoplasm of colon,C0007102,0.4,
6794,carcinoma of ovary,C0346161,0.4,
999,carcinoma of ovary,C0346161,0.4,
5782,malignant neoplasm of colon,C0007102,0.4,
10664,cutaneous t cell lymphoma,C0079773,0.4,
3662,cutaneous t cell lymphoma,C0079773,0.4,
8445,glioblastoma multiforme,C1621958,0.4,
55654,acute myeloid leukemia,C0023467,0.4,
60468,acute myeloid leukemia,C0023467,0.4,
81552,acute myeloid leukemia,C0023467,0.4,
126807619,acute myeloid leukemia,C0023467,0.4,
11172,acute myeloid leukemia,C0023467,0.4,
57761,glioblastoma multiforme,C1621958,0.4,
84464,glioblastoma multiforme,C1621958,0.4,
5164,glioblastoma multiforme,C1621958,0.4,
3575,malignant neoplasm of colon,C0007102,0.4,
10131,her2-positive carcinoma of breast,C1960398,0.4,
1773,her2-positive carcinoma of breast,C1960398,0.4,
1788,cutaneous t cell lymphoma,C0079773,0.4,
5142,acute myeloid leukemia,C0023467,0.4,
6446,acute myeloid leukemia,C0023467,0.4,
6919,acute myeloid leukemia,C0023467,0.4,
7837,acute myeloid leukemia,C0023467,0.4,
824,acute myeloid leukemia,C0023467,0.4,
100533107,acute myeloid leukemia,C0023467,0.4,
10992,acute myeloid leukemia,C0023467,0.4,
11326,acute myeloid leukemia,C0023467,0.4,
126861451,acute myeloid leukemia,C0023467,0.4,
1512,acute myeloid leukemia,C0023467,0.4,
1880,acute myeloid leukemia,C0023467,0.4,
2177,acute myeloid leukemia,C0023467,0.4,
2969,acute myeloid leukemia,C0023467,0.4,
30845,acute myeloid leukemia,C0023467,0.4,
635,"lymphoma, non hodgkin's",C0024305,0.4,
126862571,"malignant neoplasm of peritoneum, unspecified",C0153467,0.4,
6733,glioblastoma multiforme,C1621958,0.4,
7867,glioblastoma multiforme,C1621958,0.4,
2986,glioblastoma multiforme,C1621958,0.4,
5783,malignant neoplasm of colon,C0007102,0.4,
64506,chronic lymphocytic leukemia,C0023434,0.4,
115399,chronic lymphocytic leukemia,C0023434,0.4,
100507346,acute myeloid leukemia,C0023467,0.4,
107303338,acute myeloid leukemia,C0023467,0.4,
129934333,acute myeloid leukemia,C0023467,0.4,
130064183,acute myeloid leukemia,C0023467,0.4,
307,acute myeloid leukemia,C0023467,0.4,
3817,acute myeloid leukemia,C0023467,0.4,
53826,acute myeloid leukemia,C0023467,0.4,
6281,acute myeloid leukemia,C0023467,0.4,
7204,acute myeloid leukemia,C0023467,0.4,
7248,acute myeloid leukemia,C0023467,0.4,
7280,acute myeloid leukemia,C0023467,0.4,
7422,multiple myeloma,C0026764,1.0,
608,multiple myeloma,C0026764,1.0,
595,multiple myeloma,C0026764,1.0,
7157,multiple myeloma,C0026764,1.0,
1440,multiple myeloma,C0026764,0.95,
1029,multiple myeloma,C0026764,0.95,
3569,multiple myeloma,C0026764,0.95,
596,multiple myeloma,C0026764,0.95,
3845,multiple myeloma,C0026764,0.95,
3662,multiple myeloma,C0026764,0.9,
4893,multiple myeloma,C0026764,0.9,
3383,multiple myeloma,C0026764,0.9,
3586,multiple myeloma,C0026764,0.9,
567,multiple myeloma,C0026764,0.9,
51185,multiple myeloma,C0026764,0.9,
3553,multiple myeloma,C0026764,0.9,
2261,multiple myeloma,C0026764,0.9,
942,multiple myeloma,C0026764,0.85,
6696,multiple myeloma,C0026764,0.85,
4582,multiple myeloma,C0026764,0.85,
5290,multiple myeloma,C0026764,0.85,
4170,multiple myeloma,C0026764,0.85,
7124,multiple myeloma,C0026764,0.85,
673,multiple myeloma,C0026764,0.85,
142,multiple myeloma,C0026764,0.85,
4233,multiple myeloma,C0026764,0.8,
598,multiple myeloma,C0026764,0.8,
7040,multiple myeloma,C0026764,0.8,
3981,multiple myeloma,C0026764,0.8,
1728,multiple myeloma,C0026764,0.8,
1437,multiple myeloma,C0026764,0.8,
10017,multiple myeloma,C0026764,0.8,
5744,multiple myeloma,C0026764,0.75,
23492,multiple myeloma,C0026764,0.75,
23495,multiple myeloma,C0026764,0.75,
7037,multiple myeloma,C0026764,0.75,
3557,multiple myeloma,C0026764,0.75,
22894,multiple myeloma,C0026764,0.75,
959,multiple myeloma,C0026764,0.75,
958,multiple myeloma,C0026764,0.75,
4524,multiple myeloma,C0026764,0.75,
6790,multiple myeloma,C0026764,0.75,
1019,multiple myeloma,C0026764,0.75,
4792,multiple myeloma,C0026764,0.75,
472,multiple myeloma,C0026764,0.75,
2266,multiple myeloma,C0026764,0.7,
9429,multiple myeloma,C0026764,0.7,
2944,multiple myeloma,C0026764,0.7,
7298,multiple myeloma,C0026764,0.7,
7517,multiple myeloma,C0026764,0.7,
2052,multiple myeloma,C0026764,0.7,
3265,multiple myeloma,C0026764,0.7,
6648,multiple myeloma,C0026764,0.7,
2952,multiple myeloma,C0026764,0.7,
7528,multiple myeloma,C0026764,0.65,
10413,multiple myeloma,C0026764,0.65,
1493,multiple myeloma,C0026764,0.65,
1636,multiple myeloma,C0026764,0.65,
2212,multiple myeloma,C0026764,0.65,
3566,multiple myeloma,C0026764,0.65,
54986,multiple myeloma,C0026764,0.65,
1557,multiple myeloma,C0026764,0.65,
2322,multiple myeloma,C0026764,0.65,
4552,multiple myeloma,C0026764,0.65,
54890,multiple myeloma,C0026764,0.65,
57510,multiple myeloma,C0026764,0.65,
7518,multiple myeloma,C0026764,0.65,
7520,multiple myeloma,C0026764,0.65,
3552,multiple myeloma,C0026764,0.65,
3315,multiple myeloma,C0026764,0.65,
6678,multiple myeloma,C0026764,0.65,
3077,multiple myeloma,C0026764,0.65,
3394,multiple myeloma,C0026764,0.65,
4548,multiple myeloma,C0026764,0.65,
1543,multiple myeloma,C0026764,0.65,
406979,multiple myeloma,C0026764,0.65,
4210,multiple myeloma,C0026764,0.65,
54790,multiple myeloma,C0026764,0.65,
56339,multiple myeloma,C0026764,0.65,
5781,multiple myeloma,C0026764,0.65,
9612,multiple myeloma,C0026764,0.6,
2068,multiple myeloma,C0026764,0.6,
10849,multiple myeloma,C0026764,0.6,
1540,multiple myeloma,C0026764,0.6,
5196,multiple myeloma,C0026764,0.6,
1788,multiple myeloma,C0026764,0.6,
9891,multiple myeloma,C0026764,0.6,
2950,multiple myeloma,C0026764,0.6,
1031,multiple myeloma,C0026764,0.6,
944,multiple myeloma,C0026764,0.6,
8797,multiple myeloma,C0026764,0.6,
6446,multiple myeloma,C0026764,0.6,
6347,multiple myeloma,C0026764,0.6,
4615,multiple myeloma,C0026764,0.6,
664,multiple myeloma,C0026764,0.6,
10419,multiple myeloma,C0026764,0.6,
3105,multiple myeloma,C0026764,0.6,
8085,multiple myeloma,C0026764,0.6,
23532,multiple myeloma,C0026764,0.6,
9759,multiple myeloma,C0026764,0.6,
3098,multiple myeloma,C0026764,0.55,
5444,multiple myeloma,C0026764,0.55,
2876,multiple myeloma,C0026764,0.55,
58508,multiple myeloma,C0026764,0.5,
6929,multiple myeloma,C0026764,0.5,
407037,multiple myeloma,C0026764,0.5,
3417,multiple myeloma,C0026764,0.5,
3418,multiple myeloma,C0026764,0.5,
407018,multiple myeloma,C0026764,0.5,
1387,multiple myeloma,C0026764,0.5,
3575,multiple myeloma,C0026764,0.5,
407048,multiple myeloma,C0026764,0.5,
2878,multiple myeloma,C0026764,0.5,
5296,multiple myeloma,C0026764,0.5,
675,multiple myeloma,C0026764,0.5,
9401,multiple myeloma,C0026764,0.4,
54915,multiple myeloma,C0026764,0.4,
5926,multiple myeloma,C0026764,0.4,
2195,multiple myeloma,C0026764,0.4,
105371251,multiple myeloma,C0026764,0.4,
1964,multiple myeloma,C0026764,0.4,
10019,multiple myeloma,C0026764,0.4,
2067,multiple myeloma,C0026764,0.4,
5947,multiple myeloma,C0026764,0.4,
694,multiple myeloma,C0026764,0.4,
8332,multiple myeloma,C0026764,0.4,
8350,multiple myeloma,C0026764,0.4,
9113,multiple myeloma,C0026764,0.4,
104384744,multiple myeloma,C0026764,0.4,
130068308,multiple myeloma,C0026764,0.4,
170680,multiple myeloma,C0026764,0.4,
200424,multiple myeloma,C0026764,0.4,
253970,multiple myeloma,C0026764,0.4,
25939,multiple myeloma,C0026764,0.4,
348,multiple myeloma,C0026764,0.4,
4486,multiple myeloma,C0026764,0.4,
4763,multiple myeloma,C0026764,0.4,
7080,multiple myeloma,C0026764,0.4,
8242,multiple myeloma,C0026764,0.4,
8314,multiple myeloma,C0026764,0.4,
8336,multiple myeloma,C0026764,0.4,
57721,multiple myeloma,C0026764,0.4,
580,multiple myeloma,C0026764,0.4,
130063979,multiple myeloma,C0026764,0.4,
286530,multiple myeloma,C0026764,0.4,
3078,multiple myeloma,C0026764,0.4,
51095,multiple myeloma,C0026764,0.4,
115399,multiple myeloma,C0026764,0.4,
2077,multiple myeloma,C0026764,0.4,
23269,multiple myeloma,C0026764,0.4,
3008,multiple myeloma,C0026764,0.4,
6091,multiple myeloma,C0026764,0.4,
6256,multiple myeloma,C0026764,0.4,
63035,multiple myeloma,C0026764,0.4,
7188,multiple myeloma,C0026764,0.4,
604,diffuse histiocytic lymphoma,C0079744,1.0,
7157,diffuse histiocytic lymphoma,C0079744,1.0,
4615,diffuse histiocytic lymphoma,C0079744,1.0,
84433,diffuse histiocytic lymphoma,C0079744,0.95,
673,hairy cell leukemias,C0023443,0.95,
4609,diffuse histiocytic lymphoma,C0079744,0.95,
596,diffuse histiocytic lymphoma,C0079744,0.95,
2146,diffuse histiocytic lymphoma,C0079744,0.95,
974,diffuse histiocytic lymphoma,C0079744,0.95,
7157,"glioma, malignant",C0555198,0.85,
5728,"glioma, malignant",C0555198,0.85,
695,diffuse histiocytic lymphoma,C0079744,0.85,
6774,diffuse histiocytic lymphoma,C0079744,0.85,
1950,"glioma, malignant",C0555198,0.8,
3417,"glioma, malignant",C0555198,0.8,
1029,"glioma, malignant",C0555198,0.8,
2064,"glioma, malignant",C0555198,0.8,
5155,"glioma, malignant",C0555198,0.8,
6850,diffuse histiocytic lymphoma,C0079744,0.8,
2308,diffuse histiocytic lymphoma,C0079744,0.8,
973,diffuse histiocytic lymphoma,C0079744,0.8,
1387,diffuse histiocytic lymphoma,C0079744,0.75,
595,"glioma, malignant",C0555198,0.75,
4255,"glioma, malignant",C0555198,0.75,
1029,diffuse histiocytic lymphoma,C0079744,0.75,
8085,diffuse histiocytic lymphoma,C0079744,0.75,
9429,diffuse histiocytic lymphoma,C0079744,0.75,
5728,diffuse histiocytic lymphoma,C0079744,0.75,
10892,diffuse histiocytic lymphoma,C0079744,0.75,
4192,"glioma, malignant",C0555198,0.75,
5294,diffuse histiocytic lymphoma,C0079744,0.75,
7015,"glioma, malignant",C0555198,0.75,
7015,malignant neoplasm of brain,C0153633,0.75,
933,diffuse histiocytic lymphoma,C0079744,0.75,
238,diffuse histiocytic lymphoma,C0079744,0.75,
5290,diffuse histiocytic lymphoma,C0079744,0.75,
7124,"glioma, malignant",C0555198,0.75,
472,malignant neoplasm of brain,C0153633,0.75,
2952,diffuse histiocytic lymphoma,C0079744,0.7,
1788,diffuse histiocytic lymphoma,C0079744,0.7,
5604,hairy cell leukemias,C0023443,0.7,
23446,"glioma, malignant",C0555198,0.7,
546,"glioma, malignant",C0555198,0.7,
5243,diffuse histiocytic lymphoma,C0079744,0.7,
355,diffuse histiocytic lymphoma,C0079744,0.7,
958,diffuse histiocytic lymphoma,C0079744,0.7,
3265,"glioma, malignant",C0555198,0.7,
8743,"glioma, malignant",C0555198,0.7,
8651,diffuse histiocytic lymphoma,C0079744,0.7,
567,diffuse histiocytic lymphoma,C0079744,0.7,
673,"glioma, malignant",C0555198,0.7,
2950,"glioma, malignant",C0555198,0.7,
1634,"glioma, malignant",C0555198,0.65,
2260,"glioma, malignant",C0555198,0.65,
3480,"glioma, malignant",C0555198,0.65,
3586,"glioma, malignant",C0555198,0.65,
2067,"glioma, malignant",C0555198,0.65,
2056,"glioma, malignant",C0555198,0.65,
4763,"glioma, malignant",C0555198,0.65,
4524,diffuse histiocytic lymphoma,C0079744,0.65,
847,diffuse histiocytic lymphoma,C0079744,0.65,
5578,"glioma, malignant",C0555198,0.65,
4914,"glioma, malignant",C0555198,0.65,
50615,diffuse histiocytic lymphoma,C0079744,0.65,
10628,diffuse histiocytic lymphoma,C0079744,0.65,
6696,"glioma, malignant",C0555198,0.65,
2057,"glioma, malignant",C0555198,0.65,
2950,diffuse histiocytic lymphoma,C0079744,0.65,
6648,diffuse histiocytic lymphoma,C0079744,0.65,
79718,diffuse histiocytic lymphoma,C0079744,0.65,
22809,"glioma, malignant",C0555198,0.65,
90,"glioma, malignant",C0555198,0.65,
6528,"glioma, malignant",C0555198,0.65,
6198,diffuse histiocytic lymphoma,C0079744,0.6,
10419,diffuse histiocytic lymphoma,C0079744,0.6,
472,"glioma, malignant",C0555198,0.6,
11200,diffuse histiocytic lymphoma,C0079744,0.6,
5170,diffuse histiocytic lymphoma,C0079744,0.6,
2668,"glioma, malignant",C0555198,0.6,
51750,"glioma, malignant",C0555198,0.6,
6502,diffuse histiocytic lymphoma,C0079744,0.6,
673,diffuse histiocytic lymphoma,C0079744,0.6,
983,diffuse histiocytic lymphoma,C0079744,0.6,
5291,diffuse histiocytic lymphoma,C0079744,0.6,
648,"glioma, malignant",C0555198,0.6,
1030,"glioma, malignant",C0555198,0.6,
8493,"glioma, malignant",C0555198,0.6,
5743,"glioma, malignant",C0555198,0.6,
2120,diffuse histiocytic lymphoma,C0079744,0.6,
3020,"glioma, malignant",C0555198,0.6,
2212,diffuse histiocytic lymphoma,C0079744,0.6,
1026,"glioma, malignant",C0555198,0.6,
5293,diffuse histiocytic lymphoma,C0079744,0.6,
2944,diffuse histiocytic lymphoma,C0079744,0.6,
3558,"glioma, malignant",C0555198,0.6,
5905,diffuse histiocytic lymphoma,C0079744,0.6,
2735,diffuse histiocytic lymphoma,C0079744,0.6,
1116,"glioma, malignant",C0555198,0.6,
3105,"glioma, malignant",C0555198,0.6,
4915,"glioma, malignant",C0555198,0.6,
6098,"glioma, malignant",C0555198,0.6,
2247,"glioma, malignant",C0555198,0.6,
5347,"glioma, malignant",C0555198,0.6,
847,"glioma, malignant",C0555198,0.6,
7515,"glioma, malignant",C0555198,0.6,
1021,"glioma, malignant",C0555198,0.55,
2323,"glioma, malignant",C0555198,0.55,
2068,"glioma, malignant",C0555198,0.55,
7517,"glioma, malignant",C0555198,0.55,
3981,"glioma, malignant",C0555198,0.55,
23512,"glioma, malignant",C0555198,0.55,
5604,"glioma, malignant",C0555198,0.55,
4683,diffuse histiocytic lymphoma,C0079744,0.5,
5395,diffuse histiocytic lymphoma,C0079744,0.5,
100048912,malignant neoplasm of brain,C0153633,0.5,
1181,"glioma, malignant",C0555198,0.5,
4916,"glioma, malignant",C0555198,0.5,
5819,diffuse histiocytic lymphoma,C0079744,0.5,
1213,diffuse histiocytic lymphoma,C0079744,0.5,
482,"glioma, malignant",C0555198,0.5,
1182,"glioma, malignant",C0555198,0.5,
3593,"glioma, malignant",C0555198,0.5,
79080,diffuse histiocytic lymphoma,C0079744,0.5,
56981,diffuse histiocytic lymphoma,C0079744,0.5,
3925,"glioma, malignant",C0555198,0.5,
137196,"glioma, malignant",C0555198,0.5,
2944,"glioma, malignant",C0555198,0.5,
2876,hairy cell leukemias,C0023443,0.45,
675,"glioma, malignant",C0555198,0.45,
954,"glioma, malignant",C0555198,0.45,
1571,"glioma, malignant",C0555198,0.45,
2073,"glioma, malignant",C0555198,0.45,
5154,"glioma, malignant",C0555198,0.45,
55191,"glioma, malignant",C0555198,0.45,
55553,"glioma, malignant",C0555198,0.45,
10765,"glioma, malignant",C0555198,0.45,
10036,"glioma, malignant",C0555198,0.45,
2947,"glioma, malignant",C0555198,0.45,
22872,diffuse histiocytic lymphoma,C0079744,0.4,
4763,diffuse histiocytic lymphoma,C0079744,0.4,
10291,diffuse histiocytic lymphoma,C0079744,0.4,
64434,diffuse histiocytic lymphoma,C0079744,0.4,
675,diffuse histiocytic lymphoma,C0079744,0.4,
1233,"glioma, malignant",C0555198,0.4,
3491,"glioma, malignant",C0555198,0.4,
4602,"glioma, malignant",C0555198,0.4,
4638,"glioma, malignant",C0555198,0.4,
5894,"glioma, malignant",C0555198,0.4,
7153,"glioma, malignant",C0555198,0.4,
6649,diffuse histiocytic lymphoma,C0079744,0.4,
10938,"glioma, malignant",C0555198,0.4,
160140,"glioma, malignant",C0555198,0.4,
1657,"glioma, malignant",C0555198,0.4,
2495,"glioma, malignant",C0555198,0.4,
6455,"glioma, malignant",C0555198,0.4,
10935,diffuse histiocytic lymphoma,C0079744,0.4,
9636,"glioma, malignant",C0555198,0.4,
154810,"glioma, malignant",C0555198,0.4,
4049,"glioma, malignant",C0555198,0.4,
79366,"glioma, malignant",C0555198,0.4,
10549,diffuse histiocytic lymphoma,C0079744,0.4,
137196,malignant neoplasm of brain,C0153633,0.4,
944,hairy cell leukemias,C0023443,0.4,
54739,"glioma, malignant",C0555198,0.4,
7494,"glioma, malignant",C0555198,0.4,
79631,"glioma, malignant",C0555198,0.4,
9444,"glioma, malignant",C0555198,0.4,
11170,"glioma, malignant",C0555198,0.4,
23362,"glioma, malignant",C0555198,0.4,
347,"glioma, malignant",C0555198,0.4,
59341,"glioma, malignant",C0555198,0.4,
83943,diffuse histiocytic lymphoma,C0079744,0.4,
10286,diffuse histiocytic lymphoma,C0079744,0.4,
1184,"glioma, malignant",C0555198,0.4,
23187,"glioma, malignant",C0555198,0.4,
23650,"glioma, malignant",C0555198,0.4,
3237,"glioma, malignant",C0555198,0.4,
3592,"glioma, malignant",C0555198,0.4,
4603,"glioma, malignant",C0555198,0.4,
5460,"glioma, malignant",C0555198,0.4,
55294,"glioma, malignant",C0555198,0.4,
6647,"glioma, malignant",C0555198,0.4,
7037,"glioma, malignant",C0555198,0.4,
1950,"carcinoma, non small cell lung",C0007131,1.0,
5290,"carcinoma, non small cell lung",C0007131,1.0,
3091,"carcinoma, non small cell lung",C0007131,1.0,
4286,melanoma,C0025202,1.0,
673,melanoma,C0025202,1.0,
207,"carcinoma, non small cell lung",C0007131,1.0,
4893,melanoma,C0025202,1.0,
5728,"carcinoma, non small cell lung",C0007131,1.0,
7422,"carcinoma, non small cell lung",C0007131,1.0,
5728,melanoma,C0025202,1.0,
4233,"carcinoma, non small cell lung",C0007131,1.0,
3845,"carcinoma, non small cell lung",C0007131,1.0,
7299,melanoma,C0025202,1.0,
1956,squamous cell carcinoma,C0007137,1.0,
5243,"carcinoma, non small cell lung",C0007131,1.0,
7157,squamous cell carcinoma,C0007137,1.0,
7157,"carcinoma, non small cell lung",C0007131,1.0,
673,"carcinoma, non small cell lung",C0007131,1.0,
5609,"carcinoma, non small cell lung",C0007131,1.0,
1019,melanoma,C0025202,1.0,
2064,"carcinoma, non small cell lung",C0007131,1.0,
1956,"carcinoma, non small cell lung",C0007131,1.0,
7157,melanoma,C0025202,1.0,
1493,melanoma,C0025202,1.0,
3791,"carcinoma, non small cell lung",C0007131,1.0,
2067,"carcinoma, non small cell lung",C0007131,1.0,
4790,"carcinoma, non small cell lung",C0007131,1.0,
4157,melanoma,C0025202,1.0,
7015,melanoma,C0025202,1.0,
595,squamous cell carcinoma,C0007137,1.0,
4790,melanoma,C0025202,1.0,
1029,melanoma,C0025202,1.0,
1029,squamous cell carcinoma,C0007137,1.0,
4609,"carcinoma, non small cell lung",C0007131,0.95,
6098,"carcinoma, non small cell lung",C0007131,0.95,
6490,melanoma,C0025202,0.95,
3265,squamous cell carcinoma,C0007137,0.95,
29126,melanoma,C0025202,0.95,
2065,"carcinoma, non small cell lung",C0007131,0.95,
3558,melanoma,C0025202,0.95,
3815,melanoma,C0025202,0.95,
6774,"carcinoma, non small cell lung",C0007131,0.95,
7124,melanoma,C0025202,0.95,
4780,"carcinoma, non small cell lung",C0007131,0.95,
3458,melanoma,C0025202,0.95,
1728,"carcinoma, non small cell lung",C0007131,0.95,
3845,squamous cell carcinoma,C0007137,0.95,
332,"carcinoma, non small cell lung",C0007131,0.95,
7422,squamous cell carcinoma,C0007137,0.95,
3439,melanoma,C0025202,0.95,
2475,"carcinoma, non small cell lung",C0007131,0.95,
5133,melanoma,C0025202,0.95,
238,"carcinoma, non small cell lung",C0007131,0.95,
6794,"carcinoma, non small cell lung",C0007131,0.95,
595,"carcinoma, non small cell lung",C0007131,0.95,
5443,melanoma,C0025202,0.95,
5743,"carcinoma, non small cell lung",C0007131,0.95,
5290,squamous cell carcinoma,C0007137,0.95,
675,melanoma,C0025202,0.95,
1029,pancreatic adenocarcinoma,C0281361,0.9,
23532,melanoma,C0025202,0.9,
142,melanoma,C0025202,0.9,
207,melanoma,C0025202,0.9,
2776,melanoma,C0025202,0.9,
2066,melanoma,C0025202,0.9,
673,"cancer, lung",C0242379,0.9,
2950,"carcinoma, non small cell lung",C0007131,0.9,
836,"carcinoma, non small cell lung",C0007131,0.9,
3845,pancreatic adenocarcinoma,C0281361,0.9,
2321,melanoma,C0025202,0.9,
1786,"carcinoma, non small cell lung",C0007131,0.9,
2260,"carcinoma, non small cell lung",C0007131,0.9,
445,melanoma,C0025202,0.9,
5604,"carcinoma, non small cell lung",C0007131,0.9,
472,"carcinoma, non small cell lung",C0007131,0.9,
6774,squamous cell carcinoma,C0007137,0.9,
2950,squamous cell carcinoma,C0007137,0.9,
3845,"cancer, lung",C0242379,0.9,
5604,melanoma,C0025202,0.9,
7421,squamous cell carcinoma,C0007137,0.9,
1029,"carcinoma, non small cell lung",C0007131,0.9,
6794,"cancer, lung",C0242379,0.9,
842,"carcinoma, non small cell lung",C0007131,0.9,
5290,melanoma,C0025202,0.9,
7124,"carcinoma, non small cell lung",C0007131,0.9,
2767,melanoma,C0025202,0.9,
7015,"carcinoma, non small cell lung",C0007131,0.9,
5894,melanoma,C0025202,0.9,
6657,squamous cell carcinoma,C0007137,0.9,
2064,"cancer, lung",C0242379,0.85,
356,melanoma,C0025202,0.85,
1956,"cancer, lung",C0242379,0.85,
999,squamous cell carcinoma,C0007137,0.85,
7099,melanoma,C0025202,0.85,
238,"cancer, lung",C0242379,0.85,
1499,melanoma,C0025202,0.85,
4318,"carcinoma, non small cell lung",C0007131,0.85,
5290,"cancer, lung",C0242379,0.85,
5594,melanoma,C0025202,0.85,
27436,"carcinoma, non small cell lung",C0007131,0.85,
1012,"carcinoma, non small cell lung",C0007131,0.85,
3265,melanoma,C0025202,0.85,
4233,melanoma,C0025202,0.85,
5747,squamous cell carcinoma,C0007137,0.85,
768,"carcinoma, non small cell lung",C0007131,0.85,
7421,melanoma,C0025202,0.85,
3569,squamous cell carcinoma,C0007137,0.85,
4893,"carcinoma, non small cell lung",C0007131,0.85,
4804,melanoma,C0025202,0.85,
3586,"carcinoma, non small cell lung",C0007131,0.85,
5595,squamous cell carcinoma,C0007137,0.85,
2315,melanoma,C0025202,0.85,
6790,melanoma,C0025202,0.85,
3815,"carcinoma, non small cell lung",C0007131,0.85,
5743,squamous cell carcinoma,C0007137,0.85,
3553,"carcinoma, non small cell lung",C0007131,0.85,
1437,melanoma,C0025202,0.85,
9817,"carcinoma, non small cell lung",C0007131,0.85,
332,squamous cell carcinoma,C0007137,0.85,
3456,melanoma,C0025202,0.85,
4233,squamous cell carcinoma,C0007137,0.85,
7424,melanoma,C0025202,0.85,
3558,squamous cell carcinoma,C0007137,0.85,
780,"carcinoma, non small cell lung",C0007131,0.85,
374,"carcinoma, non small cell lung",C0007131,0.85,
4780,squamous cell carcinoma,C0007137,0.85,
2264,"carcinoma, non small cell lung",C0007131,0.85,
3958,melanoma,C0025202,0.85,
25913,melanoma,C0025202,0.8,
207,squamous cell carcinoma,C0007137,0.8,
4193,melanoma,C0025202,0.8,
847,melanoma,C0025202,0.8,
2272,squamous cell carcinoma,C0007137,0.8,
4089,pancreatic adenocarcinoma,C0281361,0.8,
1869,"carcinoma, non small cell lung",C0007131,0.8,
6794,melanoma,C0025202,0.8,
7157,pancreatic adenocarcinoma,C0281361,0.8,
4170,"carcinoma, non small cell lung",C0007131,0.8,
4318,squamous cell carcinoma,C0007137,0.8,
6597,"carcinoma, non small cell lung",C0007131,0.8,
5328,"carcinoma, non small cell lung",C0007131,0.8,
4507,melanoma,C0025202,0.8,
4436,"carcinoma, non small cell lung",C0007131,0.8,
2099,"carcinoma, non small cell lung",C0007131,0.8,
652,melanoma,C0025202,0.8,
1021,"carcinoma, non small cell lung",C0007131,0.8,
7515,"carcinoma, non small cell lung",C0007131,0.8,
355,melanoma,C0025202,0.8,
11186,"carcinoma, non small cell lung",C0007131,0.8,
6696,"carcinoma, non small cell lung",C0007131,0.8,
6696,melanoma,C0025202,0.8,
51151,melanoma,C0025202,0.8,
3688,"carcinoma, non small cell lung",C0007131,0.8,
2272,"carcinoma, non small cell lung",C0007131,0.8,
5915,"carcinoma, non small cell lung",C0007131,0.8,
356,"carcinoma, non small cell lung",C0007131,0.8,
864,"carcinoma, non small cell lung",C0007131,0.8,
324,squamous cell carcinoma,C0007137,0.8,
6317,squamous cell carcinoma,C0007137,0.8,
3265,"carcinoma, non small cell lung",C0007131,0.8,
2026,"carcinoma, non small cell lung",C0007131,0.8,
891,"carcinoma, non small cell lung",C0007131,0.8,
1545,squamous cell carcinoma,C0007137,0.8,
1440,"carcinoma, non small cell lung",C0007131,0.8,
672,"carcinoma, non small cell lung",C0007131,0.8,
6240,"carcinoma, non small cell lung",C0007131,0.8,
2944,squamous cell carcinoma,C0007137,0.75,
3621,squamous cell carcinoma,C0007137,0.75,
2034,"carcinoma, non small cell lung",C0007131,0.75,
23028,"carcinoma, non small cell lung",C0007131,0.75,
5591,squamous cell carcinoma,C0007137,0.75,
25,melanoma,C0025202,0.75,
2950,melanoma,C0025202,0.75,
374,squamous cell carcinoma,C0007137,0.75,
4780,"cancer, lung",C0242379,0.75,
558,"carcinoma, non small cell lung",C0007131,0.75,
7040,squamous cell carcinoma,C0007137,0.75,
472,"cancer, lung",C0242379,0.75,
22914,melanoma,C0025202,0.75,
1869,melanoma,C0025202,0.75,
2305,"carcinoma, non small cell lung",C0007131,0.75,
2597,squamous cell carcinoma,C0007137,0.75,
1017,melanoma,C0025202,0.75,
672,malignant neoplasm of cervix uteri,C0007847,0.75,
6275,melanoma,C0025202,0.75,
5894,"carcinoma, non small cell lung",C0007131,0.75,
2309,"carcinoma, non small cell lung",C0007131,0.75,
472,squamous cell carcinoma,C0007137,0.75,
51741,squamous cell carcinoma,C0007137,0.75,
1493,squamous cell carcinoma,C0007137,0.75,
2068,squamous cell carcinoma,C0007137,0.75,
7161,"carcinoma, non small cell lung",C0007131,0.75,
7515,malignant neoplasm of cervix uteri,C0007847,0.75,
3553,malignant neoplasm of cervix uteri,C0007847,0.75,
4921,squamous cell carcinoma,C0007137,0.75,
1591,"carcinoma, non small cell lung",C0007131,0.75,
3659,"carcinoma, non small cell lung",C0007131,0.75,
4312,"carcinoma, non small cell lung",C0007131,0.75,
5594,squamous cell carcinoma,C0007137,0.75,
4854,"carcinoma, non small cell lung",C0007131,0.75,
328,melanoma,C0025202,0.75,
9518,melanoma,C0025202,0.75,
2260,squamous cell carcinoma,C0007137,0.75,
57492,"carcinoma, non small cell lung",C0007131,0.75,
5879,melanoma,C0025202,0.75,
4437,"carcinoma, non small cell lung",C0007131,0.75,
1244,"carcinoma, non small cell lung",C0007131,0.75,
3861,squamous cell carcinoma,C0007137,0.75,
467,"carcinoma, non small cell lung",C0007131,0.75,
10013,melanoma,C0025202,0.75,
675,"cancer, lung",C0242379,0.75,
672,"cancer, lung",C0242379,0.75,
3557,"carcinoma, non small cell lung",C0007131,0.75,
2068,melanoma,C0025202,0.75,
3371,melanoma,C0025202,0.75,
4241,melanoma,C0025202,0.75,
434,melanoma,C0025202,0.75,
5537,melanoma,C0025202,0.75,
10000,melanoma,C0025202,0.75,
5925,"carcinoma, non small cell lung",C0007131,0.75,
2185,melanoma,C0025202,0.75,
5468,melanoma,C0025202,0.75,
407008,"carcinoma, non small cell lung",C0007131,0.75,
928,"carcinoma, non small cell lung",C0007131,0.75,
57016,melanoma,C0025202,0.75,
7039,"carcinoma, non small cell lung",C0007131,0.75,
4089,"cancer, lung",C0242379,0.75,
340273,melanoma,C0025202,0.75,
3303,melanoma,C0025202,0.75,
1019,"carcinoma, non small cell lung",C0007131,0.75,
7306,melanoma,C0025202,0.75,
1436,"carcinoma, non small cell lung",C0007131,0.75,
472,melanoma,C0025202,0.75,
4763,melanoma,C0025202,0.75,
841,"carcinoma, non small cell lung",C0007131,0.75,
5071,"cancer, lung",C0242379,0.75,
6794,squamous cell carcinoma,C0007137,0.75,
10855,melanoma,C0025202,0.75,
2810,squamous cell carcinoma,C0007137,0.75,
4851,squamous cell carcinoma,C0007137,0.75,
8626,squamous cell carcinoma,C0007137,0.75,
2952,malignant neoplasm of cervix uteri,C0007847,0.75,
958,melanoma,C0025202,0.75,
5743,melanoma,C0025202,0.75,
978,"carcinoma, non small cell lung",C0007131,0.75,
5290,pancreatic adenocarcinoma,C0281361,0.75,
55743,"carcinoma, non small cell lung",C0007131,0.75,
4524,malignant neoplasm of cervix uteri,C0007847,0.75,
2194,melanoma,C0025202,0.75,
5727,squamous cell carcinoma,C0007137,0.75,
6648,squamous cell carcinoma,C0007137,0.75,
7465,"carcinoma, non small cell lung",C0007131,0.75,
682,melanoma,C0025202,0.75,
4609,squamous cell carcinoma,C0007137,0.75,
1136,"carcinoma, non small cell lung",C0007131,0.75,
1499,pancreatic adenocarcinoma,C0281361,0.75,
11200,"cancer, lung",C0242379,0.75,
3552,"carcinoma, non small cell lung",C0007131,0.75,
3575,"carcinoma, non small cell lung",C0007131,0.75,
2944,malignant neoplasm of cervix uteri,C0007847,0.75,
9869,melanoma,C0025202,0.75,
4771,melanoma,C0025202,0.75,
202,melanoma,C0025202,0.75,
2321,squamous cell carcinoma,C0007137,0.75,
3717,"carcinoma, non small cell lung",C0007131,0.75,
1571,"carcinoma, non small cell lung",C0007131,0.75,
1890,"carcinoma, non small cell lung",C0007131,0.75,
2068,"carcinoma, non small cell lung",C0007131,0.75,
5605,melanoma,C0025202,0.75,
6098,squamous cell carcinoma,C0007137,0.75,
5478,"carcinoma, non small cell lung",C0007131,0.75,
5925,squamous cell carcinoma,C0007137,0.75,
3716,"carcinoma, non small cell lung",C0007131,0.75,
7124,malignant neoplasm of cervix uteri,C0007847,0.75,
11200,melanoma,C0025202,0.75,
4193,"carcinoma, non small cell lung",C0007131,0.75,
26227,melanoma,C0025202,0.75,
7161,malignant neoplasm of cervix uteri,C0007847,0.75,
23532,"carcinoma, non small cell lung",C0007131,0.7,
308,squamous cell carcinoma,C0007137,0.7,
6347,squamous cell carcinoma,C0007137,0.7,
3570,"carcinoma, non small cell lung",C0007131,0.7,
54658,"carcinoma, non small cell lung",C0007131,0.7,
847,"carcinoma, non small cell lung",C0007131,0.7,
5970,"carcinoma, non small cell lung",C0007131,0.7,
324,"carcinoma, non small cell lung",C0007131,0.7,
8635,melanoma,C0025202,0.7,
5156,melanoma,C0025202,0.7,
3713,squamous cell carcinoma,C0007137,0.7,
355,squamous cell carcinoma,C0007137,0.7,
8841,"carcinoma, non small cell lung",C0007131,0.7,
406938,"carcinoma, non small cell lung",C0007131,0.7,
330,"carcinoma, non small cell lung",C0007131,0.7,
5909,melanoma,C0025202,0.7,
4292,squamous cell carcinoma,C0007137,0.7,
619553,"carcinoma, non small cell lung",C0007131,0.7,
867,"carcinoma, non small cell lung",C0007131,0.7,
81037,"carcinoma, non small cell lung",C0007131,0.7,
8434,"carcinoma, non small cell lung",C0007131,0.7,
1612,"carcinoma, non small cell lung",C0007131,0.7,
3858,squamous cell carcinoma,C0007137,0.7,
406988,squamous cell carcinoma,C0007137,0.7,
4586,squamous cell carcinoma,C0007137,0.7,
3557,melanoma,C0025202,0.7,
7298,squamous cell carcinoma,C0007137,0.7,
406913,"carcinoma, non small cell lung",C0007131,0.7,
406968,"carcinoma, non small cell lung",C0007131,0.7,
406937,"carcinoma, non small cell lung",C0007131,0.7,
1113,"carcinoma, non small cell lung",C0007131,0.7,
841,"cancer, lung",C0242379,0.7,
356,"cancer, lung",C0242379,0.7,
4292,"cancer, lung",C0242379,0.7,
2064,pancreatic adenocarcinoma,C0281361,0.7,
328,malignant neoplasm of cervix uteri,C0007847,0.7,
5915,squamous cell carcinoma,C0007137,0.7,
4088,"cancer, lung",C0242379,0.7,
406988,"carcinoma, non small cell lung",C0007131,0.7,
9076,squamous cell carcinoma,C0007137,0.7,
993,malignant neoplasm of cervix uteri,C0007847,0.7,
2073,"carcinoma, non small cell lung",C0007131,0.7,
3082,squamous cell carcinoma,C0007137,0.7,
8829,"carcinoma, non small cell lung",C0007131,0.7,
7345,"carcinoma, non small cell lung",C0007131,0.7,
7852,pancreatic adenocarcinoma,C0281361,0.65,
1050,squamous cell carcinoma,C0007137,0.65,
2033,squamous cell carcinoma,C0007137,0.65,
53353,"carcinoma, non small cell lung",C0007131,0.65,
3169,"carcinoma, non small cell lung",C0007131,0.65,
406927,"carcinoma, non small cell lung",C0007131,0.65,
10863,"carcinoma, non small cell lung",C0007131,0.65,
2175,malignant neoplasm of cervix uteri,C0007847,0.65,
2073,melanoma,C0025202,0.65,
2150,melanoma,C0025202,0.65,
6392,melanoma,C0025202,0.65,
5744,"carcinoma, non small cell lung",C0007131,0.65,
407031,"carcinoma, non small cell lung",C0007131,0.65,
2729,"carcinoma, non small cell lung",C0007131,0.65,
1019,pancreatic adenocarcinoma,C0281361,0.65,
1440,melanoma,C0025202,0.65,
2946,"carcinoma, non small cell lung",C0007131,0.65,
3918,"carcinoma, non small cell lung",C0007131,0.65,
1870,"carcinoma, non small cell lung",C0007131,0.65,
2195,"carcinoma, non small cell lung",C0007131,0.65,
3169,squamous cell carcinoma,C0007137,0.65,
7508,squamous cell carcinoma,C0007137,0.65,
6258,"carcinoma, non small cell lung",C0007131,0.65,
6439,"carcinoma, non small cell lung",C0007131,0.65,
6891,malignant neoplasm of cervix uteri,C0007847,0.65,
11186,malignant neoplasm of cervix uteri,C0007847,0.65,
4087,malignant neoplasm of cervix uteri,C0007847,0.65,
1139,"carcinoma, non small cell lung",C0007131,0.65,
7873,"carcinoma, non small cell lung",C0007131,0.65,
840,"carcinoma, non small cell lung",C0007131,0.65,
6528,melanoma,C0025202,0.65,
860,"carcinoma, non small cell lung",C0007131,0.65,
3066,melanoma,C0025202,0.65,
8202,"carcinoma, non small cell lung",C0007131,0.65,
54790,"carcinoma, non small cell lung",C0007131,0.65,
1645,"carcinoma, non small cell lung",C0007131,0.65,
2023,"carcinoma, non small cell lung",C0007131,0.65,
2487,"carcinoma, non small cell lung",C0007131,0.65,
100126315,"carcinoma, non small cell lung",C0007131,0.65,
301,squamous cell carcinoma,C0007137,0.65,
4854,squamous cell carcinoma,C0007137,0.65,
6890,malignant neoplasm of cervix uteri,C0007847,0.65,
3115,malignant neoplasm of cervix uteri,C0007847,0.65,
1012,malignant neoplasm of cervix uteri,C0007847,0.65,
1191,melanoma,C0025202,0.65,
23512,melanoma,C0025202,0.65,
53353,melanoma,C0025202,0.65,
8295,melanoma,C0025202,0.65,
1687,melanoma,C0025202,0.65,
4615,"carcinoma, non small cell lung",C0007131,0.65,
2067,melanoma,C0025202,0.65,
3265,pancreatic adenocarcinoma,C0281361,0.65,
1138,"carcinoma, non small cell lung",C0007131,0.65,
5829,"carcinoma, non small cell lung",C0007131,0.65,
3315,squamous cell carcinoma,C0007137,0.65,
8085,"carcinoma, non small cell lung",C0007131,0.65,
9956,"carcinoma, non small cell lung",C0007131,0.65,
650,"cancer, lung",C0242379,0.65,
79068,melanoma,C0025202,0.65,
4792,melanoma,C0025202,0.65,
5796,melanoma,C0025202,0.65,
6850,melanoma,C0025202,0.65,
7001,melanoma,C0025202,0.65,
7012,melanoma,C0025202,0.65,
177,melanoma,C0025202,0.65,
2739,melanoma,C0025202,0.65,
216,melanoma,C0025202,0.65,
4524,squamous cell carcinoma,C0007137,0.65,
8085,"cancer, lung",C0242379,0.65,
8797,malignant neoplasm of cervix uteri,C0007847,0.65,
208,"carcinoma, non small cell lung",C0007131,0.65,
2254,"carcinoma, non small cell lung",C0007131,0.65,
4057,"carcinoma, non small cell lung",C0007131,0.65,
4600,melanoma,C0025202,0.65,
983,malignant neoplasm of cervix uteri,C0007847,0.65,
5467,melanoma,C0025202,0.65,
8314,"cancer, lung",C0242379,0.65,
9510,"carcinoma, non small cell lung",C0007131,0.65,
63978,"carcinoma, non small cell lung",C0007131,0.65,
1871,"carcinoma, non small cell lung",C0007131,0.65,
22992,"carcinoma, non small cell lung",C0007131,0.65,
3119,malignant neoplasm of cervix uteri,C0007847,0.65,
2017,squamous cell carcinoma,C0007137,0.65,
841,melanoma,C0025202,0.65,
4317,melanoma,C0025202,0.65,
55014,melanoma,C0025202,0.65,
2057,melanoma,C0025202,0.65,
3117,melanoma,C0025202,0.65,
5579,"carcinoma, non small cell lung",C0007131,0.65,
8289,"carcinoma, non small cell lung",C0007131,0.65,
7468,"carcinoma, non small cell lung",C0007131,0.65,
1845,"carcinoma, non small cell lung",C0007131,0.65,
407021,"carcinoma, non small cell lung",C0007131,0.65,
572,"carcinoma, non small cell lung",C0007131,0.65,
729082,"carcinoma, non small cell lung",C0007131,0.6,
8835,"carcinoma, non small cell lung",C0007131,0.6,
4751,"carcinoma, non small cell lung",C0007131,0.6,
406946,"carcinoma, non small cell lung",C0007131,0.6,
1143,"carcinoma, non small cell lung",C0007131,0.6,
5519,"cancer, lung",C0242379,0.6,
7248,squamous cell carcinoma,C0007137,0.6,
1280,melanoma,C0025202,0.6,
1474,melanoma,C0025202,0.6,
79633,melanoma,C0025202,0.6,
405,melanoma,C0025202,0.6,
6098,melanoma,C0025202,0.6,
2903,melanoma,C0025202,0.6,
2913,melanoma,C0025202,0.6,
2056,melanoma,C0025202,0.6,
972,"carcinoma, non small cell lung",C0007131,0.6,
868,"carcinoma, non small cell lung",C0007131,0.6,
220,melanoma,C0025202,0.6,
5781,squamous cell carcinoma,C0007137,0.6,
1788,melanoma,C0025202,0.6,
2033,melanoma,C0025202,0.6,
23210,melanoma,C0025202,0.6,
25797,melanoma,C0025202,0.6,
26503,melanoma,C0025202,0.6,
7980,melanoma,C0025202,0.6,
823,melanoma,C0025202,0.6,
29108,"carcinoma, non small cell lung",C0007131,0.6,
3418,"carcinoma, non small cell lung",C0007131,0.6,
4222,"carcinoma, non small cell lung",C0007131,0.6,
442911,"carcinoma, non small cell lung",C0007131,0.6,
463,"carcinoma, non small cell lung",C0007131,0.6,
2876,squamous cell carcinoma,C0007137,0.6,
29108,squamous cell carcinoma,C0007137,0.6,
3065,squamous cell carcinoma,C0007137,0.6,
4014,squamous cell carcinoma,C0007137,0.6,
4118,squamous cell carcinoma,C0007137,0.6,
5265,squamous cell carcinoma,C0007137,0.6,
79733,"carcinoma, non small cell lung",C0007131,0.6,
1544,squamous cell carcinoma,C0007137,0.6,
23410,squamous cell carcinoma,C0007137,0.6,
6009,"carcinoma, non small cell lung",C0007131,0.6,
7508,"carcinoma, non small cell lung",C0007131,0.6,
51727,"carcinoma, non small cell lung",C0007131,0.6,
1459,squamous cell carcinoma,C0007137,0.6,
6441,"carcinoma, non small cell lung",C0007131,0.6,
56925,melanoma,C0025202,0.6,
1387,squamous cell carcinoma,C0007137,0.6,
29968,"carcinoma, non small cell lung",C0007131,0.6,
1410,squamous cell carcinoma,C0007137,0.6,
494330,"carcinoma, non small cell lung",C0007131,0.6,
57510,"carcinoma, non small cell lung",C0007131,0.6,
6416,"carcinoma, non small cell lung",C0007131,0.6,
7403,"carcinoma, non small cell lung",C0007131,0.6,
1876,"carcinoma, non small cell lung",C0007131,0.6,
1030,"carcinoma, non small cell lung",C0007131,0.6,
10397,"carcinoma, non small cell lung",C0007131,0.6,
302,squamous cell carcinoma,C0007137,0.6,
4853,squamous cell carcinoma,C0007137,0.6,
3106,malignant neoplasm of cervix uteri,C0007847,0.6,
5921,squamous cell carcinoma,C0007137,0.6,
7249,squamous cell carcinoma,C0007137,0.6,
2074,"cancer, lung",C0242379,0.6,
6256,pancreatic adenocarcinoma,C0281361,0.6,
10397,melanoma,C0025202,0.6,
4647,melanoma,C0025202,0.6,
5922,melanoma,C0025202,0.6,
931,"carcinoma, non small cell lung",C0007131,0.6,
54205,"carcinoma, non small cell lung",C0007131,0.6,
6855,"carcinoma, non small cell lung",C0007131,0.6,
3691,"carcinoma, non small cell lung",C0007131,0.6,
7012,squamous cell carcinoma,C0007137,0.6,
80204,"carcinoma, non small cell lung",C0007131,0.6,
2778,pancreatic adenocarcinoma,C0281361,0.6,
4320,"carcinoma, non small cell lung",C0007131,0.6,
5052,"carcinoma, non small cell lung",C0007131,0.6,
5426,"carcinoma, non small cell lung",C0007131,0.6,
26227,"carcinoma, non small cell lung",C0007131,0.6,
3799,"carcinoma, non small cell lung",C0007131,0.6,
58508,"carcinoma, non small cell lung",C0007131,0.6,
6236,"carcinoma, non small cell lung",C0007131,0.6,
6520,"carcinoma, non small cell lung",C0007131,0.6,
654434,"carcinoma, non small cell lung",C0007131,0.6,
10399,squamous cell carcinoma,C0007137,0.6,
3066,squamous cell carcinoma,C0007137,0.6,
3678,squamous cell carcinoma,C0007137,0.6,
3963,squamous cell carcinoma,C0007137,0.6,
90417,squamous cell carcinoma,C0007137,0.6,
55818,malignant neoplasm of cervix uteri,C0007847,0.6,
401109,malignant neoplasm of cervix uteri,C0007847,0.6,
4312,malignant neoplasm of cervix uteri,C0007847,0.6,
4217,melanoma,C0025202,0.6,
442908,melanoma,C0025202,0.6,
5078,melanoma,C0025202,0.6,
2876,"carcinoma, non small cell lung",C0007131,0.6,
6385,"carcinoma, non small cell lung",C0007131,0.6,
3820,melanoma,C0025202,0.6,
10568,"carcinoma, non small cell lung",C0007131,0.6,
1028,melanoma,C0025202,0.6,
472,malignant neoplasm of thyroid gland,C0007115,0.6,
4214,"carcinoma, non small cell lung",C0007131,0.6,
3956,"carcinoma, non small cell lung",C0007131,0.6,
144455,"carcinoma, non small cell lung",C0007131,0.6,
1136,squamous cell carcinoma,C0007137,0.6,
360,squamous cell carcinoma,C0007137,0.6,
3688,squamous cell carcinoma,C0007137,0.6,
3848,squamous cell carcinoma,C0007137,0.6,
688,squamous cell carcinoma,C0007137,0.6,
9846,melanoma,C0025202,0.6,
7158,"carcinoma, non small cell lung",C0007131,0.6,
55193,"carcinoma, non small cell lung",C0007131,0.6,
5223,"carcinoma, non small cell lung",C0007131,0.6,
7979,squamous cell carcinoma,C0007137,0.6,
6648,"carcinoma, non small cell lung",C0007131,0.6,
7132,"carcinoma, non small cell lung",C0007131,0.6,
4948,squamous cell carcinoma,C0007137,0.6,
79991,melanoma,C0025202,0.6,
9332,squamous cell carcinoma,C0007137,0.6,
931,squamous cell carcinoma,C0007137,0.6,
2952,pancreatic adenocarcinoma,C0281361,0.55,
668,"carcinoma, non small cell lung",C0007131,0.55,
51151,squamous cell carcinoma,C0007137,0.55,
1491,melanoma,C0025202,0.55,
875,melanoma,C0025202,0.55,
5880,melanoma,C0025202,0.55,
6860,melanoma,C0025202,0.55,
5606,malignant neoplasm of cervix uteri,C0007847,0.55,
5885,"carcinoma, non small cell lung",C0007131,0.55,
196743,"carcinoma, non small cell lung",C0007131,0.55,
338442,squamous cell carcinoma,C0007137,0.55,
7917,"carcinoma, non small cell lung",C0007131,0.55,
9,"carcinoma, non small cell lung",C0007131,0.55,
4878,melanoma,C0025202,0.55,
51750,melanoma,C0025202,0.55,
5893,"carcinoma, non small cell lung",C0007131,0.55,
5426,pancreatic adenocarcinoma,C0281361,0.55,
6494,melanoma,C0025202,0.55,
116071,melanoma,C0025202,0.55,
5604,pancreatic adenocarcinoma,C0281361,0.5,
10144,squamous cell carcinoma,C0007137,0.5,
6472,"carcinoma, non small cell lung",C0007131,0.5,
771,"carcinoma, non small cell lung",C0007131,0.5,
4826,"carcinoma, non small cell lung",C0007131,0.5,
51614,"carcinoma, non small cell lung",C0007131,0.5,
54458,"carcinoma, non small cell lung",C0007131,0.5,
3280,"carcinoma, non small cell lung",C0007131,0.5,
1474,"carcinoma, non small cell lung",C0007131,0.5,
79728,"cancer, lung",C0242379,0.5,
59352,squamous cell carcinoma,C0007137,0.5,
146909,melanoma,C0025202,0.5,
1545,melanoma,C0025202,0.5,
161291,melanoma,C0025202,0.5,
9985,melanoma,C0025202,0.5,
5332,melanoma,C0025202,0.5,
55504,melanoma,C0025202,0.5,
23030,melanoma,C0025202,0.5,
3716,pancreatic adenocarcinoma,C0281361,0.5,
1356,melanoma,C0025202,0.5,
26507,melanoma,C0025202,0.5,
80070,melanoma,C0025202,0.5,
1869,pancreatic adenocarcinoma,C0281361,0.5,
5879,pancreatic adenocarcinoma,C0281361,0.5,
407027,"carcinoma, non small cell lung",C0007131,0.5,
3632,squamous cell carcinoma,C0007137,0.5,
5893,squamous cell carcinoma,C0007137,0.5,
902,"carcinoma, non small cell lung",C0007131,0.5,
4293,melanoma,C0025202,0.5,
2023,squamous cell carcinoma,C0007137,0.5,
4439,"carcinoma, non small cell lung",C0007131,0.5,
4504,"carcinoma, non small cell lung",C0007131,0.5,
5335,"carcinoma, non small cell lung",C0007131,0.5,
165918,"carcinoma, non small cell lung",C0007131,0.5,
5478,squamous cell carcinoma,C0007137,0.5,
7167,squamous cell carcinoma,C0007137,0.5,
10481,melanoma,C0025202,0.5,
10963,melanoma,C0025202,0.5,
126129,melanoma,C0025202,0.5,
5080,melanoma,C0025202,0.5,
54663,melanoma,C0025202,0.5,
79852,melanoma,C0025202,0.5,
1460,squamous cell carcinoma,C0007137,0.5,
55829,"carcinoma, non small cell lung",C0007131,0.5,
1875,"carcinoma, non small cell lung",C0007131,0.5,
7514,"carcinoma, non small cell lung",C0007131,0.5,
11122,"cancer, lung",C0242379,0.5,
90,melanoma,C0025202,0.5,
402,melanoma,C0025202,0.5,
58189,melanoma,C0025202,0.5,
6565,melanoma,C0025202,0.5,
7517,melanoma,C0025202,0.5,
23028,melanoma,C0025202,0.5,
30062,melanoma,C0025202,0.5,
116841,"carcinoma, non small cell lung",C0007131,0.5,
7428,"cancer, lung",C0242379,0.5,
2271,"carcinoma, non small cell lung",C0007131,0.5,
4092,pancreatic adenocarcinoma,C0281361,0.5,
5894,pancreatic adenocarcinoma,C0281361,0.5,
100507500,squamous cell carcinoma,C0007137,0.5,
58508,squamous cell carcinoma,C0007137,0.5,
6698,squamous cell carcinoma,C0007137,0.5,
80723,melanoma,C0025202,0.5,
6188,melanoma,C0025202,0.5,
115265,melanoma,C0025202,0.5,
3205,melanoma,C0025202,0.5,
3238,melanoma,C0025202,0.5,
5787,"carcinoma, non small cell lung",C0007131,0.45,
6389,"carcinoma, non small cell lung",C0007131,0.45,
92345,melanoma,C0025202,0.45,
55603,"carcinoma, non small cell lung",C0007131,0.45,
7873,squamous cell carcinoma,C0007137,0.45,
2074,"carcinoma, non small cell lung",C0007131,0.45,
10262,malignant neoplasm of cervix uteri,C0007847,0.45,
23022,pancreatic adenocarcinoma,C0281361,0.45,
5601,pancreatic adenocarcinoma,C0281361,0.45,
91,"carcinoma, non small cell lung",C0007131,0.45,
6049,squamous cell carcinoma,C0007137,0.45,
55904,malignant neoplasm of cervix uteri,C0007847,0.45,
80853,melanoma,C0025202,0.45,
10499,"carcinoma, non small cell lung",C0007131,0.45,
5608,malignant neoplasm of cervix uteri,C0007847,0.45,
4297,malignant neoplasm of cervix uteri,C0007847,0.45,
11178,squamous cell carcinoma,C0007137,0.45,
1021,pancreatic adenocarcinoma,C0281361,0.4,
115399,pancreatic adenocarcinoma,C0281361,0.4,
5899,pancreatic adenocarcinoma,C0281361,0.4,
1834,squamous cell carcinoma,C0007137,0.4,
60487,"carcinoma, non small cell lung",C0007131,0.4,
64582,"carcinoma, non small cell lung",C0007131,0.4,
55135,"carcinoma, non small cell lung",C0007131,0.4,
28998,squamous cell carcinoma,C0007137,0.4,
4489,squamous cell carcinoma,C0007137,0.4,
262,"carcinoma, non small cell lung",C0007131,0.4,
2696,"carcinoma, non small cell lung",C0007131,0.4,
160140,malignant neoplasm of thyroid gland,C0007115,0.4,
267004,"cancer, lung",C0242379,0.4,
126860202,"cancer, lung",C0242379,0.4,
100507500,"cancer, lung",C0242379,0.4,
84632,squamous cell carcinoma,C0007137,0.4,
10589,melanoma,C0025202,0.4,
10743,melanoma,C0025202,0.4,
115399,melanoma,C0025202,0.4,
130001603,melanoma,C0025202,0.4,
84285,melanoma,C0025202,0.4,
8452,melanoma,C0025202,0.4,
9682,melanoma,C0025202,0.4,
9832,melanoma,C0025202,0.4,
51501,melanoma,C0025202,0.4,
5305,melanoma,C0025202,0.4,
55862,melanoma,C0025202,0.4,
740,melanoma,C0025202,0.4,
221074,melanoma,C0025202,0.4,
100507500,"carcinoma, non small cell lung",C0007131,0.4,
57700,melanoma,C0025202,0.4,
6538,melanoma,C0025202,0.4,
10557,melanoma,C0025202,0.4,
11098,melanoma,C0025202,0.4,
114795,melanoma,C0025202,0.4,
128611,melanoma,C0025202,0.4,
1740,melanoma,C0025202,0.4,
202559,melanoma,C0025202,0.4,
23270,melanoma,C0025202,0.4,
26472,melanoma,C0025202,0.4,
338398,melanoma,C0025202,0.4,
8029,melanoma,C0025202,0.4,
9088,melanoma,C0025202,0.4,
10928,pancreatic adenocarcinoma,C0281361,0.4,
387775,"carcinoma, non small cell lung",C0007131,0.4,
389206,"carcinoma, non small cell lung",C0007131,0.4,
580,malignant neoplasm of thyroid gland,C0007115,0.4,
1294,"carcinoma, non small cell lung",C0007131,0.4,
2071,"carcinoma, non small cell lung",C0007131,0.4,
93986,squamous cell carcinoma,C0007137,0.4,
57188,squamous cell carcinoma,C0007137,0.4,
7074,squamous cell carcinoma,C0007137,0.4,
90355,"carcinoma, non small cell lung",C0007131,0.4,
58499,"carcinoma, non small cell lung",C0007131,0.4,
79887,"carcinoma, non small cell lung",C0007131,0.4,
126806658,melanoma,C0025202,0.4,
57099,"carcinoma, non small cell lung",C0007131,0.4,
7262,"carcinoma, non small cell lung",C0007131,0.4,
9180,"carcinoma, non small cell lung",C0007131,0.4,
407024,"carcinoma, non small cell lung",C0007131,0.4,
114548,squamous cell carcinoma,C0007137,0.4,
5021,"carcinoma, non small cell lung",C0007131,0.4,
6391,"carcinoma, non small cell lung",C0007131,0.4,
1540,"carcinoma, non small cell lung",C0007131,0.4,
159989,"carcinoma, non small cell lung",C0007131,0.4,
283875,squamous cell carcinoma,C0007137,0.4,
5223,squamous cell carcinoma,C0007137,0.4,
7318,squamous cell carcinoma,C0007137,0.4,
7417,squamous cell carcinoma,C0007137,0.4,
8202,squamous cell carcinoma,C0007137,0.4,
7307,pancreatic adenocarcinoma,C0281361,0.4,
84869,pancreatic adenocarcinoma,C0281361,0.4,
116150,melanoma,C0025202,0.4,
1207,melanoma,C0025202,0.4,
160762,melanoma,C0025202,0.4,
170589,melanoma,C0025202,0.4,
1896,melanoma,C0025202,0.4,
2035,melanoma,C0025202,0.4,
2200,melanoma,C0025202,0.4,
221079,melanoma,C0025202,0.4,
222537,melanoma,C0025202,0.4,
23352,melanoma,C0025202,0.4,
25842,melanoma,C0025202,0.4,
3442,melanoma,C0025202,0.4,
3726,melanoma,C0025202,0.4,
4430,melanoma,C0025202,0.4,
4794,melanoma,C0025202,0.4,
55149,melanoma,C0025202,0.4,
55331,melanoma,C0025202,0.4,
57120,melanoma,C0025202,0.4,
5800,melanoma,C0025202,0.4,
64799,melanoma,C0025202,0.4,
8028,melanoma,C0025202,0.4,
9689,melanoma,C0025202,0.4,
10087,"carcinoma, non small cell lung",C0007131,0.4,
115399,"carcinoma, non small cell lung",C0007131,0.4,
5731,squamous cell carcinoma,C0007137,0.4,
388325,malignant tumor of head and neck (disorder),C0278996,0.4,
100130950,malignant tumor of head and neck (disorder),C0278996,0.4,
341019,malignant tumor of head and neck (disorder),C0278996,0.4,
10408,pancreatic adenocarcinoma,C0281361,0.4,
126806658,pancreatic adenocarcinoma,C0281361,0.4,
5602,pancreatic adenocarcinoma,C0281361,0.4,
55379,"carcinoma, non small cell lung",C0007131,0.4,
2898,"carcinoma, non small cell lung",C0007131,0.4,
65084,"carcinoma, non small cell lung",C0007131,0.4,
3312,squamous cell carcinoma,C0007137,0.4,
3654,squamous cell carcinoma,C0007137,0.4,
4855,squamous cell carcinoma,C0007137,0.4,
7317,squamous cell carcinoma,C0007137,0.4,
79890,squamous cell carcinoma,C0007137,0.4,
8728,squamous cell carcinoma,C0007137,0.4,
4726,malignant neoplasm of cervix uteri,C0007847,0.4,
25878,"cancer, lung",C0242379,0.4,
4093,"cancer, lung",C0242379,0.4,
83638,melanoma,C0025202,0.4,
9610,melanoma,C0025202,0.4,
57678,melanoma,C0025202,0.4,
58485,melanoma,C0025202,0.4,
1630,melanoma,C0025202,0.4,
1823,melanoma,C0025202,0.4,
220929,melanoma,C0025202,0.4,
222546,melanoma,C0025202,0.4,
283130,melanoma,C0025202,0.4,
285761,melanoma,C0025202,0.4,
29103,melanoma,C0025202,0.4,
3619,melanoma,C0025202,0.4,
23603,"carcinoma, non small cell lung",C0007131,0.4,
5002,"cancer, lung",C0242379,0.4,
10992,pancreatic adenocarcinoma,C0281361,0.4,
4613,pancreatic adenocarcinoma,C0281361,0.4,
5605,pancreatic adenocarcinoma,C0281361,0.4,
9968,pancreatic adenocarcinoma,C0281361,0.4,
1457,squamous cell carcinoma,C0007137,0.4,
165918,squamous cell carcinoma,C0007137,0.4,
56952,squamous cell carcinoma,C0007137,0.4,
9317,melanoma,C0025202,0.4,
9712,melanoma,C0025202,0.4,
64215,melanoma,C0025202,0.4,
7536,melanoma,C0025202,0.4,
4357,melanoma,C0025202,0.4,
10302,melanoma,C0025202,0.4,
11141,melanoma,C0025202,0.4,
221294,melanoma,C0025202,0.4,
23081,melanoma,C0025202,0.4,
245806,melanoma,C0025202,0.4,
29901,melanoma,C0025202,0.4,
7372,squamous cell carcinoma,C0007137,0.4,
10179,"carcinoma, non small cell lung",C0007131,0.4,
675,"cancer, ovarian",C1140680,1.0,
1499,"cancer, ovarian",C1140680,1.0,
672,"cancer, ovarian",C1140680,1.0,
4609,liver cell carcinoma,C2239176,1.0,
213,liver cell carcinoma,C2239176,1.0,
2719,liver cell carcinoma,C2239176,1.0,
3845,malignant neoplasm of bladder,C0005684,1.0,
7422,liver cell carcinoma,C2239176,1.0,
3558,renal cell carcinoma,C0007134,1.0,
2261,malignant neoplasm of bladder,C0005684,1.0,
1950,liver cell carcinoma,C2239176,1.0,
5243,liver cell carcinoma,C2239176,1.0,
8312,liver cell carcinoma,C2239176,1.0,
5290,liver cell carcinoma,C2239176,1.0,
5743,liver cell carcinoma,C2239176,1.0,
174,liver cell carcinoma,C2239176,1.0,
4233,liver cell carcinoma,C2239176,1.0,
7157,liver cell carcinoma,C2239176,1.0,
1499,liver cell carcinoma,C2239176,1.0,
5290,"cancer, ovarian",C1140680,1.0,
2146,liver cell carcinoma,C2239176,1.0,
3481,liver cell carcinoma,C2239176,1.0,
7015,liver cell carcinoma,C2239176,1.0,
7040,liver cell carcinoma,C2239176,1.0,
2475,renal cell carcinoma,C0007134,1.0,
3569,liver cell carcinoma,C2239176,1.0,
7124,liver cell carcinoma,C2239176,1.0,
7428,renal cell carcinoma,C0007134,1.0,
55193,renal cell carcinoma,C0007134,1.0,
201163,renal cell carcinoma,C0007134,1.0,
207,"cancer, ovarian",C1140680,1.0,
2064,malignant neoplasm of bladder,C0005684,1.0,
999,"cancer, ovarian",C1140680,1.0,
7030,renal cell carcinoma,C0007134,1.0,
4233,renal cell carcinoma,C0007134,1.0,
2064,renal cell carcinoma,C0007134,0.95,
2475,liver cell carcinoma,C2239176,0.95,
2147,liver cell carcinoma,C2239176,0.95,
1636,liver cell carcinoma,C2239176,0.95,
406906,liver cell carcinoma,C2239176,0.95,
2944,malignant neoplasm of bladder,C0005684,0.95,
29126,liver cell carcinoma,C2239176,0.95,
3480,liver cell carcinoma,C2239176,0.95,
3082,liver cell carcinoma,C2239176,0.95,
595,liver cell carcinoma,C2239176,0.95,
7298,liver cell carcinoma,C2239176,0.95,
10,malignant neoplasm of bladder,C0005684,0.95,
1956,liver cell carcinoma,C2239176,0.95,
2064,"cancer, ovarian",C1140680,0.95,
5728,carcinoma of endometrium,C0476089,0.95,
3439,liver cell carcinoma,C2239176,0.95,
5133,liver cell carcinoma,C2239176,0.95,
1029,liver cell carcinoma,C2239176,0.95,
2034,renal cell carcinoma,C0007134,0.95,
3592,liver cell carcinoma,C2239176,0.95,
80339,liver cell carcinoma,C2239176,0.95,
9971,liver cell carcinoma,C2239176,0.95,
324,liver cell carcinoma,C2239176,0.95,
3482,liver cell carcinoma,C2239176,0.95,
3845,liver cell carcinoma,C2239176,0.9,
841,liver cell carcinoma,C2239176,0.9,
6775,liver cell carcinoma,C2239176,0.9,
4683,"cancer, ovarian",C1140680,0.9,
6352,liver cell carcinoma,C2239176,0.9,
1956,malignant neoplasm of bladder,C0005684,0.9,
5728,liver cell carcinoma,C2239176,0.9,
207,liver cell carcinoma,C2239176,0.9,
1493,renal cell carcinoma,C0007134,0.9,
2950,liver cell carcinoma,C2239176,0.9,
7472,liver cell carcinoma,C2239176,0.9,
7157,malignant neoplasm of bladder,C0005684,0.9,
94025,"cancer, ovarian",C1140680,0.9,
4318,liver cell carcinoma,C2239176,0.9,
5728,renal cell carcinoma,C0007134,0.9,
768,renal cell carcinoma,C0007134,0.9,
1493,liver cell carcinoma,C2239176,0.9,
3606,liver cell carcinoma,C2239176,0.9,
355,renal cell carcinoma,C0007134,0.9,
3586,liver cell carcinoma,C2239176,0.9,
8314,renal cell carcinoma,C0007134,0.9,
3952,liver cell carcinoma,C2239176,0.9,
3553,liver cell carcinoma,C2239176,0.9,
6696,liver cell carcinoma,C2239176,0.9,
332,renal cell carcinoma,C0007134,0.9,
2272,renal cell carcinoma,C0007134,0.9,
4436,carcinoma of endometrium,C0476089,0.9,
3791,liver cell carcinoma,C2239176,0.9,
6347,liver cell carcinoma,C2239176,0.9,
445,liver cell carcinoma,C2239176,0.9,
6390,renal cell carcinoma,C0007134,0.9,
5290,carcinoma of endometrium,C0476089,0.9,
3716,liver cell carcinoma,C2239176,0.9,
2321,renal cell carcinoma,C0007134,0.9,
999,liver cell carcinoma,C2239176,0.9,
5728,"cancer, ovarian",C1140680,0.9,
4292,carcinoma of endometrium,C0476089,0.9,
7040,renal cell carcinoma,C0007134,0.9,
7157,renal cell carcinoma,C0007134,0.9,
1029,malignant neoplasm of bladder,C0005684,0.9,
3265,liver cell carcinoma,C2239176,0.9,
3265,malignant neoplasm of bladder,C0005684,0.9,
7015,malignant neoplasm of bladder,C0005684,0.9,
2260,liver cell carcinoma,C2239176,0.9,
4780,liver cell carcinoma,C2239176,0.9,
3077,liver cell carcinoma,C2239176,0.85,
324,carcinoma of endometrium,C0476089,0.85,
4609,malignant neoplasm of bladder,C0005684,0.85,
2944,liver cell carcinoma,C2239176,0.85,
207,malignant neoplasm of bladder,C0005684,0.85,
596,malignant neoplasm of bladder,C0005684,0.85,
5743,malignant neoplasm of bladder,C0005684,0.85,
10413,liver cell carcinoma,C2239176,0.85,
5925,malignant neoplasm of bladder,C0005684,0.85,
196528,liver cell carcinoma,C2239176,0.85,
4790,liver cell carcinoma,C2239176,0.85,
2068,malignant neoplasm of bladder,C0005684,0.85,
6648,liver cell carcinoma,C2239176,0.85,
1571,liver cell carcinoma,C2239176,0.85,
8289,liver cell carcinoma,C2239176,0.85,
332,liver cell carcinoma,C2239176,0.85,
57817,liver cell carcinoma,C2239176,0.85,
1956,"cancer, ovarian",C1140680,0.85,
6774,"cancer, ovarian",C1140680,0.85,
7099,liver cell carcinoma,C2239176,0.85,
5728,malignant neoplasm of bladder,C0005684,0.85,
5244,liver cell carcinoma,C2239176,0.85,
7042,liver cell carcinoma,C2239176,0.85,
580,"cancer, ovarian",C1140680,0.85,
5290,malignant neoplasm of bladder,C0005684,0.85,
7421,liver cell carcinoma,C2239176,0.85,
4288,liver cell carcinoma,C2239176,0.85,
2056,liver cell carcinoma,C2239176,0.85,
7124,renal cell carcinoma,C0007134,0.85,
6513,liver cell carcinoma,C2239176,0.85,
1401,liver cell carcinoma,C2239176,0.85,
3569,renal cell carcinoma,C0007134,0.85,
6927,renal cell carcinoma,C0007134,0.85,
84868,liver cell carcinoma,C2239176,0.85,
3576,liver cell carcinoma,C2239176,0.85,
6774,renal cell carcinoma,C0007134,0.85,
407006,liver cell carcinoma,C2239176,0.85,
9965,liver cell carcinoma,C2239176,0.85,
142,liver cell carcinoma,C2239176,0.85,
947,liver cell carcinoma,C2239176,0.85,
3479,liver cell carcinoma,C2239176,0.85,
4830,liver cell carcinoma,C2239176,0.85,
3558,liver cell carcinoma,C2239176,0.85,
2263,liver cell carcinoma,C2239176,0.85,
1436,liver cell carcinoma,C2239176,0.85,
3925,liver cell carcinoma,C2239176,0.85,
2597,liver cell carcinoma,C2239176,0.85,
2752,liver cell carcinoma,C2239176,0.85,
1555,liver cell carcinoma,C2239176,0.85,
57016,liver cell carcinoma,C2239176,0.85,
673,liver cell carcinoma,C2239176,0.85,
8651,liver cell carcinoma,C2239176,0.8,
4312,malignant neoplasm of bladder,C0005684,0.8,
54790,liver cell carcinoma,C2239176,0.8,
7097,liver cell carcinoma,C2239176,0.8,
1588,"cancer, ovarian",C1140680,0.8,
4089,"cancer, ovarian",C1140680,0.8,
4436,"cancer, ovarian",C1140680,0.8,
6790,"cancer, ovarian",C1140680,0.8,
5747,liver cell carcinoma,C2239176,0.8,
7248,renal cell carcinoma,C0007134,0.8,
8091,"cancer, ovarian",C1140680,0.8,
7039,liver cell carcinoma,C2239176,0.8,
1029,"cancer, ovarian",C1140680,0.8,
4193,liver cell carcinoma,C2239176,0.8,
4087,"cancer, ovarian",C1140680,0.8,
355,malignant neoplasm of bladder,C0005684,0.8,
10232,"cancer, ovarian",C1140680,0.8,
406971,liver cell carcinoma,C2239176,0.8,
217,liver cell carcinoma,C2239176,0.8,
7515,liver cell carcinoma,C2239176,0.8,
27232,liver cell carcinoma,C2239176,0.8,
406938,liver cell carcinoma,C2239176,0.8,
23095,liver cell carcinoma,C2239176,0.8,
900,liver cell carcinoma,C2239176,0.8,
7403,malignant neoplasm of bladder,C0005684,0.8,
2272,malignant neoplasm of bladder,C0005684,0.8,
2950,malignant neoplasm of bladder,C0005684,0.8,
11186,renal cell carcinoma,C0007134,0.8,
4968,renal cell carcinoma,C0007134,0.8,
3815,renal cell carcinoma,C0007134,0.8,
2066,liver cell carcinoma,C2239176,0.8,
4233,"cancer, ovarian",C1140680,0.8,
5290,renal cell carcinoma,C0007134,0.8,
472,liver cell carcinoma,C2239176,0.8,
2956,"cancer, ovarian",C1140680,0.8,
5888,"cancer, ovarian",C1140680,0.8,
847,liver cell carcinoma,C2239176,0.8,
6927,liver cell carcinoma,C2239176,0.8,
999,malignant neoplasm of bladder,C0005684,0.8,
3558,malignant neoplasm of bladder,C0005684,0.8,
3953,liver cell carcinoma,C2239176,0.8,
595,renal cell carcinoma,C0007134,0.8,
2247,malignant neoplasm of bladder,C0005684,0.8,
9370,liver cell carcinoma,C2239176,0.8,
29072,renal cell carcinoma,C0007134,0.8,
864,liver cell carcinoma,C2239176,0.8,
5054,malignant neoplasm of bladder,C0005684,0.8,
406947,liver cell carcinoma,C2239176,0.8,
5071,"cancer, ovarian",C1140680,0.8,
5347,malignant neoplasm of bladder,C0005684,0.8,
1051,liver cell carcinoma,C2239176,0.8,
472,"cancer, ovarian",C1140680,0.8,
5243,renal cell carcinoma,C0007134,0.8,
598,liver cell carcinoma,C2239176,0.8,
5594,renal cell carcinoma,C0007134,0.8,
324,"cancer, ovarian",C1140680,0.8,
595,malignant neoplasm of bladder,C0005684,0.8,
23405,liver cell carcinoma,C2239176,0.8,
5889,"cancer, ovarian",C1140680,0.8,
4893,liver cell carcinoma,C2239176,0.8,
2944,renal cell carcinoma,C0007134,0.8,
2068,liver cell carcinoma,C2239176,0.8,
2952,liver cell carcinoma,C2239176,0.8,
283120,malignant neoplasm of bladder,C0005684,0.8,
4524,malignant neoplasm of bladder,C0005684,0.8,
83990,"cancer, ovarian",C1140680,0.8,
4292,"cancer, ovarian",C1140680,0.8,
1499,malignant neoplasm of bladder,C0005684,0.8,
2952,renal cell carcinoma,C0007134,0.8,
10553,liver cell carcinoma,C2239176,0.8,
5426,carcinoma of endometrium,C0476089,0.8,
407040,liver cell carcinoma,C2239176,0.8,
4313,malignant neoplasm of bladder,C0005684,0.8,
383,liver cell carcinoma,C2239176,0.8,
1029,renal cell carcinoma,C0007134,0.8,
2538,liver cell carcinoma,C2239176,0.8,
5743,renal cell carcinoma,C0007134,0.8,
983,liver cell carcinoma,C2239176,0.8,
2956,carcinoma of endometrium,C0476089,0.8,
5395,"cancer, ovarian",C1140680,0.8,
2305,liver cell carcinoma,C2239176,0.8,
5265,liver cell carcinoma,C2239176,0.8,
5465,liver cell carcinoma,C2239176,0.8,
3791,malignant neoplasm of bladder,C0005684,0.8,
1364,"cancer, ovarian",C1140680,0.8,
898,liver cell carcinoma,C2239176,0.8,
2263,malignant neoplasm of bladder,C0005684,0.8,
999,carcinoma of endometrium,C0476089,0.8,
11186,malignant neoplasm of bladder,C0005684,0.8,
1557,liver cell carcinoma,C2239176,0.8,
864,malignant neoplasm of bladder,C0005684,0.8,
1543,renal cell carcinoma,C0007134,0.8,
6387,liver cell carcinoma,C2239176,0.8,
9518,liver cell carcinoma,C2239176,0.8,
4353,liver cell carcinoma,C2239176,0.8,
10642,liver cell carcinoma,C2239176,0.75,
9757,liver cell carcinoma,C2239176,0.75,
991,liver cell carcinoma,C2239176,0.75,
1033,liver cell carcinoma,C2239176,0.75,
3119,liver cell carcinoma,C2239176,0.75,
3161,liver cell carcinoma,C2239176,0.75,
1612,malignant neoplasm of bladder,C0005684,0.75,
2952,malignant neoplasm of bladder,C0005684,0.75,
406973,liver cell carcinoma,C2239176,0.75,
648,liver cell carcinoma,C2239176,0.75,
7832,liver cell carcinoma,C2239176,0.75,
5424,carcinoma of endometrium,C0476089,0.75,
8743,liver cell carcinoma,C2239176,0.75,
1558,liver cell carcinoma,C2239176,0.75,
4313,liver cell carcinoma,C2239176,0.75,
2475,malignant neoplasm of bladder,C0005684,0.75,
3309,liver cell carcinoma,C2239176,0.75,
1027,liver cell carcinoma,C2239176,0.75,
9212,liver cell carcinoma,C2239176,0.75,
92140,liver cell carcinoma,C2239176,0.75,
5159,renal cell carcinoma,C0007134,0.75,
1050,liver cell carcinoma,C2239176,0.75,
6790,liver cell carcinoma,C2239176,0.75,
472,malignant neoplasm of bladder,C0005684,0.75,
6615,liver cell carcinoma,C2239176,0.75,
9,malignant neoplasm of bladder,C0005684,0.75,
1917,"cancer, ovarian",C1140680,0.75,
79728,"cancer, ovarian",C1140680,0.75,
6774,malignant neoplasm of bladder,C0005684,0.75,
6647,liver cell carcinoma,C2239176,0.75,
9314,liver cell carcinoma,C2239176,0.75,
10855,liver cell carcinoma,C2239176,0.75,
5328,malignant neoplasm of bladder,C0005684,0.75,
1544,liver cell carcinoma,C2239176,0.75,
596,renal cell carcinoma,C0007134,0.75,
8431,liver cell carcinoma,C2239176,0.75,
6256,liver cell carcinoma,C2239176,0.75,
6502,liver cell carcinoma,C2239176,0.75,
1543,liver cell carcinoma,C2239176,0.75,
4318,malignant neoplasm of bladder,C0005684,0.75,
673,"cancer, ovarian",C1140680,0.75,
10987,liver cell carcinoma,C2239176,0.75,
2052,liver cell carcinoma,C2239176,0.75,
2810,liver cell carcinoma,C2239176,0.75,
7124,malignant neoplasm of bladder,C0005684,0.75,
6469,liver cell carcinoma,C2239176,0.75,
1026,malignant neoplasm of bladder,C0005684,0.75,
80381,liver cell carcinoma,C2239176,0.75,
7515,malignant neoplasm of bladder,C0005684,0.75,
6648,malignant neoplasm of bladder,C0005684,0.75,
4605,liver cell carcinoma,C2239176,0.75,
5604,renal cell carcinoma,C0007134,0.75,
2203,liver cell carcinoma,C2239176,0.75,
2658,liver cell carcinoma,C2239176,0.75,
57492,liver cell carcinoma,C2239176,0.75,
4153,liver cell carcinoma,C2239176,0.75,
7077,malignant neoplasm of bladder,C0005684,0.75,
10735,malignant neoplasm of bladder,C0005684,0.75,
110806263,malignant neoplasm of bladder,C0005684,0.75,
23405,"cancer, ovarian",C1140680,0.75,
6772,liver cell carcinoma,C2239176,0.75,
11236,renal cell carcinoma,C0007134,0.75,
9370,renal cell carcinoma,C0007134,0.75,
4286,renal cell carcinoma,C0007134,0.75,
29128,liver cell carcinoma,C2239176,0.75,
8289,malignant neoplasm of bladder,C0005684,0.75,
891,liver cell carcinoma,C2239176,0.75,
5347,liver cell carcinoma,C2239176,0.75,
5879,liver cell carcinoma,C2239176,0.75,
9332,liver cell carcinoma,C2239176,0.75,
11082,liver cell carcinoma,C2239176,0.75,
6714,malignant neoplasm of bladder,C0005684,0.75,
10,liver cell carcinoma,C2239176,0.75,
4796,liver cell carcinoma,C2239176,0.75,
1728,malignant neoplasm of bladder,C0005684,0.75,
2182,liver cell carcinoma,C2239176,0.75,
2705,renal cell carcinoma,C0007134,0.75,
5395,carcinoma of endometrium,C0476089,0.75,
11186,carcinoma of endometrium,C0476089,0.75,
112399,renal cell carcinoma,C0007134,0.75,
1436,renal cell carcinoma,C0007134,0.75,
8862,liver cell carcinoma,C2239176,0.75,
9133,liver cell carcinoma,C2239176,0.75,
9232,liver cell carcinoma,C2239176,0.75,
8797,malignant neoplasm of bladder,C0005684,0.75,
3417,liver cell carcinoma,C2239176,0.75,
3832,liver cell carcinoma,C2239176,0.75,
2171,liver cell carcinoma,C2239176,0.75,
6319,liver cell carcinoma,C2239176,0.75,
7070,liver cell carcinoma,C2239176,0.75,
673,carcinoma of endometrium,C0476089,0.75,
5468,liver cell carcinoma,C2239176,0.75,
2099,liver cell carcinoma,C2239176,0.75,
5925,"cancer, ovarian",C1140680,0.75,
5105,liver cell carcinoma,C2239176,0.75,
3815,"cancer, ovarian",C1140680,0.75,
367,liver cell carcinoma,C2239176,0.75,
2354,liver cell carcinoma,C2239176,0.75,
4854,liver cell carcinoma,C2239176,0.75,
3479,malignant neoplasm of bladder,C0005684,0.75,
4143,liver cell carcinoma,C2239176,0.75,
6241,liver cell carcinoma,C2239176,0.75,
1027,"cancer, ovarian",C1140680,0.75,
5925,liver cell carcinoma,C2239176,0.75,
682,liver cell carcinoma,C2239176,0.75,
54106,liver cell carcinoma,C2239176,0.75,
2735,liver cell carcinoma,C2239176,0.75,
2690,liver cell carcinoma,C2239176,0.75,
3440,liver cell carcinoma,C2239176,0.75,
672,carcinoma of endometrium,C0476089,0.75,
1958,liver cell carcinoma,C2239176,0.75,
1440,malignant neoplasm of bladder,C0005684,0.75,
999,renal cell carcinoma,C0007134,0.75,
1312,"cancer, ovarian",C1140680,0.75,
328,malignant neoplasm of bladder,C0005684,0.75,
2246,malignant neoplasm of bladder,C0005684,0.75,
4436,malignant neoplasm of bladder,C0005684,0.75,
84868,renal cell carcinoma,C0007134,0.75,
8835,liver cell carcinoma,C2239176,0.75,
9681,liver cell carcinoma,C2239176,0.75,
5230,liver cell carcinoma,C2239176,0.75,
4437,carcinoma of endometrium,C0476089,0.75,
5295,carcinoma of endometrium,C0476089,0.75,
238,"cancer, ovarian",C1140680,0.75,
259266,liver cell carcinoma,C2239176,0.75,
335,liver cell carcinoma,C2239176,0.75,
5914,liver cell carcinoma,C2239176,0.75,
7153,liver cell carcinoma,C2239176,0.75,
5315,liver cell carcinoma,C2239176,0.75,
3725,liver cell carcinoma,C2239176,0.75,
2194,liver cell carcinoma,C2239176,0.75,
328,liver cell carcinoma,C2239176,0.75,
2100,malignant neoplasm of bladder,C0005684,0.75,
238,renal cell carcinoma,C0007134,0.75,
2099,malignant neoplasm of bladder,C0005684,0.75,
8289,carcinoma of endometrium,C0476089,0.75,
10537,liver cell carcinoma,C2239176,0.75,
9055,liver cell carcinoma,C2239176,0.75,
4524,liver cell carcinoma,C2239176,0.75,
4323,liver cell carcinoma,C2239176,0.75,
5820,liver cell carcinoma,C2239176,0.75,
1063,liver cell carcinoma,C2239176,0.75,
7052,renal cell carcinoma,C0007134,0.75,
7515,renal cell carcinoma,C0007134,0.75,
2950,renal cell carcinoma,C0007134,0.75,
9429,renal cell carcinoma,C0007134,0.75,
6720,liver cell carcinoma,C2239176,0.75,
8743,renal cell carcinoma,C0007134,0.75,
1543,malignant neoplasm of bladder,C0005684,0.75,
2034,liver cell carcinoma,C2239176,0.75,
5155,liver cell carcinoma,C2239176,0.75,
6528,liver cell carcinoma,C2239176,0.75,
2263,carcinoma of endometrium,C0476089,0.75,
2065,malignant neoplasm of bladder,C0005684,0.75,
3091,malignant neoplasm of bladder,C0005684,0.75,
1806,liver cell carcinoma,C2239176,0.75,
9021,liver cell carcinoma,C2239176,0.75,
2353,liver cell carcinoma,C2239176,0.75,
1030,malignant neoplasm of bladder,C0005684,0.75,
1869,liver cell carcinoma,C2239176,0.75,
3667,liver cell carcinoma,C2239176,0.75,
1019,liver cell carcinoma,C2239176,0.75,
6556,malignant neoplasm of bladder,C0005684,0.75,
330,liver cell carcinoma,C2239176,0.75,
3156,liver cell carcinoma,C2239176,0.75,
1019,malignant neoplasm of bladder,C0005684,0.75,
5979,liver cell carcinoma,C2239176,0.7,
6348,liver cell carcinoma,C2239176,0.7,
7412,liver cell carcinoma,C2239176,0.7,
3557,liver cell carcinoma,C2239176,0.7,
4137,liver cell carcinoma,C2239176,0.7,
3855,renal cell carcinoma,C0007134,0.7,
4524,renal cell carcinoma,C0007134,0.7,
4771,renal cell carcinoma,C0007134,0.7,
5058,renal cell carcinoma,C0007134,0.7,
10788,liver cell carcinoma,C2239176,0.7,
10262,liver cell carcinoma,C2239176,0.7,
6597,liver cell carcinoma,C2239176,0.7,
55143,liver cell carcinoma,C2239176,0.7,
9493,liver cell carcinoma,C2239176,0.7,
9833,liver cell carcinoma,C2239176,0.7,
2691,"cancer, ovarian",C1140680,0.7,
22974,liver cell carcinoma,C2239176,0.7,
3313,liver cell carcinoma,C2239176,0.7,
898,malignant neoplasm of bladder,C0005684,0.7,
842,malignant neoplasm of bladder,C0005684,0.7,
2876,liver cell carcinoma,C2239176,0.7,
6422,liver cell carcinoma,C2239176,0.7,
672,malignant neoplasm of bladder,C0005684,0.7,
100507436,liver cell carcinoma,C2239176,0.7,
7067,renal cell carcinoma,C0007134,0.7,
10643,liver cell carcinoma,C2239176,0.7,
113130,liver cell carcinoma,C2239176,0.7,
2081,liver cell carcinoma,C2239176,0.7,
2638,liver cell carcinoma,C2239176,0.7,
4615,liver cell carcinoma,C2239176,0.7,
8000,malignant neoplasm of bladder,C0005684,0.7,
6928,renal cell carcinoma,C0007134,0.7,
3566,renal cell carcinoma,C0007134,0.7,
675,carcinoma of endometrium,C0476089,0.7,
1634,liver cell carcinoma,C2239176,0.7,
4361,"cancer, ovarian",C1140680,0.7,
6580,liver cell carcinoma,C2239176,0.7,
4085,liver cell carcinoma,C2239176,0.7,
6721,liver cell carcinoma,C2239176,0.7,
5156,"cancer, ovarian",C1140680,0.7,
4751,liver cell carcinoma,C2239176,0.7,
2691,renal cell carcinoma,C0007134,0.7,
3728,renal cell carcinoma,C0007134,0.7,
345,liver cell carcinoma,C2239176,0.7,
23451,liver cell carcinoma,C2239176,0.7,
60529,liver cell carcinoma,C2239176,0.7,
6514,liver cell carcinoma,C2239176,0.7,
6635,liver cell carcinoma,C2239176,0.7,
701,liver cell carcinoma,C2239176,0.7,
4978,"cancer, ovarian",C1140680,0.7,
6427,liver cell carcinoma,C2239176,0.7,
2950,"cancer, ovarian",C1140680,0.7,
3315,liver cell carcinoma,C2239176,0.7,
2876,malignant neoplasm of bladder,C0005684,0.7,
3117,liver cell carcinoma,C2239176,0.7,
8140,liver cell carcinoma,C2239176,0.7,
83932,liver cell carcinoma,C2239176,0.7,
8535,liver cell carcinoma,C2239176,0.7,
10112,liver cell carcinoma,C2239176,0.7,
110806263,liver cell carcinoma,C2239176,0.7,
29089,liver cell carcinoma,C2239176,0.7,
5783,liver cell carcinoma,C2239176,0.7,
59067,liver cell carcinoma,C2239176,0.7,
407018,liver cell carcinoma,C2239176,0.7,
4771,liver cell carcinoma,C2239176,0.7,
2175,"cancer, ovarian",C1140680,0.7,
6794,"cancer, ovarian",C1140680,0.7,
6928,"cancer, ovarian",C1140680,0.7,
4176,liver cell carcinoma,C2239176,0.7,
5970,renal cell carcinoma,C0007134,0.7,
2705,liver cell carcinoma,C2239176,0.7,
11065,liver cell carcinoma,C2239176,0.7,
11186,"cancer, ovarian",C1140680,0.7,
1030,liver cell carcinoma,C2239176,0.7,
2068,"cancer, ovarian",C1140680,0.7,
4792,liver cell carcinoma,C2239176,0.7,
406937,malignant neoplasm of bladder,C0005684,0.7,
8493,"cancer, ovarian",C1140680,0.7,
29923,liver cell carcinoma,C2239176,0.7,
3950,liver cell carcinoma,C2239176,0.7,
51441,liver cell carcinoma,C2239176,0.7,
54443,liver cell carcinoma,C2239176,0.7,
2932,malignant neoplasm of bladder,C0005684,0.7,
3579,malignant neoplasm of bladder,C0005684,0.7,
127,liver cell carcinoma,C2239176,0.7,
324,renal cell carcinoma,C0007134,0.7,
966,"cancer, ovarian",C1140680,0.7,
7037,"cancer, ovarian",C1140680,0.7,
7980,liver cell carcinoma,C2239176,0.7,
9768,liver cell carcinoma,C2239176,0.7,
6657,malignant neoplasm of bladder,C0005684,0.7,
79068,renal cell carcinoma,C0007134,0.65,
10403,liver cell carcinoma,C2239176,0.65,
1012,malignant neoplasm of bladder,C0005684,0.65,
11200,malignant neoplasm of bladder,C0005684,0.65,
7046,malignant neoplasm of bladder,C0005684,0.65,
406984,liver cell carcinoma,C2239176,0.65,
7083,liver cell carcinoma,C2239176,0.65,
7514,liver cell carcinoma,C2239176,0.65,
64151,liver cell carcinoma,C2239176,0.65,
51284,liver cell carcinoma,C2239176,0.65,
8720,liver cell carcinoma,C2239176,0.65,
1012,"cancer, ovarian",C1140680,0.65,
4968,"cancer, ovarian",C1140680,0.65,
4089,carcinoma of endometrium,C0476089,0.65,
3570,renal cell carcinoma,C0007134,0.65,
2322,liver cell carcinoma,C2239176,0.65,
9928,liver cell carcinoma,C2239176,0.65,
51438,liver cell carcinoma,C2239176,0.65,
8797,renal cell carcinoma,C0007134,0.65,
10533,liver cell carcinoma,C2239176,0.65,
11185,liver cell carcinoma,C2239176,0.65,
122953,liver cell carcinoma,C2239176,0.65,
1509,liver cell carcinoma,C2239176,0.65,
2248,liver cell carcinoma,C2239176,0.65,
10024,liver cell carcinoma,C2239176,0.65,
8621,liver cell carcinoma,C2239176,0.65,
54984,liver cell carcinoma,C2239176,0.65,
5836,liver cell carcinoma,C2239176,0.65,
406994,liver cell carcinoma,C2239176,0.65,
407011,liver cell carcinoma,C2239176,0.65,
4297,liver cell carcinoma,C2239176,0.65,
51179,liver cell carcinoma,C2239176,0.65,
51719,liver cell carcinoma,C2239176,0.65,
5218,liver cell carcinoma,C2239176,0.65,
5245,liver cell carcinoma,C2239176,0.65,
675,malignant neoplasm of bladder,C0005684,0.65,
6817,malignant neoplasm of bladder,C0005684,0.65,
360,malignant neoplasm of bladder,C0005684,0.65,
406943,carcinoma of endometrium,C0476089,0.65,
328,"cancer, ovarian",C1140680,0.65,
4153,"cancer, ovarian",C1140680,0.65,
4312,"cancer, ovarian",C1140680,0.65,
1646,liver cell carcinoma,C2239176,0.65,
5698,renal cell carcinoma,C0007134,0.65,
4312,renal cell carcinoma,C0007134,0.65,
5447,malignant neoplasm of bladder,C0005684,0.65,
1052,liver cell carcinoma,C2239176,0.65,
6888,liver cell carcinoma,C2239176,0.65,
22849,liver cell carcinoma,C2239176,0.65,
983,malignant neoplasm of bladder,C0005684,0.65,
3486,malignant neoplasm of bladder,C0005684,0.65,
1017,renal cell carcinoma,C0007134,0.65,
112398,renal cell carcinoma,C0007134,0.65,
405,renal cell carcinoma,C0007134,0.65,
1058,liver cell carcinoma,C2239176,0.65,
8805,liver cell carcinoma,C2239176,0.65,
894,liver cell carcinoma,C2239176,0.65,
9043,liver cell carcinoma,C2239176,0.65,
9099,liver cell carcinoma,C2239176,0.65,
9343,liver cell carcinoma,C2239176,0.65,
9448,liver cell carcinoma,C2239176,0.65,
4504,malignant neoplasm of bladder,C0005684,0.65,
7498,malignant neoplasm of bladder,C0005684,0.65,
3488,malignant neoplasm of bladder,C0005684,0.65,
2778,liver cell carcinoma,C2239176,0.65,
406968,liver cell carcinoma,C2239176,0.65,
2069,liver cell carcinoma,C2239176,0.65,
5502,liver cell carcinoma,C2239176,0.65,
58508,liver cell carcinoma,C2239176,0.65,
64478,liver cell carcinoma,C2239176,0.65,
6678,carcinoma of endometrium,C0476089,0.65,
5267,liver cell carcinoma,C2239176,0.65,
2023,liver cell carcinoma,C2239176,0.65,
688,malignant neoplasm of bladder,C0005684,0.65,
79733,liver cell carcinoma,C2239176,0.65,
7376,liver cell carcinoma,C2239176,0.65,
3660,liver cell carcinoma,C2239176,0.65,
356,malignant neoplasm of bladder,C0005684,0.65,
6648,"cancer, ovarian",C1140680,0.65,
3123,renal cell carcinoma,C0007134,0.65,
4314,renal cell carcinoma,C0007134,0.65,
5546,renal cell carcinoma,C0007134,0.65,
7068,renal cell carcinoma,C0007134,0.65,
811,liver cell carcinoma,C2239176,0.65,
8826,liver cell carcinoma,C2239176,0.65,
9592,liver cell carcinoma,C2239176,0.65,
1230,liver cell carcinoma,C2239176,0.65,
128239,liver cell carcinoma,C2239176,0.65,
2,liver cell carcinoma,C2239176,0.65,
2923,liver cell carcinoma,C2239176,0.65,
2998,liver cell carcinoma,C2239176,0.65,
3169,liver cell carcinoma,C2239176,0.65,
3191,liver cell carcinoma,C2239176,0.65,
10979,malignant neoplasm of bladder,C0005684,0.65,
5893,liver cell carcinoma,C2239176,0.65,
6197,liver cell carcinoma,C2239176,0.65,
4552,liver cell carcinoma,C2239176,0.65,
5166,liver cell carcinoma,C2239176,0.65,
5335,liver cell carcinoma,C2239176,0.65,
5469,liver cell carcinoma,C2239176,0.65,
7011,liver cell carcinoma,C2239176,0.65,
4519,malignant neoplasm of bladder,C0005684,0.65,
7097,malignant neoplasm of bladder,C0005684,0.65,
84171,malignant neoplasm of bladder,C0005684,0.65,
864,carcinoma of endometrium,C0476089,0.65,
2073,"cancer, ovarian",C1140680,0.65,
55135,"cancer, ovarian",C1140680,0.65,
3833,liver cell carcinoma,C2239176,0.65,
84107,liver cell carcinoma,C2239176,0.65,
51,liver cell carcinoma,C2239176,0.65,
7403,liver cell carcinoma,C2239176,0.65,
4361,malignant neoplasm of bladder,C0005684,0.65,
60,liver cell carcinoma,C2239176,0.65,
1890,malignant neoplasm of bladder,C0005684,0.65,
54658,"cancer, ovarian",C1140680,0.65,
57405,liver cell carcinoma,C2239176,0.65,
1356,liver cell carcinoma,C2239176,0.65,
79366,malignant neoplasm of bladder,C0005684,0.65,
55840,liver cell carcinoma,C2239176,0.65,
8435,liver cell carcinoma,C2239176,0.65,
8660,liver cell carcinoma,C2239176,0.65,
9077,liver cell carcinoma,C2239176,0.65,
922,liver cell carcinoma,C2239176,0.65,
768218,liver cell carcinoma,C2239176,0.65,
3491,liver cell carcinoma,C2239176,0.65,
1959,liver cell carcinoma,C2239176,0.65,
4204,liver cell carcinoma,C2239176,0.65,
47,liver cell carcinoma,C2239176,0.65,
51085,liver cell carcinoma,C2239176,0.65,
51302,liver cell carcinoma,C2239176,0.65,
56992,liver cell carcinoma,C2239176,0.65,
57510,liver cell carcinoma,C2239176,0.65,
5885,liver cell carcinoma,C2239176,0.65,
619556,liver cell carcinoma,C2239176,0.65,
23671,malignant neoplasm of bladder,C0005684,0.65,
3557,malignant neoplasm of bladder,C0005684,0.65,
7078,malignant neoplasm of bladder,C0005684,0.65,
8085,malignant neoplasm of bladder,C0005684,0.65,
8651,malignant neoplasm of bladder,C0005684,0.65,
4255,malignant neoplasm of bladder,C0005684,0.65,
4548,malignant neoplasm of bladder,C0005684,0.65,
6659,malignant neoplasm of bladder,C0005684,0.65,
1312,renal cell carcinoma,C0007134,0.65,
682,renal cell carcinoma,C0007134,0.65,
7161,renal cell carcinoma,C0007134,0.65,
4057,renal cell carcinoma,C0007134,0.65,
657,"cancer, ovarian",C1140680,0.65,
1801,"cancer, ovarian",C1140680,0.65,
3728,"cancer, ovarian",C1140680,0.65,
5378,"cancer, ovarian",C1140680,0.65,
10111,"cancer, ovarian",C1140680,0.65,
5578,"cancer, ovarian",C1140680,0.65,
4914,"cancer, ovarian",C1140680,0.65,
100126315,liver cell carcinoma,C2239176,0.65,
55789,liver cell carcinoma,C2239176,0.65,
10468,liver cell carcinoma,C2239176,0.65,
2878,liver cell carcinoma,C2239176,0.65,
2249,liver cell carcinoma,C2239176,0.65,
8880,liver cell carcinoma,C2239176,0.65,
9759,malignant neoplasm of bladder,C0005684,0.65,
9817,renal cell carcinoma,C0007134,0.65,
5816,renal cell carcinoma,C0007134,0.6,
6513,renal cell carcinoma,C0007134,0.6,
6648,renal cell carcinoma,C0007134,0.6,
95,renal cell carcinoma,C0007134,0.6,
307,renal cell carcinoma,C0007134,0.6,
11093,liver cell carcinoma,C2239176,0.6,
1306,liver cell carcinoma,C2239176,0.6,
146909,liver cell carcinoma,C2239176,0.6,
157313,liver cell carcinoma,C2239176,0.6,
1586,liver cell carcinoma,C2239176,0.6,
8318,liver cell carcinoma,C2239176,0.6,
83854,liver cell carcinoma,C2239176,0.6,
9126,liver cell carcinoma,C2239176,0.6,
990,liver cell carcinoma,C2239176,0.6,
10332,liver cell carcinoma,C2239176,0.6,
2775,liver cell carcinoma,C2239176,0.6,
29108,liver cell carcinoma,C2239176,0.6,
3209,liver cell carcinoma,C2239176,0.6,
2052,malignant neoplasm of bladder,C0005684,0.6,
55388,liver cell carcinoma,C2239176,0.6,
55723,liver cell carcinoma,C2239176,0.6,
51201,liver cell carcinoma,C2239176,0.6,
51512,liver cell carcinoma,C2239176,0.6,
5307,liver cell carcinoma,C2239176,0.6,
6695,liver cell carcinoma,C2239176,0.6,
699,liver cell carcinoma,C2239176,0.6,
7546,liver cell carcinoma,C2239176,0.6,
760,liver cell carcinoma,C2239176,0.6,
79728,carcinoma of endometrium,C0476089,0.6,
4595,carcinoma of endometrium,C0476089,0.6,
1012,carcinoma of endometrium,C0476089,0.6,
55227,liver cell carcinoma,C2239176,0.6,
5858,liver cell carcinoma,C2239176,0.6,
3977,liver cell carcinoma,C2239176,0.6,
81620,liver cell carcinoma,C2239176,0.6,
5226,liver cell carcinoma,C2239176,0.6,
27030,"cancer, ovarian",C1140680,0.6,
6016,liver cell carcinoma,C2239176,0.6,
6647,malignant neoplasm of bladder,C0005684,0.6,
1031,liver cell carcinoma,C2239176,0.6,
10894,liver cell carcinoma,C2239176,0.6,
79831,liver cell carcinoma,C2239176,0.6,
9156,liver cell carcinoma,C2239176,0.6,
9787,liver cell carcinoma,C2239176,0.6,
51203,liver cell carcinoma,C2239176,0.6,
51316,liver cell carcinoma,C2239176,0.6,
55165,liver cell carcinoma,C2239176,0.6,
79444,renal cell carcinoma,C0007134,0.6,
3303,malignant neoplasm of bladder,C0005684,0.6,
317,renal cell carcinoma,C0007134,0.6,
170392,liver cell carcinoma,C2239176,0.6,
1894,liver cell carcinoma,C2239176,0.6,
22994,liver cell carcinoma,C2239176,0.6,
10111,liver cell carcinoma,C2239176,0.6,
81539,liver cell carcinoma,C2239176,0.6,
8405,liver cell carcinoma,C2239176,0.6,
8438,liver cell carcinoma,C2239176,0.6,
84904,liver cell carcinoma,C2239176,0.6,
9510,liver cell carcinoma,C2239176,0.6,
55247,liver cell carcinoma,C2239176,0.6,
639,liver cell carcinoma,C2239176,0.6,
4199,liver cell carcinoma,C2239176,0.6,
65010,liver cell carcinoma,C2239176,0.6,
7001,liver cell carcinoma,C2239176,0.6,
29127,liver cell carcinoma,C2239176,0.6,
407050,malignant neoplasm of bladder,C0005684,0.6,
847,malignant neoplasm of bladder,C0005684,0.6,
387,malignant neoplasm of bladder,C0005684,0.6,
4353,malignant neoplasm of bladder,C0005684,0.6,
5873,malignant neoplasm of bladder,C0005684,0.6,
5874,malignant neoplasm of bladder,C0005684,0.6,
641,carcinoma of endometrium,C0476089,0.6,
701,"cancer, ovarian",C1140680,0.6,
9401,"cancer, ovarian",C1140680,0.6,
1508,renal cell carcinoma,C0007134,0.6,
8242,renal cell carcinoma,C0007134,0.6,
11200,carcinoma of endometrium,C0476089,0.6,
3717,malignant neoplasm of bladder,C0005684,0.6,
387103,liver cell carcinoma,C2239176,0.6,
9837,liver cell carcinoma,C2239176,0.6,
3235,liver cell carcinoma,C2239176,0.6,
864,"cancer, ovarian",C1140680,0.6,
10950,renal cell carcinoma,C0007134,0.6,
2188,"cancer, ovarian",C1140680,0.6,
7507,"cancer, ovarian",C1140680,0.6,
10327,liver cell carcinoma,C2239176,0.6,
3897,renal cell carcinoma,C0007134,0.6,
6921,renal cell carcinoma,C0007134,0.6,
10584,liver cell carcinoma,C2239176,0.6,
1540,liver cell carcinoma,C2239176,0.6,
81610,liver cell carcinoma,C2239176,0.6,
10460,malignant neoplasm of bladder,C0005684,0.6,
5646,malignant neoplasm of bladder,C0005684,0.6,
7364,malignant neoplasm of bladder,C0005684,0.6,
9611,malignant neoplasm of bladder,C0005684,0.6,
1580,malignant neoplasm of bladder,C0005684,0.6,
3149,malignant neoplasm of bladder,C0005684,0.6,
2781,liver cell carcinoma,C2239176,0.6,
307,liver cell carcinoma,C2239176,0.6,
3148,liver cell carcinoma,C2239176,0.6,
319,liver cell carcinoma,C2239176,0.6,
4598,liver cell carcinoma,C2239176,0.6,
50,liver cell carcinoma,C2239176,0.6,
1776,liver cell carcinoma,C2239176,0.6,
1820,liver cell carcinoma,C2239176,0.6,
1893,liver cell carcinoma,C2239176,0.6,
221150,liver cell carcinoma,C2239176,0.6,
574451,liver cell carcinoma,C2239176,0.6,
6756,liver cell carcinoma,C2239176,0.6,
5889,carcinoma of endometrium,C0476089,0.6,
5727,"cancer, ovarian",C1140680,0.6,
8313,"cancer, ovarian",C1140680,0.6,
2938,"cancer, ovarian",C1140680,0.6,
100302203,"cancer, ovarian",C1140680,0.6,
1012,liver cell carcinoma,C2239176,0.6,
4171,liver cell carcinoma,C2239176,0.6,
7272,liver cell carcinoma,C2239176,0.6,
150468,liver cell carcinoma,C2239176,0.6,
79019,liver cell carcinoma,C2239176,0.6,
9547,liver cell carcinoma,C2239176,0.6,
4502,liver cell carcinoma,C2239176,0.6,
641,"cancer, ovarian",C1140680,0.6,
83540,liver cell carcinoma,C2239176,0.6,
2033,malignant neoplasm of bladder,C0005684,0.6,
5443,renal cell carcinoma,C0007134,0.6,
53353,liver cell carcinoma,C2239176,0.6,
6455,liver cell carcinoma,C2239176,0.6,
7248,liver cell carcinoma,C2239176,0.6,
240,renal cell carcinoma,C0007134,0.6,
3315,renal cell carcinoma,C0007134,0.6,
3596,renal cell carcinoma,C0007134,0.6,
10397,renal cell carcinoma,C0007134,0.6,
1612,renal cell carcinoma,C0007134,0.6,
81930,liver cell carcinoma,C2239176,0.6,
8407,liver cell carcinoma,C2239176,0.6,
8667,liver cell carcinoma,C2239176,0.6,
8900,liver cell carcinoma,C2239176,0.6,
11130,liver cell carcinoma,C2239176,0.6,
1312,liver cell carcinoma,C2239176,0.6,
10460,liver cell carcinoma,C2239176,0.6,
197358,liver cell carcinoma,C2239176,0.6,
220134,liver cell carcinoma,C2239176,0.6,
22822,liver cell carcinoma,C2239176,0.6,
23397,liver cell carcinoma,C2239176,0.6,
27085,liver cell carcinoma,C2239176,0.6,
28982,liver cell carcinoma,C2239176,0.6,
31,liver cell carcinoma,C2239176,0.6,
3418,liver cell carcinoma,C2239176,0.6,
2954,malignant neoplasm of bladder,C0005684,0.6,
330,malignant neoplasm of bladder,C0005684,0.6,
406892,malignant neoplasm of bladder,C0005684,0.6,
119391,malignant neoplasm of bladder,C0005684,0.6,
463,liver cell carcinoma,C2239176,0.6,
51514,liver cell carcinoma,C2239176,0.6,
51582,liver cell carcinoma,C2239176,0.6,
64399,liver cell carcinoma,C2239176,0.6,
7538,liver cell carcinoma,C2239176,0.6,
406962,malignant neoplasm of bladder,C0005684,0.6,
58508,malignant neoplasm of bladder,C0005684,0.6,
3265,carcinoma of endometrium,C0476089,0.6,
580,carcinoma of endometrium,C0476089,0.6,
2176,"cancer, ovarian",C1140680,0.6,
5979,"cancer, ovarian",C1140680,0.6,
6041,"cancer, ovarian",C1140680,0.6,
6927,"cancer, ovarian",C1140680,0.6,
7508,"cancer, ovarian",C1140680,0.6,
8805,"cancer, ovarian",C1140680,0.6,
51053,liver cell carcinoma,C2239176,0.6,
24137,liver cell carcinoma,C2239176,0.6,
11004,liver cell carcinoma,C2239176,0.6,
83461,liver cell carcinoma,C2239176,0.6,
637,liver cell carcinoma,C2239176,0.6,
11315,liver cell carcinoma,C2239176,0.6,
51266,liver cell carcinoma,C2239176,0.6,
55355,liver cell carcinoma,C2239176,0.6,
3716,"cancer, ovarian",C1140680,0.6,
5052,liver cell carcinoma,C2239176,0.6,
2908,renal cell carcinoma,C0007134,0.6,
7248,malignant neoplasm of bladder,C0005684,0.6,
2177,liver cell carcinoma,C2239176,0.6,
6423,renal cell carcinoma,C0007134,0.6,
9353,liver cell carcinoma,C2239176,0.6,
9588,liver cell carcinoma,C2239176,0.6,
7054,liver cell carcinoma,C2239176,0.6,
7433,liver cell carcinoma,C2239176,0.6,
995,liver cell carcinoma,C2239176,0.6,
2823,liver cell carcinoma,C2239176,0.6,
3206,liver cell carcinoma,C2239176,0.6,
390,liver cell carcinoma,C2239176,0.6,
1827,liver cell carcinoma,C2239176,0.6,
4683,liver cell carcinoma,C2239176,0.6,
54894,liver cell carcinoma,C2239176,0.6,
6091,liver cell carcinoma,C2239176,0.6,
1387,malignant neoplasm of bladder,C0005684,0.6,
23600,malignant neoplasm of bladder,C0005684,0.6,
2735,malignant neoplasm of bladder,C0005684,0.6,
3205,malignant neoplasm of bladder,C0005684,0.6,
4016,malignant neoplasm of bladder,C0005684,0.6,
7037,malignant neoplasm of bladder,C0005684,0.6,
8314,malignant neoplasm of bladder,C0005684,0.6,
406921,malignant neoplasm of bladder,C0005684,0.6,
407006,malignant neoplasm of bladder,C0005684,0.6,
407018,malignant neoplasm of bladder,C0005684,0.6,
407055,malignant neoplasm of bladder,C0005684,0.6,
57412,malignant neoplasm of bladder,C0005684,0.6,
574452,malignant neoplasm of bladder,C0005684,0.6,
10486,liver cell carcinoma,C2239176,0.6,
1062,liver cell carcinoma,C2239176,0.6,
10990,liver cell carcinoma,C2239176,0.6,
114990,liver cell carcinoma,C2239176,0.6,
1387,liver cell carcinoma,C2239176,0.6,
148,liver cell carcinoma,C2239176,0.6,
1509,renal cell carcinoma,C0007134,0.6,
2071,"cancer, ovarian",C1140680,0.6,
2177,"cancer, ovarian",C1140680,0.6,
338,"cancer, ovarian",C1140680,0.6,
729082,"cancer, ovarian",C1140680,0.6,
84909,"cancer, ovarian",C1140680,0.6,
8626,"cancer, ovarian",C1140680,0.6,
151,liver cell carcinoma,C2239176,0.6,
472,carcinoma of endometrium,C0476089,0.6,
4601,"cancer, ovarian",C1140680,0.6,
267,malignant neoplasm of bladder,C0005684,0.6,
6941,liver cell carcinoma,C2239176,0.6,
1951,liver cell carcinoma,C2239176,0.6,
79574,liver cell carcinoma,C2239176,0.6,
899,liver cell carcinoma,C2239176,0.6,
9088,liver cell carcinoma,C2239176,0.6,
11197,malignant neoplasm of bladder,C0005684,0.6,
55635,liver cell carcinoma,C2239176,0.6,
9319,liver cell carcinoma,C2239176,0.6,
79682,liver cell carcinoma,C2239176,0.6,
8685,liver cell carcinoma,C2239176,0.6,
9824,liver cell carcinoma,C2239176,0.6,
55872,liver cell carcinoma,C2239176,0.6,
7372,liver cell carcinoma,C2239176,0.6,
873,liver cell carcinoma,C2239176,0.6,
3978,malignant neoplasm of bladder,C0005684,0.6,
5423,malignant neoplasm of bladder,C0005684,0.6,
900,"cancer, ovarian",C1140680,0.6,
4846,"cancer, ovarian",C1140680,0.6,
5965,liver cell carcinoma,C2239176,0.6,
3113,liver cell carcinoma,C2239176,0.55,
5395,liver cell carcinoma,C2239176,0.55,
5428,liver cell carcinoma,C2239176,0.55,
3077,"cancer, ovarian",C1140680,0.55,
8216,liver cell carcinoma,C2239176,0.55,
4824,liver cell carcinoma,C2239176,0.55,
727897,malignant neoplasm of bladder,C0005684,0.55,
2026,malignant neoplasm of bladder,C0005684,0.55,
25913,"cancer, ovarian",C1140680,0.55,
4646,"cancer, ovarian",C1140680,0.55,
10000,renal cell carcinoma,C0007134,0.55,
54583,renal cell carcinoma,C0007134,0.55,
949,renal cell carcinoma,C0007134,0.55,
22937,liver cell carcinoma,C2239176,0.55,
117145,liver cell carcinoma,C2239176,0.55,
84231,liver cell carcinoma,C2239176,0.55,
22897,liver cell carcinoma,C2239176,0.55,
3329,renal cell carcinoma,C0007134,0.55,
517,renal cell carcinoma,C0007134,0.55,
7873,renal cell carcinoma,C0007134,0.55,
11197,renal cell carcinoma,C0007134,0.55,
4297,malignant neoplasm of bladder,C0005684,0.55,
64127,"cancer, ovarian",C1140680,0.55,
8516,"cancer, ovarian",C1140680,0.55,
55576,liver cell carcinoma,C2239176,0.55,
8406,liver cell carcinoma,C2239176,0.55,
5157,liver cell carcinoma,C2239176,0.55,
3456,malignant neoplasm of bladder,C0005684,0.55,
8312,malignant neoplasm of bladder,C0005684,0.55,
84925,renal cell carcinoma,C0007134,0.55,
27030,carcinoma of endometrium,C0476089,0.55,
80028,liver cell carcinoma,C2239176,0.55,
1381,renal cell carcinoma,C0007134,0.5,
720,renal cell carcinoma,C0007134,0.5,
835,renal cell carcinoma,C0007134,0.5,
11318,liver cell carcinoma,C2239176,0.5,
83483,liver cell carcinoma,C2239176,0.5,
83597,liver cell carcinoma,C2239176,0.5,
84879,liver cell carcinoma,C2239176,0.5,
85416,liver cell carcinoma,C2239176,0.5,
2242,liver cell carcinoma,C2239176,0.5,
1559,malignant neoplasm of bladder,C0005684,0.5,
4489,malignant neoplasm of bladder,C0005684,0.5,
5444,malignant neoplasm of bladder,C0005684,0.5,
7874,malignant neoplasm of bladder,C0005684,0.5,
6194,liver cell carcinoma,C2239176,0.5,
6263,liver cell carcinoma,C2239176,0.5,
5199,liver cell carcinoma,C2239176,0.5,
147372,liver cell carcinoma,C2239176,0.5,
30845,liver cell carcinoma,C2239176,0.5,
3699,liver cell carcinoma,C2239176,0.5,
10992,liver cell carcinoma,C2239176,0.5,
83394,liver cell carcinoma,C2239176,0.5,
87178,liver cell carcinoma,C2239176,0.5,
9636,liver cell carcinoma,C2239176,0.5,
57393,liver cell carcinoma,C2239176,0.5,
57509,liver cell carcinoma,C2239176,0.5,
6608,liver cell carcinoma,C2239176,0.5,
3781,liver cell carcinoma,C2239176,0.5,
8320,malignant neoplasm of bladder,C0005684,0.5,
84181,malignant neoplasm of bladder,C0005684,0.5,
9700,malignant neoplasm of bladder,C0005684,0.5,
2072,malignant neoplasm of bladder,C0005684,0.5,
3768,malignant neoplasm of bladder,C0005684,0.5,
2072,"cancer, ovarian",C1140680,0.5,
55450,"cancer, ovarian",C1140680,0.5,
7253,"cancer, ovarian",C1140680,0.5,
43,renal cell carcinoma,C0007134,0.5,
80178,liver cell carcinoma,C2239176,0.5,
84870,liver cell carcinoma,C2239176,0.5,
4998,liver cell carcinoma,C2239176,0.5,
56892,liver cell carcinoma,C2239176,0.5,
3083,liver cell carcinoma,C2239176,0.5,
23532,renal cell carcinoma,C0007134,0.5,
10961,liver cell carcinoma,C2239176,0.5,
83940,liver cell carcinoma,C2239176,0.5,
8821,liver cell carcinoma,C2239176,0.5,
11243,malignant neoplasm of bladder,C0005684,0.5,
5533,malignant neoplasm of bladder,C0005684,0.5,
8821,malignant neoplasm of bladder,C0005684,0.5,
2175,malignant neoplasm of bladder,C0005684,0.5,
26986,malignant neoplasm of bladder,C0005684,0.5,
442896,liver cell carcinoma,C2239176,0.5,
5745,liver cell carcinoma,C2239176,0.5,
57733,liver cell carcinoma,C2239176,0.5,
7325,liver cell carcinoma,C2239176,0.5,
2178,"cancer, ovarian",C1140680,0.5,
735,liver cell carcinoma,C2239176,0.5,
25903,liver cell carcinoma,C2239176,0.5,
168667,liver cell carcinoma,C2239176,0.5,
7249,"cancer, ovarian",C1140680,0.5,
84735,liver cell carcinoma,C2239176,0.5,
3868,malignant neoplasm of bladder,C0005684,0.5,
4502,malignant neoplasm of bladder,C0005684,0.5,
721,renal cell carcinoma,C0007134,0.5,
8633,renal cell carcinoma,C0007134,0.5,
1410,renal cell carcinoma,C0007134,0.5,
8208,liver cell carcinoma,C2239176,0.5,
84695,liver cell carcinoma,C2239176,0.5,
90381,liver cell carcinoma,C2239176,0.5,
91937,liver cell carcinoma,C2239176,0.5,
282618,liver cell carcinoma,C2239176,0.5,
340152,liver cell carcinoma,C2239176,0.5,
3931,liver cell carcinoma,C2239176,0.5,
55379,liver cell carcinoma,C2239176,0.5,
7053,liver cell carcinoma,C2239176,0.5,
6573,malignant neoplasm of bladder,C0005684,0.5,
2189,"cancer, ovarian",C1140680,0.5,
259307,"cancer, ovarian",C1140680,0.5,
9829,liver cell carcinoma,C2239176,0.5,
3476,liver cell carcinoma,C2239176,0.5,
3813,liver cell carcinoma,C2239176,0.5,
2222,liver cell carcinoma,C2239176,0.5,
23235,liver cell carcinoma,C2239176,0.5,
51166,liver cell carcinoma,C2239176,0.5,
100507500,malignant neoplasm of bladder,C0005684,0.5,
7799,malignant neoplasm of bladder,C0005684,0.5,
11063,liver cell carcinoma,C2239176,0.5,
1393,liver cell carcinoma,C2239176,0.5,
143941,liver cell carcinoma,C2239176,0.5,
216,renal cell carcinoma,C0007134,0.5,
3856,renal cell carcinoma,C0007134,0.5,
5037,renal cell carcinoma,C0007134,0.5,
4837,liver cell carcinoma,C2239176,0.5,
4439,liver cell carcinoma,C2239176,0.5,
4493,liver cell carcinoma,C2239176,0.5,
11326,liver cell carcinoma,C2239176,0.5,
325,liver cell carcinoma,C2239176,0.5,
6240,liver cell carcinoma,C2239176,0.5,
57731,renal cell carcinoma,C0007134,0.45,
406922,liver cell carcinoma,C2239176,0.45,
81037,liver cell carcinoma,C2239176,0.45,
4509,malignant neoplasm of bladder,C0005684,0.45,
5395,malignant neoplasm of bladder,C0005684,0.45,
51176,"cancer, ovarian",C1140680,0.45,
517,malignant neoplasm of bladder,C0005684,0.45,
6416,malignant neoplasm of bladder,C0005684,0.45,
993,malignant neoplasm of bladder,C0005684,0.45,
23081,renal cell carcinoma,C0007134,0.45,
7486,"cancer, ovarian",C1140680,0.45,
4536,malignant neoplasm of bladder,C0005684,0.45,
3557,renal cell carcinoma,C0007134,0.45,
1265,renal cell carcinoma,C0007134,0.4,
55745,renal cell carcinoma,C0007134,0.4,
590,renal cell carcinoma,C0007134,0.4,
8028,renal cell carcinoma,C0007134,0.4,
8407,renal cell carcinoma,C0007134,0.4,
9045,renal cell carcinoma,C0007134,0.4,
91752,renal cell carcinoma,C0007134,0.4,
242,renal cell carcinoma,C0007134,0.4,
25844,renal cell carcinoma,C0007134,0.4,
3882,renal cell carcinoma,C0007134,0.4,
4585,renal cell carcinoma,C0007134,0.4,
50944,renal cell carcinoma,C0007134,0.4,
53353,renal cell carcinoma,C0007134,0.4,
169611,liver cell carcinoma,C2239176,0.4,
81609,liver cell carcinoma,C2239176,0.4,
2563,liver cell carcinoma,C2239176,0.4,
339390,liver cell carcinoma,C2239176,0.4,
160140,malignant neoplasm of bladder,C0005684,0.4,
2186,malignant neoplasm of bladder,C0005684,0.4,
341568,malignant neoplasm of bladder,C0005684,0.4,
3908,malignant neoplasm of bladder,C0005684,0.4,
43,malignant neoplasm of bladder,C0005684,0.4,
5690,malignant neoplasm of bladder,C0005684,0.4,
574455,malignant neoplasm of bladder,C0005684,0.4,
84966,malignant neoplasm of bladder,C0005684,0.4,
54968,liver cell carcinoma,C2239176,0.4,
7375,liver cell carcinoma,C2239176,0.4,
129390903,carcinoma of endometrium,C0476089,0.4,
3483,liver cell carcinoma,C2239176,0.4,
64651,liver cell carcinoma,C2239176,0.4,
1464,liver cell carcinoma,C2239176,0.4,
101927761,"cancer, ovarian",C1140680,0.4,
160140,"cancer, ovarian",C1140680,0.4,
3161,"cancer, ovarian",C1140680,0.4,
4481,"cancer, ovarian",C1140680,0.4,
9227,liver cell carcinoma,C2239176,0.4,
118,liver cell carcinoma,C2239176,0.4,
23060,malignant neoplasm of bladder,C0005684,0.4,
126806658,liver cell carcinoma,C2239176,0.4,
2108,liver cell carcinoma,C2239176,0.4,
80168,liver cell carcinoma,C2239176,0.4,
84873,liver cell carcinoma,C2239176,0.4,
3182,liver cell carcinoma,C2239176,0.4,
3556,liver cell carcinoma,C2239176,0.4,
389558,liver cell carcinoma,C2239176,0.4,
693124,malignant neoplasm of bladder,C0005684,0.4,
81037,malignant neoplasm of bladder,C0005684,0.4,
9649,malignant neoplasm of bladder,C0005684,0.4,
146177,malignant neoplasm of bladder,C0005684,0.4,
26259,malignant neoplasm of bladder,C0005684,0.4,
27127,malignant neoplasm of bladder,C0005684,0.4,
29119,malignant neoplasm of bladder,C0005684,0.4,
3670,malignant neoplasm of bladder,C0005684,0.4,
10723,malignant neoplasm of bladder,C0005684,0.4,
115399,malignant neoplasm of bladder,C0005684,0.4,
126862571,malignant neoplasm of bladder,C0005684,0.4,
126807437,carcinoma of endometrium,C0476089,0.4,
160140,carcinoma of endometrium,C0476089,0.4,
9870,carcinoma of endometrium,C0476089,0.4,
23095,"cancer, ovarian",C1140680,0.4,
7248,"cancer, ovarian",C1140680,0.4,
11170,"cancer, ovarian",C1140680,0.4,
10481,renal cell carcinoma,C0007134,0.4,
6261,renal cell carcinoma,C0007134,0.4,
6526,renal cell carcinoma,C0007134,0.4,
91662,renal cell carcinoma,C0007134,0.4,
9745,renal cell carcinoma,C0007134,0.4,
283092,renal cell carcinoma,C0007134,0.4,
3035,renal cell carcinoma,C0007134,0.4,
3313,renal cell carcinoma,C0007134,0.4,
4074,renal cell carcinoma,C0007134,0.4,
9920,liver cell carcinoma,C2239176,0.4,
85480,liver cell carcinoma,C2239176,0.4,
723961,liver cell carcinoma,C2239176,0.4,
7442,malignant neoplasm of bladder,C0005684,0.4,
51360,liver cell carcinoma,C2239176,0.4,
25953,renal cell carcinoma,C0007134,0.4,
2886,renal cell carcinoma,C0007134,0.4,
3778,renal cell carcinoma,C0007134,0.4,
54790,renal cell carcinoma,C0007134,0.4,
55367,renal cell carcinoma,C0007134,0.4,
81562,renal cell carcinoma,C0007134,0.4,
114804,liver cell carcinoma,C2239176,0.4,
129994371,liver cell carcinoma,C2239176,0.4,
139420,liver cell carcinoma,C2239176,0.4,
79968,liver cell carcinoma,C2239176,0.4,
85445,liver cell carcinoma,C2239176,0.4,
9125,liver cell carcinoma,C2239176,0.4,
126806658,malignant neoplasm of bladder,C0005684,0.4,
50807,malignant neoplasm of bladder,C0005684,0.4,
513,malignant neoplasm of bladder,C0005684,0.4,
51479,malignant neoplasm of bladder,C0005684,0.4,
55252,malignant neoplasm of bladder,C0005684,0.4,
8243,malignant neoplasm of bladder,C0005684,0.4,
255022,malignant neoplasm of bladder,C0005684,0.4,
374887,malignant neoplasm of bladder,C0005684,0.4,
374569,liver cell carcinoma,C2239176,0.4,
3954,liver cell carcinoma,C2239176,0.4,
5317,liver cell carcinoma,C2239176,0.4,
693200,liver cell carcinoma,C2239176,0.4,
54949,"cancer, ovarian",C1140680,0.4,
55654,"cancer, ovarian",C1140680,0.4,
60528,"cancer, ovarian",C1140680,0.4,
6598,"cancer, ovarian",C1140680,0.4,
201163,"cancer, ovarian",C1140680,0.4,
2131,"cancer, ovarian",C1140680,0.4,
2132,"cancer, ovarian",C1140680,0.4,
126862571,"cancer, ovarian",C1140680,0.4,
129390903,"cancer, ovarian",C1140680,0.4,
3284,liver cell carcinoma,C2239176,0.4,
387775,liver cell carcinoma,C2239176,0.4,
25891,liver cell carcinoma,C2239176,0.4,
83875,liver cell carcinoma,C2239176,0.4,
79742,liver cell carcinoma,C2239176,0.4,
284013,renal cell carcinoma,C0007134,0.4,
353,renal cell carcinoma,C0007134,0.4,
3945,renal cell carcinoma,C0007134,0.4,
5230,renal cell carcinoma,C0007134,0.4,
56776,renal cell carcinoma,C0007134,0.4,
822,renal cell carcinoma,C0007134,0.4,
8790,renal cell carcinoma,C0007134,0.4,
8821,renal cell carcinoma,C0007134,0.4,
11214,renal cell carcinoma,C0007134,0.4,
142685,renal cell carcinoma,C0007134,0.4,
144132,renal cell carcinoma,C0007134,0.4,
1938,renal cell carcinoma,C0007134,0.4,
210,renal cell carcinoma,C0007134,0.4,
23224,renal cell carcinoma,C0007134,0.4,
10293,liver cell carcinoma,C2239176,0.4,
115399,liver cell carcinoma,C2239176,0.4,
126806659,liver cell carcinoma,C2239176,0.4,
129997612,liver cell carcinoma,C2239176,0.4,
131669,liver cell carcinoma,C2239176,0.4,
25913,liver cell carcinoma,C2239176,0.4,
284403,liver cell carcinoma,C2239176,0.4,
1463,malignant neoplasm of bladder,C0005684,0.4,
1586,malignant neoplasm of bladder,C0005684,0.4,
290,malignant neoplasm of bladder,C0005684,0.4,
57512,liver cell carcinoma,C2239176,0.4,
7345,liver cell carcinoma,C2239176,0.4,
7571,liver cell carcinoma,C2239176,0.4,
407041,malignant neoplasm of bladder,C0005684,0.4,
4763,malignant neoplasm of bladder,C0005684,0.4,
8394,malignant neoplasm of bladder,C0005684,0.4,
8836,malignant neoplasm of bladder,C0005684,0.4,
1719,carcinoma of endometrium,C0476089,0.4,
100533467,"cancer, ovarian",C1140680,0.4,
115795,"cancer, ovarian",C1140680,0.4,
283600,liver cell carcinoma,C2239176,0.4,
1621,liver cell carcinoma,C2239176,0.4,
170712,liver cell carcinoma,C2239176,0.4,
400258,liver cell carcinoma,C2239176,0.4,
7263,liver cell carcinoma,C2239176,0.4,
55215,liver cell carcinoma,C2239176,0.4,
57125,liver cell carcinoma,C2239176,0.4,
140767,malignant neoplasm of bladder,C0005684,0.4,
225689,malignant neoplasm of bladder,C0005684,0.4,
4108,malignant neoplasm of bladder,C0005684,0.4,
5819,malignant neoplasm of bladder,C0005684,0.4,
10476,liver cell carcinoma,C2239176,0.4,
10404,renal cell carcinoma,C0007134,0.4,
114788,renal cell carcinoma,C0007134,0.4,
120892,renal cell carcinoma,C0007134,0.4,
23042,renal cell carcinoma,C0007134,0.4,
9820,renal cell carcinoma,C0007134,0.4,
79026,renal cell carcinoma,C0007134,0.4,
84433,renal cell carcinoma,C0007134,0.4,
8738,renal cell carcinoma,C0007134,0.4,
89795,renal cell carcinoma,C0007134,0.4,
343930,renal cell carcinoma,C0007134,0.4,
5162,renal cell carcinoma,C0007134,0.4,
129933707,carcinoma of endometrium,C0476089,0.4,
92822,"cancer, ovarian",C1140680,0.4,
107303338,"cancer, ovarian",C1140680,0.4,
83876,liver cell carcinoma,C2239176,0.4,
4489,liver cell carcinoma,C2239176,0.4,
675,"neoplasm, prostatic",C0033578,1.0,
238,neuroblastoma,C0027819,1.0,
4613,neuroblastoma,C0027819,1.0,
7157,lymphomas,C0024299,1.0,
1586,"neoplasm, prostatic",C0033578,1.0,
3486,"neoplasm, prostatic",C0033578,1.0,
2950,"neoplasm, prostatic",C0033578,1.0,
7157,"neoplasm, prostatic",C0033578,1.0,
1499,"neoplasm, prostatic",C0033578,1.0,
672,"neoplasm, prostatic",C0033578,1.0,
3091,"neoplasm, prostatic",C0033578,1.0,
2099,"neoplasm, prostatic",C0033578,1.0,
7124,"neoplasm, prostatic",C0033578,1.0,
7422,"neoplasm, prostatic",C0033578,1.0,
55,"neoplasm, prostatic",C0033578,1.0,
5728,"neoplasm, prostatic",C0033578,1.0,
596,"neoplasm, prostatic",C0033578,1.0,
2475,"neoplasm, prostatic",C0033578,1.0,
4790,"neoplasm, prostatic",C0033578,1.0,
8929,neuroblastoma,C0027819,1.0,
6774,"neoplasm, prostatic",C0033578,1.0,
4609,"neoplasm, prostatic",C0033578,1.0,
5925,retinoblastoma,C0035335,1.0,
7421,"neoplasm, prostatic",C0033578,1.0,
1956,"neoplasm, prostatic",C0033578,1.0,
207,"neoplasm, prostatic",C0033578,1.0,
367,"neoplasm, prostatic",C0033578,1.0,
5743,"neoplasm, prostatic",C0033578,1.0,
5290,"neoplasm, prostatic",C0033578,1.0,
2100,"neoplasm, prostatic",C0033578,1.0,
3479,"neoplasm, prostatic",C0033578,1.0,
2064,"neoplasm, prostatic",C0033578,1.0,
4824,"neoplasm, prostatic",C0033578,1.0,
10481,"neoplasm, prostatic",C0033578,1.0,
463,"neoplasm, prostatic",C0033578,0.95,
3630,"neoplasm, prostatic",C0033578,0.95,
7157,neuroblastoma,C0027819,0.95,
2078,"neoplasm, prostatic",C0033578,0.95,
1316,"neoplasm, prostatic",C0033578,0.95,
857,"neoplasm, prostatic",C0033578,0.95,
332,"neoplasm, prostatic",C0033578,0.95,
999,"neoplasm, prostatic",C0033578,0.95,
354,"neoplasm, prostatic",C0033578,0.95,
3569,"neoplasm, prostatic",C0033578,0.95,
10,"neoplasm, prostatic",C0033578,0.95,
5925,"neoplasm, prostatic",C0033578,0.95,
142,"neoplasm, prostatic",C0033578,0.95,
6716,"neoplasm, prostatic",C0033578,0.95,
208,"neoplasm, prostatic",C0033578,0.95,
632,"neoplasm, prostatic",C0033578,0.95,
2146,"neoplasm, prostatic",C0033578,0.95,
2346,"neoplasm, prostatic",C0033578,0.95,
8405,"neoplasm, prostatic",C0033578,0.95,
3383,"neoplasm, prostatic",C0033578,0.95,
1950,"neoplasm, prostatic",C0033578,0.95,
2944,"neoplasm, prostatic",C0033578,0.95,
4318,"neoplasm, prostatic",C0033578,0.95,
11200,"neoplasm, prostatic",C0033578,0.95,
4361,carcinoma of breast,C0678222,0.9,
389421,neuroblastoma,C0027819,0.9,
2099,carcinoma of breast,C0678222,0.9,
1956,carcinoma of breast,C0678222,0.9,
5290,carcinoma of breast,C0678222,0.9,
5728,carcinoma of breast,C0678222,0.9,
999,carcinoma of breast,C0678222,0.9,
857,carcinoma of breast,C0678222,0.9,
9622,"neoplasm, prostatic",C0033578,0.9,
1029,"neoplasm, prostatic",C0033578,0.9,
1543,"neoplasm, prostatic",C0033578,0.9,
3845,"neoplasm, prostatic",C0033578,0.9,
55840,"neoplasm, prostatic",C0033578,0.9,
1312,"neoplasm, prostatic",C0033578,0.9,
2068,"neoplasm, prostatic",C0033578,0.9,
1026,"neoplasm, prostatic",C0033578,0.9,
7291,carcinoma of breast,C0678222,0.9,
595,"neoplasm, prostatic",C0033578,0.9,
4615,lymphomas,C0024299,0.9,
7157,carcinoma of breast,C0678222,0.9,
672,carcinoma of breast,C0678222,0.9,
7040,"neoplasm, prostatic",C0033578,0.9,
11200,carcinoma of breast,C0678222,0.9,
1786,"neoplasm, prostatic",C0033578,0.9,
472,"neoplasm, prostatic",C0033578,0.9,
1027,"neoplasm, prostatic",C0033578,0.9,
79728,carcinoma of breast,C0678222,0.9,
6387,carcinoma of breast,C0678222,0.9,
283,"neoplasm, prostatic",C0033578,0.9,
5291,"neoplasm, prostatic",C0033578,0.9,
2026,"neoplasm, prostatic",C0033578,0.9,
10892,lymphomas,C0024299,0.9,
675,carcinoma of breast,C0678222,0.9,
7424,carcinoma of breast,C0678222,0.9,
1019,carcinoma of breast,C0678222,0.9,
472,carcinoma of breast,C0678222,0.9,
5728,lymphomas,C0024299,0.9,
1113,"neoplasm, prostatic",C0033578,0.9,
355,"neoplasm, prostatic",C0033578,0.9,
23600,"neoplasm, prostatic",C0033578,0.9,
10499,"neoplasm, prostatic",C0033578,0.9,
1019,"neoplasm, prostatic",C0033578,0.9,
6715,"neoplasm, prostatic",C0033578,0.85,
1105,"neoplasm, prostatic",C0033578,0.85,
23671,"neoplasm, prostatic",C0033578,0.85,
6885,"neoplasm, prostatic",C0033578,0.85,
54361,"neoplasm, prostatic",C0033578,0.85,
7472,carcinoma of breast,C0678222,0.85,
4481,"neoplasm, prostatic",C0033578,0.85,
655,"neoplasm, prostatic",C0033578,0.85,
2952,"neoplasm, prostatic",C0033578,0.85,
324,"neoplasm, prostatic",C0033578,0.85,
83990,carcinoma of breast,C0678222,0.85,
6794,carcinoma of breast,C0678222,0.85,
5595,"neoplasm, prostatic",C0033578,0.85,
6041,"neoplasm, prostatic",C0033578,0.85,
4233,carcinoma of breast,C0678222,0.85,
1508,"neoplasm, prostatic",C0033578,0.85,
8644,"neoplasm, prostatic",C0033578,0.85,
6790,neuroblastoma,C0027819,0.85,
545,"neoplasm, prostatic",C0033578,0.85,
4193,"neoplasm, prostatic",C0033578,0.85,
2247,"neoplasm, prostatic",C0033578,0.85,
3169,"neoplasm, prostatic",C0033578,0.85,
4914,neuroblastoma,C0027819,0.85,
3558,"neoplasm, prostatic",C0033578,0.85,
356,"neoplasm, prostatic",C0033578,0.85,
79728,"neoplasm, prostatic",C0033578,0.85,
29126,lymphomas,C0024299,0.85,
154,"neoplasm, prostatic",C0033578,0.85,
3417,"neoplasm, prostatic",C0033578,0.85,
4851,lymphomas,C0024299,0.85,
2146,lymphomas,C0024299,0.85,
2908,"neoplasm, prostatic",C0033578,0.85,
960,neuroblastoma,C0027819,0.85,
3586,"neoplasm, prostatic",C0033578,0.85,
7431,"neoplasm, prostatic",C0033578,0.85,
3952,"neoplasm, prostatic",C0033578,0.85,
9518,"neoplasm, prostatic",C0033578,0.85,
4780,"neoplasm, prostatic",C0033578,0.85,
10013,"neoplasm, prostatic",C0033578,0.85,
8000,"neoplasm, prostatic",C0033578,0.85,
6657,"neoplasm, prostatic",C0033578,0.85,
5054,"neoplasm, prostatic",C0033578,0.85,
928,"neoplasm, prostatic",C0033578,0.85,
1576,"neoplasm, prostatic",C0033578,0.85,
1191,"neoplasm, prostatic",C0033578,0.85,
51755,"neoplasm, prostatic",C0033578,0.85,
4233,"neoplasm, prostatic",C0033578,0.85,
5329,"neoplasm, prostatic",C0033578,0.85,
891,"neoplasm, prostatic",C0033578,0.85,
80381,"neoplasm, prostatic",C0033578,0.85,
650,"neoplasm, prostatic",C0033578,0.85,
4282,"neoplasm, prostatic",C0033578,0.85,
4292,"neoplasm, prostatic",C0033578,0.85,
6387,"neoplasm, prostatic",C0033578,0.85,
673,"neoplasm, prostatic",C0033578,0.85,
5567,"neoplasm, prostatic",C0033578,0.85,
4072,"neoplasm, prostatic",C0033578,0.85,
1012,carcinoma of breast,C0678222,0.8,
1017,"neoplasm, prostatic",C0033578,0.8,
2047,"neoplasm, prostatic",C0033578,0.8,
5290,neuroblastoma,C0027819,0.8,
6768,"neoplasm, prostatic",C0033578,0.8,
5889,carcinoma of breast,C0678222,0.8,
7037,carcinoma of breast,C0678222,0.8,
324,carcinoma of breast,C0678222,0.8,
4292,lymphomas,C0024299,0.8,
8202,"neoplasm, prostatic",C0033578,0.8,
4601,"neoplasm, prostatic",C0033578,0.8,
7048,"neoplasm, prostatic",C0033578,0.8,
6790,"neoplasm, prostatic",C0033578,0.8,
23095,neuroblastoma,C0027819,0.8,
7068,carcinoma of breast,C0678222,0.8,
7251,carcinoma of breast,C0678222,0.8,
7153,"neoplasm, prostatic",C0033578,0.8,
1147,"neoplasm, prostatic",C0033578,0.8,
3480,neuroblastoma,C0027819,0.8,
6256,"neoplasm, prostatic",C0033578,0.8,
331,"neoplasm, prostatic",C0033578,0.8,
153090,"neoplasm, prostatic",C0033578,0.8,
1634,carcinoma of breast,C0678222,0.8,
580,carcinoma of breast,C0678222,0.8,
4477,"neoplasm, prostatic",C0033578,0.8,
5037,"neoplasm, prostatic",C0033578,0.8,
6721,"neoplasm, prostatic",C0033578,0.8,
4893,lymphomas,C0024299,0.8,
387,carcinoma of breast,C0678222,0.8,
4683,carcinoma of breast,C0678222,0.8,
1029,neuroblastoma,C0027819,0.8,
4830,neuroblastoma,C0027819,0.8,
5444,"neoplasm, prostatic",C0033578,0.8,
4683,"neoplasm, prostatic",C0033578,0.8,
6648,"neoplasm, prostatic",C0033578,0.8,
2264,"neoplasm, prostatic",C0033578,0.8,
3845,lymphomas,C0024299,0.8,
4792,"neoplasm, prostatic",C0033578,0.8,
572,"neoplasm, prostatic",C0033578,0.8,
328,"neoplasm, prostatic",C0033578,0.8,
4436,carcinoma of breast,C0678222,0.8,
4004,neuroblastoma,C0027819,0.8,
581,"neoplasm, prostatic",C0033578,0.8,
1029,lymphomas,C0024299,0.8,
7015,"neoplasm, prostatic",C0033578,0.8,
7515,"neoplasm, prostatic",C0033578,0.8,
4609,neuroblastoma,C0027819,0.8,
4292,carcinoma of breast,C0678222,0.8,
894,"neoplasm, prostatic",C0033578,0.8,
5074,"neoplasm, prostatic",C0033578,0.8,
4915,neuroblastoma,C0027819,0.8,
10397,"neoplasm, prostatic",C0033578,0.8,
6462,"neoplasm, prostatic",C0033578,0.8,
3283,"neoplasm, prostatic",C0033578,0.8,
7099,"neoplasm, prostatic",C0033578,0.8,
1577,"neoplasm, prostatic",C0033578,0.8,
6690,"neoplasm, prostatic",C0033578,0.8,
3667,"neoplasm, prostatic",C0033578,0.8,
2956,carcinoma of breast,C0678222,0.75,
9,"neoplasm, prostatic",C0033578,0.75,
10451,"neoplasm, prostatic",C0033578,0.75,
6594,"neoplasm, prostatic",C0033578,0.75,
10320,lymphomas,C0024299,0.75,
2697,"neoplasm, prostatic",C0033578,0.75,
3553,neuroblastoma,C0027819,0.75,
563,"neoplasm, prostatic",C0033578,0.75,
6714,"neoplasm, prostatic",C0033578,0.75,
7852,"neoplasm, prostatic",C0033578,0.75,
11009,"neoplasm, prostatic",C0033578,0.75,
4311,"neoplasm, prostatic",C0033578,0.75,
196,"neoplasm, prostatic",C0033578,0.75,
2115,"neoplasm, prostatic",C0033578,0.75,
10551,"neoplasm, prostatic",C0033578,0.75,
29072,"neoplasm, prostatic",C0033578,0.75,
1509,"neoplasm, prostatic",C0033578,0.75,
7432,"neoplasm, prostatic",C0033578,0.75,
1588,"neoplasm, prostatic",C0033578,0.75,
6414,"neoplasm, prostatic",C0033578,0.75,
8289,neuroblastoma,C0027819,0.75,
3162,"neoplasm, prostatic",C0033578,0.75,
7163,"neoplasm, prostatic",C0033578,0.75,
8743,"neoplasm, prostatic",C0033578,0.75,
10413,neuroblastoma,C0027819,0.75,
26038,neuroblastoma,C0027819,0.75,
2878,"neoplasm, prostatic",C0033578,0.75,
5465,"neoplasm, prostatic",C0033578,0.75,
7514,"neoplasm, prostatic",C0033578,0.75,
3717,"neoplasm, prostatic",C0033578,0.75,
9611,"neoplasm, prostatic",C0033578,0.75,
4893,neuroblastoma,C0027819,0.75,
6927,carcinoma of breast,C0678222,0.75,
7012,"neoplasm, prostatic",C0033578,0.75,
221895,"neoplasm, prostatic",C0033578,0.75,
2308,"neoplasm, prostatic",C0033578,0.75,
3249,"neoplasm, prostatic",C0033578,0.75,
1545,"neoplasm, prostatic",C0033578,0.75,
1958,"neoplasm, prostatic",C0033578,0.75,
8754,"neoplasm, prostatic",C0033578,0.75,
5744,"neoplasm, prostatic",C0033578,0.75,
1636,"neoplasm, prostatic",C0033578,0.75,
5979,carcinoma of breast,C0678222,0.75,
4353,"neoplasm, prostatic",C0033578,0.75,
10645,"neoplasm, prostatic",C0033578,0.75,
2932,"neoplasm, prostatic",C0033578,0.75,
2625,neuroblastoma,C0027819,0.75,
5243,neuroblastoma,C0027819,0.75,
6772,carcinoma of breast,C0678222,0.75,
406991,"neoplasm, prostatic",C0033578,0.75,
7367,"neoplasm, prostatic",C0033578,0.75,
5892,carcinoma of breast,C0678222,0.75,
3551,"neoplasm, prostatic",C0033578,0.75,
5590,"neoplasm, prostatic",C0033578,0.75,
4846,"neoplasm, prostatic",C0033578,0.75,
5727,carcinoma of breast,C0678222,0.75,
10111,carcinoma of breast,C0678222,0.75,
780,carcinoma of breast,C0678222,0.75,
1029,retinoblastoma,C0035335,0.75,
780,"neoplasm, prostatic",C0033578,0.75,
6528,"neoplasm, prostatic",C0033578,0.75,
3293,"neoplasm, prostatic",C0033578,0.75,
11186,"neoplasm, prostatic",C0033578,0.75,
960,"neoplasm, prostatic",C0033578,0.75,
2925,"neoplasm, prostatic",C0033578,0.75,
7124,neuroblastoma,C0027819,0.75,
842,"neoplasm, prostatic",C0033578,0.75,
2065,"neoplasm, prostatic",C0033578,0.75,
5781,neuroblastoma,C0027819,0.75,
7039,"neoplasm, prostatic",C0033578,0.75,
467,"neoplasm, prostatic",C0033578,0.75,
8085,lymphomas,C0024299,0.75,
3606,"neoplasm, prostatic",C0033578,0.75,
1387,"neoplasm, prostatic",C0033578,0.75,
2118,"neoplasm, prostatic",C0033578,0.75,
5395,carcinoma of breast,C0678222,0.75,
7015,neuroblastoma,C0027819,0.75,
580,neuroblastoma,C0027819,0.75,
60528,"neoplasm, prostatic",C0033578,0.75,
5698,lymphomas,C0024299,0.75,
5328,"neoplasm, prostatic",C0033578,0.75,
7054,neuroblastoma,C0027819,0.75,
1030,lymphomas,C0024299,0.75,
7078,carcinoma of breast,C0678222,0.75,
23411,"neoplasm, prostatic",C0033578,0.75,
240,"neoplasm, prostatic",C0033578,0.75,
3303,"neoplasm, prostatic",C0033578,0.75,
8648,"neoplasm, prostatic",C0033578,0.75,
567,"neoplasm, prostatic",C0033578,0.75,
3265,"neoplasm, prostatic",C0033578,0.75,
27173,"neoplasm, prostatic",C0033578,0.75,
10000,"neoplasm, prostatic",C0033578,0.75,
2052,"neoplasm, prostatic",C0033578,0.75,
3265,neuroblastoma,C0027819,0.75,
796,"neoplasm, prostatic",C0033578,0.75,
664,"neoplasm, prostatic",C0033578,0.7,
79689,"neoplasm, prostatic",C0033578,0.7,
3945,"neoplasm, prostatic",C0033578,0.7,
5604,"neoplasm, prostatic",C0033578,0.7,
5293,"neoplasm, prostatic",C0033578,0.7,
3557,"neoplasm, prostatic",C0033578,0.7,
7298,"neoplasm, prostatic",C0033578,0.7,
5295,"neoplasm, prostatic",C0033578,0.7,
2678,"neoplasm, prostatic",C0033578,0.7,
4437,"neoplasm, prostatic",C0033578,0.7,
57531,neuroblastoma,C0027819,0.7,
7516,carcinoma of breast,C0678222,0.7,
7079,"neoplasm, prostatic",C0033578,0.7,
7258,"neoplasm, prostatic",C0033578,0.7,
8829,"neoplasm, prostatic",C0033578,0.7,
54790,"neoplasm, prostatic",C0033578,0.7,
3603,"neoplasm, prostatic",C0033578,0.7,
5176,"neoplasm, prostatic",C0033578,0.7,
2099,neuroblastoma,C0027819,0.7,
8743,neuroblastoma,C0027819,0.7,
4599,"neoplasm, prostatic",C0033578,0.7,
246778,"neoplasm, prostatic",C0033578,0.7,
12,"neoplasm, prostatic",C0033578,0.7,
5655,"neoplasm, prostatic",C0033578,0.7,
58508,"neoplasm, prostatic",C0033578,0.7,
23705,carcinoma of breast,C0678222,0.7,
4804,"neoplasm, prostatic",C0033578,0.7,
23476,"neoplasm, prostatic",C0033578,0.7,
274,carcinoma of breast,C0678222,0.7,
2272,"neoplasm, prostatic",C0033578,0.7,
116986,"neoplasm, prostatic",C0033578,0.7,
8667,"neoplasm, prostatic",C0033578,0.7,
4968,"neoplasm, prostatic",C0033578,0.7,
4322,"neoplasm, prostatic",C0033578,0.7,
4595,carcinoma of breast,C0678222,0.7,
57492,neuroblastoma,C0027819,0.7,
2119,"neoplasm, prostatic",C0033578,0.7,
3728,"neoplasm, prostatic",C0033578,0.7,
8651,"neoplasm, prostatic",C0033578,0.7,
5591,"neoplasm, prostatic",C0033578,0.7,
301,"neoplasm, prostatic",C0033578,0.7,
4524,"neoplasm, prostatic",C0033578,0.7,
2072,carcinoma of breast,C0678222,0.7,
10664,"neoplasm, prostatic",C0033578,0.7,
5894,"neoplasm, prostatic",C0033578,0.7,
6817,"neoplasm, prostatic",C0033578,0.7,
6928,"neoplasm, prostatic",C0033578,0.7,
8797,"neoplasm, prostatic",C0033578,0.7,
1789,"neoplasm, prostatic",C0033578,0.7,
1728,"neoplasm, prostatic",C0033578,0.7,
64816,"neoplasm, prostatic",C0033578,0.7,
5970,lymphomas,C0024299,0.7,
4233,neuroblastoma,C0027819,0.65,
10408,neuroblastoma,C0027819,0.65,
11200,neuroblastoma,C0027819,0.65,
1012,"neoplasm, prostatic",C0033578,0.65,
10417,"neoplasm, prostatic",C0033578,0.65,
8409,"neoplasm, prostatic",C0033578,0.65,
861,"neoplasm, prostatic",C0033578,0.65,
1410,"neoplasm, prostatic",C0033578,0.65,
56924,"neoplasm, prostatic",C0033578,0.65,
3572,"neoplasm, prostatic",C0033578,0.65,
406899,"neoplasm, prostatic",C0033578,0.65,
4507,"neoplasm, prostatic",C0033578,0.65,
3148,"neoplasm, prostatic",C0033578,0.65,
5395,lymphomas,C0024299,0.65,
638,"neoplasm, prostatic",C0033578,0.65,
3456,neuroblastoma,C0027819,0.65,
7403,"neoplasm, prostatic",C0033578,0.65,
993,"neoplasm, prostatic",C0033578,0.65,
306,"neoplasm, prostatic",C0033578,0.65,
1465,"neoplasm, prostatic",C0033578,0.65,
5781,lymphomas,C0024299,0.65,
4548,retinoblastoma,C0035335,0.65,
7110,"neoplasm, prostatic",C0033578,0.65,
7415,"neoplasm, prostatic",C0033578,0.65,
7874,"neoplasm, prostatic",C0033578,0.65,
51750,"neoplasm, prostatic",C0033578,0.65,
5607,"neoplasm, prostatic",C0033578,0.65,
84444,"neoplasm, prostatic",C0033578,0.65,
8804,"neoplasm, prostatic",C0033578,0.65,
3670,neuroblastoma,C0027819,0.65,
3845,neuroblastoma,C0027819,0.65,
5144,"neoplasm, prostatic",C0033578,0.65,
995,"neoplasm, prostatic",C0033578,0.65,
8626,"neoplasm, prostatic",C0033578,0.65,
64919,lymphomas,C0024299,0.65,
2182,"neoplasm, prostatic",C0033578,0.65,
5170,"neoplasm, prostatic",C0033578,0.65,
9055,carcinoma of breast,C0678222,0.65,
80204,carcinoma of breast,C0678222,0.65,
384,"neoplasm, prostatic",C0033578,0.65,
7184,"neoplasm, prostatic",C0033578,0.65,
6820,"neoplasm, prostatic",C0033578,0.65,
7097,"neoplasm, prostatic",C0033578,0.65,
8085,"neoplasm, prostatic",C0033578,0.65,
26298,"neoplasm, prostatic",C0033578,0.65,
2650,"neoplasm, prostatic",C0033578,0.65,
11176,"neoplasm, prostatic",C0033578,0.65,
1317,"neoplasm, prostatic",C0033578,0.65,
1604,"neoplasm, prostatic",C0033578,0.65,
1902,"neoplasm, prostatic",C0033578,0.65,
84818,"neoplasm, prostatic",C0033578,0.65,
9869,"neoplasm, prostatic",C0033578,0.65,
3399,"neoplasm, prostatic",C0033578,0.65,
9817,"neoplasm, prostatic",C0033578,0.65,
3716,"neoplasm, prostatic",C0033578,0.65,
11178,carcinoma of breast,C0678222,0.65,
3123,carcinoma of breast,C0678222,0.65,
5420,"neoplasm, prostatic",C0033578,0.65,
10857,"neoplasm, prostatic",C0033578,0.65,
10951,"neoplasm, prostatic",C0033578,0.65,
23705,"neoplasm, prostatic",C0033578,0.65,
3326,"neoplasm, prostatic",C0033578,0.65,
3925,"neoplasm, prostatic",C0033578,0.65,
4878,"neoplasm, prostatic",C0033578,0.65,
6934,"neoplasm, prostatic",C0033578,0.65,
7068,"neoplasm, prostatic",C0033578,0.65,
6541,"neoplasm, prostatic",C0033578,0.65,
7251,"neoplasm, prostatic",C0033578,0.65,
8900,"neoplasm, prostatic",C0033578,0.65,
4513,neuroblastoma,C0027819,0.65,
2690,"neoplasm, prostatic",C0033578,0.65,
573,"neoplasm, prostatic",C0033578,0.65,
590,neuroblastoma,C0027819,0.65,
1063,"neoplasm, prostatic",C0033578,0.65,
10810,"neoplasm, prostatic",C0033578,0.65,
10928,"neoplasm, prostatic",C0033578,0.65,
5652,"neoplasm, prostatic",C0033578,0.65,
5176,retinoblastoma,C0035335,0.65,
811,"neoplasm, prostatic",C0033578,0.65,
7416,"neoplasm, prostatic",C0033578,0.65,
3123,"neoplasm, prostatic",C0033578,0.65,
3977,"neoplasm, prostatic",C0033578,0.65,
4036,"neoplasm, prostatic",C0033578,0.65,
4297,"neoplasm, prostatic",C0033578,0.65,
4585,"neoplasm, prostatic",C0033578,0.65,
10587,"neoplasm, prostatic",C0033578,0.65,
6822,"neoplasm, prostatic",C0033578,0.65,
4835,carcinoma of breast,C0678222,0.65,
5610,"neoplasm, prostatic",C0033578,0.65,
79718,"neoplasm, prostatic",C0033578,0.65,
2181,"neoplasm, prostatic",C0033578,0.65,
4826,neuroblastoma,C0027819,0.6,
2260,neuroblastoma,C0027819,0.6,
19,carcinoma of breast,C0678222,0.6,
658,"neoplasm, prostatic",C0033578,0.6,
6783,"neoplasm, prostatic",C0033578,0.6,
7430,"neoplasm, prostatic",C0033578,0.6,
8452,"neoplasm, prostatic",C0033578,0.6,
9446,"neoplasm, prostatic",C0033578,0.6,
116113,"neoplasm, prostatic",C0033578,0.6,
1366,"neoplasm, prostatic",C0033578,0.6,
1571,"neoplasm, prostatic",C0033578,0.6,
1605,"neoplasm, prostatic",C0033578,0.6,
51135,"neoplasm, prostatic",C0033578,0.6,
5172,"neoplasm, prostatic",C0033578,0.6,
5371,"neoplasm, prostatic",C0033578,0.6,
55072,"neoplasm, prostatic",C0033578,0.6,
3482,"neoplasm, prostatic",C0033578,0.6,
4023,"neoplasm, prostatic",C0033578,0.6,
2192,"neoplasm, prostatic",C0033578,0.6,
2591,"neoplasm, prostatic",C0033578,0.6,
28,"neoplasm, prostatic",C0033578,0.6,
2923,"neoplasm, prostatic",C0033578,0.6,
2947,"neoplasm, prostatic",C0033578,0.6,
5444,lymphomas,C0024299,0.6,
2052,lymphomas,C0024299,0.6,
10257,"neoplasm, prostatic",C0033578,0.6,
8854,"neoplasm, prostatic",C0033578,0.6,
5160,"neoplasm, prostatic",C0033578,0.6,
3915,"neoplasm, prostatic",C0033578,0.6,
2255,"neoplasm, prostatic",C0033578,0.6,
22853,"neoplasm, prostatic",C0033578,0.6,
25932,"neoplasm, prostatic",C0033578,0.6,
2938,"neoplasm, prostatic",C0033578,0.6,
307,"neoplasm, prostatic",C0033578,0.6,
11187,"neoplasm, prostatic",C0033578,0.6,
143686,"neoplasm, prostatic",C0033578,0.6,
2012,"neoplasm, prostatic",C0033578,0.6,
2130,"neoplasm, prostatic",C0033578,0.6,
7307,"neoplasm, prostatic",C0033578,0.6,
51341,"neoplasm, prostatic",C0033578,0.6,
54756,"neoplasm, prostatic",C0033578,0.6,
5621,"neoplasm, prostatic",C0033578,0.6,
6376,"neoplasm, prostatic",C0033578,0.6,
6916,"neoplasm, prostatic",C0033578,0.6,
7001,"neoplasm, prostatic",C0033578,0.6,
8314,"neoplasm, prostatic",C0033578,0.6,
8932,"neoplasm, prostatic",C0033578,0.6,
9968,"neoplasm, prostatic",C0033578,0.6,
9464,neuroblastoma,C0027819,0.6,
23301,"neoplasm, prostatic",C0033578,0.6,
5970,neuroblastoma,C0027819,0.6,
5887,"neoplasm, prostatic",C0033578,0.6,
3292,"neoplasm, prostatic",C0033578,0.6,
1621,neuroblastoma,C0027819,0.6,
3981,"neoplasm, prostatic",C0033578,0.6,
10642,neuroblastoma,C0027819,0.6,
6597,neuroblastoma,C0027819,0.6,
27030,carcinoma of breast,C0678222,0.6,
3708,"neoplasm, prostatic",C0033578,0.6,
4361,"neoplasm, prostatic",C0033578,0.6,
5080,"neoplasm, prostatic",C0033578,0.6,
6695,"neoplasm, prostatic",C0033578,0.6,
7704,"neoplasm, prostatic",C0033578,0.6,
54795,"neoplasm, prostatic",C0033578,0.6,
5819,"neoplasm, prostatic",C0033578,0.6,
222546,"neoplasm, prostatic",C0033578,0.6,
2296,"neoplasm, prostatic",C0033578,0.6,
23036,"neoplasm, prostatic",C0033578,0.6,
23210,"neoplasm, prostatic",C0033578,0.6,
23451,"neoplasm, prostatic",C0033578,0.6,
3232,"neoplasm, prostatic",C0033578,0.6,
3284,"neoplasm, prostatic",C0033578,0.6,
1672,"neoplasm, prostatic",C0033578,0.6,
4255,retinoblastoma,C0035335,0.6,
4548,lymphomas,C0024299,0.6,
858,"neoplasm, prostatic",C0033578,0.6,
9420,"neoplasm, prostatic",C0033578,0.6,
9687,"neoplasm, prostatic",C0033578,0.6,
3489,"neoplasm, prostatic",C0033578,0.6,
4318,neuroblastoma,C0027819,0.6,
3248,"neoplasm, prostatic",C0033578,0.6,
7546,"neoplasm, prostatic",C0033578,0.6,
53353,"neoplasm, prostatic",C0033578,0.6,
1647,"neoplasm, prostatic",C0033578,0.6,
148327,"neoplasm, prostatic",C0033578,0.6,
11178,"neoplasm, prostatic",C0033578,0.6,
65018,neuroblastoma,C0027819,0.6,
5034,"neoplasm, prostatic",C0033578,0.6,
3082,neuroblastoma,C0027819,0.6,
4907,neuroblastoma,C0027819,0.6,
51181,"neoplasm, prostatic",C0033578,0.6,
5179,"neoplasm, prostatic",C0033578,0.6,
5378,"neoplasm, prostatic",C0033578,0.6,
5520,"neoplasm, prostatic",C0033578,0.6,
5530,"neoplasm, prostatic",C0033578,0.6,
60526,"neoplasm, prostatic",C0033578,0.6,
1365,"neoplasm, prostatic",C0033578,0.6,
1474,"neoplasm, prostatic",C0033578,0.6,
1488,"neoplasm, prostatic",C0033578,0.6,
2077,"neoplasm, prostatic",C0033578,0.6,
10333,"neoplasm, prostatic",C0033578,0.6,
27242,"neoplasm, prostatic",C0033578,0.6,
316,"neoplasm, prostatic",C0033578,0.6,
3219,"neoplasm, prostatic",C0033578,0.6,
4502,"neoplasm, prostatic",C0033578,0.6,
4925,"neoplasm, prostatic",C0033578,0.6,
5100,"neoplasm, prostatic",C0033578,0.6,
3456,retinoblastoma,C0035335,0.6,
6581,"neoplasm, prostatic",C0033578,0.6,
7178,"neoplasm, prostatic",C0033578,0.6,
8720,"neoplasm, prostatic",C0033578,0.6,
9480,"neoplasm, prostatic",C0033578,0.6,
9564,"neoplasm, prostatic",C0033578,0.6,
56616,"neoplasm, prostatic",C0033578,0.6,
25818,"neoplasm, prostatic",C0033578,0.6,
546,neuroblastoma,C0027819,0.6,
6091,"neoplasm, prostatic",C0033578,0.6,
3417,lymphomas,C0024299,0.6,
81567,"neoplasm, prostatic",C0033578,0.6,
8495,"neoplasm, prostatic",C0033578,0.6,
26499,"neoplasm, prostatic",C0033578,0.6,
2885,"neoplasm, prostatic",C0033578,0.6,
3490,"neoplasm, prostatic",C0033578,0.6,
3690,"neoplasm, prostatic",C0033578,0.6,
4214,"neoplasm, prostatic",C0033578,0.6,
1687,carcinoma of breast,C0678222,0.6,
4524,lymphomas,C0024299,0.6,
27232,"neoplasm, prostatic",C0033578,0.6,
79366,"neoplasm, prostatic",C0033578,0.6,
1565,"neoplasm, prostatic",C0033578,0.6,
8560,"neoplasm, prostatic",C0033578,0.6,
5601,"neoplasm, prostatic",C0033578,0.6,
4602,neuroblastoma,C0027819,0.6,
8379,"neoplasm, prostatic",C0033578,0.6,
373156,"neoplasm, prostatic",C0033578,0.6,
5788,"neoplasm, prostatic",C0033578,0.6,
7100,"neoplasm, prostatic",C0033578,0.6,
1557,"neoplasm, prostatic",C0033578,0.6,
8289,"neoplasm, prostatic",C0033578,0.6,
5608,"neoplasm, prostatic",C0033578,0.6,
781,carcinoma of breast,C0678222,0.55,
54431,"neoplasm, prostatic",C0033578,0.55,
3047,"neoplasm, prostatic",C0033578,0.55,
8379,lymphomas,C0024299,0.55,
4968,lymphomas,C0024299,0.55,
55576,"neoplasm, prostatic",C0033578,0.55,
64324,neuroblastoma,C0027819,0.55,
5734,lymphomas,C0024299,0.55,
3798,"neoplasm, prostatic",C0033578,0.55,
10961,"neoplasm, prostatic",C0033578,0.55,
1108,lymphomas,C0024299,0.55,
693200,"neoplasm, prostatic",C0033578,0.55,
10036,neuroblastoma,C0027819,0.55,
83593,neuroblastoma,C0027819,0.5,
6453,"neoplasm, prostatic",C0033578,0.5,
6890,"neoplasm, prostatic",C0033578,0.5,
79784,"neoplasm, prostatic",C0033578,0.5,
84181,"neoplasm, prostatic",C0033578,0.5,
9203,"neoplasm, prostatic",C0033578,0.5,
64240,"neoplasm, prostatic",C0033578,0.5,
5606,"neoplasm, prostatic",C0033578,0.5,
6223,"neoplasm, prostatic",C0033578,0.5,
6237,"neoplasm, prostatic",C0033578,0.5,
4152,"neoplasm, prostatic",C0033578,0.5,
4158,"neoplasm, prostatic",C0033578,0.5,
4610,"neoplasm, prostatic",C0033578,0.5,
406935,lymphomas,C0024299,0.5,
55829,"neoplasm, prostatic",C0033578,0.5,
23635,"neoplasm, prostatic",C0033578,0.5,
100862704,retinoblastoma,C0035335,0.5,
55827,"neoplasm, prostatic",C0033578,0.5,
6092,"neoplasm, prostatic",C0033578,0.5,
6134,"neoplasm, prostatic",C0033578,0.5,
64374,"neoplasm, prostatic",C0033578,0.5,
6926,"neoplasm, prostatic",C0033578,0.5,
329,neuroblastoma,C0027819,0.5,
5309,"neoplasm, prostatic",C0033578,0.5,
7869,neuroblastoma,C0027819,0.5,
540,"neoplasm, prostatic",C0033578,0.5,
5784,neuroblastoma,C0027819,0.5,
7994,"neoplasm, prostatic",C0033578,0.5,
55256,"neoplasm, prostatic",C0033578,0.5,
10955,"neoplasm, prostatic",C0033578,0.5,
11214,"neoplasm, prostatic",C0033578,0.5,
10161,retinoblastoma,C0035335,0.5,
4763,retinoblastoma,C0035335,0.5,
8339,"neoplasm, prostatic",C0033578,0.5,
902,"neoplasm, prostatic",C0033578,0.5,
51655,"neoplasm, prostatic",C0033578,0.5,
5224,"neoplasm, prostatic",C0033578,0.5,
51132,"neoplasm, prostatic",C0033578,0.5,
54897,"neoplasm, prostatic",C0033578,0.5,
5817,"neoplasm, prostatic",C0033578,0.5,
10948,"neoplasm, prostatic",C0033578,0.5,
114609,"neoplasm, prostatic",C0033578,0.5,
136991,"neoplasm, prostatic",C0033578,0.5,
210,"neoplasm, prostatic",C0033578,0.5,
23013,"neoplasm, prostatic",C0033578,0.5,
242,"neoplasm, prostatic",C0033578,0.5,
43,"neoplasm, prostatic",C0033578,0.5,
50509,"neoplasm, prostatic",C0033578,0.5,
6293,"neoplasm, prostatic",C0033578,0.5,
5727,retinoblastoma,C0035335,0.5,
5880,lymphomas,C0024299,0.5,
7162,"neoplasm, prostatic",C0033578,0.5,
81037,"neoplasm, prostatic",C0033578,0.5,
8537,"neoplasm, prostatic",C0033578,0.5,
9516,"neoplasm, prostatic",C0033578,0.5,
9538,"neoplasm, prostatic",C0033578,0.5,
7480,"neoplasm, prostatic",C0033578,0.5,
7468,lymphomas,C0024299,0.5,
330,neuroblastoma,C0027819,0.5,
4221,neuroblastoma,C0027819,0.5,
5727,neuroblastoma,C0027819,0.5,
10863,"neoplasm, prostatic",C0033578,0.5,
51426,"neoplasm, prostatic",C0033578,0.5,
55035,"neoplasm, prostatic",C0033578,0.5,
55357,"neoplasm, prostatic",C0033578,0.5,
5926,"neoplasm, prostatic",C0033578,0.5,
4149,retinoblastoma,C0035335,0.5,
79728,retinoblastoma,C0035335,0.5,
826,"neoplasm, prostatic",C0033578,0.5,
7114,"neoplasm, prostatic",C0033578,0.5,
7164,"neoplasm, prostatic",C0033578,0.5,
7185,"neoplasm, prostatic",C0033578,0.5,
55210,"neoplasm, prostatic",C0033578,0.5,
873,"neoplasm, prostatic",C0033578,0.5,
5175,neuroblastoma,C0027819,0.45,
8563,carcinoma of breast,C0678222,0.45,
2322,"neoplasm, prostatic",C0033578,0.45,
5049,lymphomas,C0024299,0.45,
100507118,carcinoma of breast,C0678222,0.45,
675,neuroblastoma,C0027819,0.45,
5296,"neoplasm, prostatic",C0033578,0.45,
81704,neuroblastoma,C0027819,0.4,
100529207,carcinoma of breast,C0678222,0.4,
130002133,neuroblastoma,C0027819,0.4,
2175,neuroblastoma,C0027819,0.4,
126862571,carcinoma of breast,C0678222,0.4,
160140,carcinoma of breast,C0678222,0.4,
10040,"neoplasm, prostatic",C0033578,0.4,
1010,"neoplasm, prostatic",C0033578,0.4,
102725176,"neoplasm, prostatic",C0033578,0.4,
678,"neoplasm, prostatic",C0033578,0.4,
6948,"neoplasm, prostatic",C0033578,0.4,
7263,"neoplasm, prostatic",C0033578,0.4,
7352,"neoplasm, prostatic",C0033578,0.4,
7371,"neoplasm, prostatic",C0033578,0.4,
7372,"neoplasm, prostatic",C0033578,0.4,
7862,"neoplasm, prostatic",C0033578,0.4,
84519,"neoplasm, prostatic",C0033578,0.4,
8661,"neoplasm, prostatic",C0033578,0.4,
9380,"neoplasm, prostatic",C0033578,0.4,
10809,"neoplasm, prostatic",C0033578,0.4,
1289,"neoplasm, prostatic",C0033578,0.4,
1306,"neoplasm, prostatic",C0033578,0.4,
1562,"neoplasm, prostatic",C0033578,0.4,
6296,"neoplasm, prostatic",C0033578,0.4,
64579,"neoplasm, prostatic",C0033578,0.4,
6746,"neoplasm, prostatic",C0033578,0.4,
54535,"neoplasm, prostatic",C0033578,0.4,
55198,"neoplasm, prostatic",C0033578,0.4,
55819,"neoplasm, prostatic",C0033578,0.4,
55870,"neoplasm, prostatic",C0033578,0.4,
57646,"neoplasm, prostatic",C0033578,0.4,
5896,"neoplasm, prostatic",C0033578,0.4,
389058,"neoplasm, prostatic",C0033578,0.4,
3913,"neoplasm, prostatic",C0033578,0.4,
50508,"neoplasm, prostatic",C0033578,0.4,
51084,"neoplasm, prostatic",C0033578,0.4,
27134,"neoplasm, prostatic",C0033578,0.4,
285704,"neoplasm, prostatic",C0033578,0.4,
57697,retinoblastoma,C0035335,0.4,
124222,"neoplasm, prostatic",C0033578,0.4,
4782,"neoplasm, prostatic",C0033578,0.4,
4883,"neoplasm, prostatic",C0033578,0.4,
50618,"neoplasm, prostatic",C0033578,0.4,
23197,"neoplasm, prostatic",C0033578,0.4,
23204,"neoplasm, prostatic",C0033578,0.4,
23248,"neoplasm, prostatic",C0033578,0.4,
25792,"neoplasm, prostatic",C0033578,0.4,
26227,"neoplasm, prostatic",C0033578,0.4,
27294,"neoplasm, prostatic",C0033578,0.4,
29893,"neoplasm, prostatic",C0033578,0.4,
10514,"neoplasm, prostatic",C0033578,0.4,
1107,"neoplasm, prostatic",C0033578,0.4,
1266,"neoplasm, prostatic",C0033578,0.4,
10158,"neoplasm, prostatic",C0033578,0.4,
10263,"neoplasm, prostatic",C0033578,0.4,
79574,"neoplasm, prostatic",C0033578,0.4,
79807,"neoplasm, prostatic",C0033578,0.4,
7984,"neoplasm, prostatic",C0033578,0.4,
8086,"neoplasm, prostatic",C0033578,0.4,
55636,"neoplasm, prostatic",C0033578,0.4,
56849,"neoplasm, prostatic",C0033578,0.4,
57185,"neoplasm, prostatic",C0033578,0.4,
5796,"neoplasm, prostatic",C0033578,0.4,
6950,"neoplasm, prostatic",C0033578,0.4,
83606,"neoplasm, prostatic",C0033578,0.4,
93611,"neoplasm, prostatic",C0033578,0.4,
9709,"neoplasm, prostatic",C0033578,0.4,
26580,carcinoma of breast,C0678222,0.4,
126805614,neuroblastoma,C0027819,0.4,
129929365,neuroblastoma,C0027819,0.4,
7248,neuroblastoma,C0027819,0.4,
113189,"neoplasm, prostatic",C0033578,0.4,
10298,neuroblastoma,C0027819,0.4,
92822,neuroblastoma,C0027819,0.4,
4849,"neoplasm, prostatic",C0033578,0.4,
7763,"neoplasm, prostatic",C0033578,0.4,
5174,"neoplasm, prostatic",C0033578,0.4,
5396,"neoplasm, prostatic",C0033578,0.4,
54894,"neoplasm, prostatic",C0033578,0.4,
56288,"neoplasm, prostatic",C0033578,0.4,
56916,"neoplasm, prostatic",C0033578,0.4,
6135,"neoplasm, prostatic",C0033578,0.4,
6136,"neoplasm, prostatic",C0033578,0.4,
22907,"neoplasm, prostatic",C0033578,0.4,
23269,"neoplasm, prostatic",C0033578,0.4,
23338,"neoplasm, prostatic",C0033578,0.4,
23382,"neoplasm, prostatic",C0033578,0.4,
2803,"neoplasm, prostatic",C0033578,0.4,
28999,"neoplasm, prostatic",C0033578,0.4,
10516,"neoplasm, prostatic",C0033578,0.4,
11005,"neoplasm, prostatic",C0033578,0.4,
11095,"neoplasm, prostatic",C0033578,0.4,
1585,"neoplasm, prostatic",C0033578,0.4,
1962,"neoplasm, prostatic",C0033578,0.4,
196528,"neoplasm, prostatic",C0033578,0.4,
201294,"neoplasm, prostatic",C0033578,0.4,
2014,"neoplasm, prostatic",C0033578,0.4,
2117,"neoplasm, prostatic",C0033578,0.4,
10439,"neoplasm, prostatic",C0033578,0.4,
5756,lymphomas,C0024299,0.4,
90355,"neoplasm, prostatic",C0033578,0.4,
92105,"neoplasm, prostatic",C0033578,0.4,
9985,"neoplasm, prostatic",C0033578,0.4,
8643,carcinoma of breast,C0678222,0.4,
129388447,neuroblastoma,C0027819,0.4,
100534595,carcinoma of breast,C0678222,0.4,
2785,carcinoma of breast,C0678222,0.4,
6909,neuroblastoma,C0027819,0.4,
5273,"neoplasm, prostatic",C0033578,0.4,
5611,"neoplasm, prostatic",C0033578,0.4,
5859,"neoplasm, prostatic",C0033578,0.4,
59344,"neoplasm, prostatic",C0033578,0.4,
6038,"neoplasm, prostatic",C0033578,0.4,
10659,"neoplasm, prostatic",C0033578,0.4,
118429,"neoplasm, prostatic",C0033578,0.4,
150084,"neoplasm, prostatic",C0033578,0.4,
1775,"neoplasm, prostatic",C0033578,0.4,
23753,"neoplasm, prostatic",C0033578,0.4,
26054,"neoplasm, prostatic",C0033578,0.4,
29,"neoplasm, prostatic",C0033578,0.4,
30008,"neoplasm, prostatic",C0033578,0.4,
4669,"neoplasm, prostatic",C0033578,0.4,
6558,"neoplasm, prostatic",C0033578,0.4,
6810,"neoplasm, prostatic",C0033578,0.4,
7111,"neoplasm, prostatic",C0033578,0.4,
6522,"neoplasm, prostatic",C0033578,0.4,
8702,"neoplasm, prostatic",C0033578,0.4,
84181,neuroblastoma,C0027819,0.4,
2778,neuroblastoma,C0027819,0.4,
10207,"neoplasm, prostatic",C0033578,0.4,
10625,"neoplasm, prostatic",C0033578,0.4,
10945,"neoplasm, prostatic",C0033578,0.4,
111644133,"neoplasm, prostatic",C0033578,0.4,
1200,"neoplasm, prostatic",C0033578,0.4,
132671,"neoplasm, prostatic",C0033578,0.4,
135112,"neoplasm, prostatic",C0033578,0.4,
51227,"neoplasm, prostatic",C0033578,0.4,
51322,"neoplasm, prostatic",C0033578,0.4,
51651,"neoplasm, prostatic",C0033578,0.4,
53916,"neoplasm, prostatic",C0033578,0.4,
54363,"neoplasm, prostatic",C0033578,0.4,
54704,"neoplasm, prostatic",C0033578,0.4,
54716,"neoplasm, prostatic",C0033578,0.4,
54809,"neoplasm, prostatic",C0033578,0.4,
5493,"neoplasm, prostatic",C0033578,0.4,
55577,"neoplasm, prostatic",C0033578,0.4,
5605,"neoplasm, prostatic",C0033578,0.4,
59084,"neoplasm, prostatic",C0033578,0.4,
6185,"neoplasm, prostatic",C0033578,0.4,
26040,lymphomas,C0024299,0.4,
4595,retinoblastoma,C0035335,0.4,
6836,"neoplasm, prostatic",C0033578,0.4,
8509,"neoplasm, prostatic",C0033578,0.4,
8615,"neoplasm, prostatic",C0033578,0.4,
8785,"neoplasm, prostatic",C0033578,0.4,
8895,"neoplasm, prostatic",C0033578,0.4,
9080,"neoplasm, prostatic",C0033578,0.4,
996,"neoplasm, prostatic",C0033578,0.4,
23071,"neoplasm, prostatic",C0033578,0.4,
23244,"neoplasm, prostatic",C0033578,0.4,
26137,"neoplasm, prostatic",C0033578,0.4,
2787,"neoplasm, prostatic",C0033578,0.4,
283237,"neoplasm, prostatic",C0033578,0.4,
2886,"neoplasm, prostatic",C0033578,0.4,
29087,"neoplasm, prostatic",C0033578,0.4,
3171,"neoplasm, prostatic",C0033578,0.4,
3187,"neoplasm, prostatic",C0033578,0.4,
4074,"neoplasm, prostatic",C0033578,0.4,
10213,neuroblastoma,C0027819,0.4,
55312,"neoplasm, prostatic",C0033578,0.4,
2263,malignant neoplasm of stomach,C0024623,1.0,
23405,nephroblastoma,C0027708,1.0,
7157,malignant neoplasm of stomach,C0024623,1.0,
613,chronic myeloid leukemia,C0279543,1.0,
5290,malignant neoplasm of stomach,C0024623,1.0,
3569,kaposi sarcoma,C0036220,1.0,
7490,nephroblastoma,C0027708,1.0,
25,chronic myeloid leukemia,C0279543,1.0,
4609,burkitt lymphoma,C0006413,1.0,
3845,malignant neoplasm of stomach,C0024623,1.0,
324,malignant neoplasm of stomach,C0024623,1.0,
2064,malignant neoplasm of stomach,C0024623,1.0,
3553,malignant neoplasm of stomach,C0024623,1.0,
5727,rhabdomyosarcoma,C0035412,1.0,
3481,nephroblastoma,C0027708,0.95,
999,malignant neoplasm of stomach,C0024623,0.95,
283120,nephroblastoma,C0027708,0.95,
4595,malignant neoplasm of stomach,C0024623,0.95,
3659,malignant neoplasm of stomach,C0024623,0.95,
129563,nephroblastoma,C0027708,0.95,
7157,nephroblastoma,C0027708,0.9,
1399,chronic myeloid leukemia,C0279543,0.9,
7157,rhabdomyosarcoma,C0035412,0.9,
7422,chronic myeloid leukemia,C0279543,0.9,
5243,chronic myeloid leukemia,C0279543,0.9,
5728,malignant neoplasm of stomach,C0024623,0.9,
7157,osteosarcoma of bone,C0585442,0.85,
4292,malignant neoplasm of stomach,C0024623,0.85,
2719,nephroblastoma,C0027708,0.85,
672,malignant neoplasm of stomach,C0024623,0.85,
675,nephroblastoma,C0027708,0.85,
207,osteosarcoma of bone,C0585442,0.85,
1499,nephroblastoma,C0027708,0.85,
3557,malignant neoplasm of stomach,C0024623,0.85,
4233,malignant neoplasm of stomach,C0024623,0.85,
7490,chronic myeloid leukemia,C0279543,0.85,
207,chronic myeloid leukemia,C0279543,0.8,
3586,malignant neoplasm of stomach,C0024623,0.8,
8289,malignant neoplasm of stomach,C0024623,0.8,
3480,nephroblastoma,C0027708,0.8,
6648,malignant neoplasm of stomach,C0024623,0.8,
5781,malignant neoplasm of stomach,C0024623,0.8,
472,malignant neoplasm of stomach,C0024623,0.8,
2146,malignant neoplasm of stomach,C0024623,0.8,
3569,malignant neoplasm of stomach,C0024623,0.8,
1029,malignant neoplasm of stomach,C0024623,0.8,
2952,malignant neoplasm of stomach,C0024623,0.8,
598,chronic myeloid leukemia,C0279543,0.8,
675,malignant neoplasm of stomach,C0024623,0.8,
3066,malignant neoplasm of stomach,C0024623,0.8,
3265,rhabdomyosarcoma,C0035412,0.8,
332,chronic myeloid leukemia,C0279543,0.8,
11281,nephroblastoma,C0027708,0.75,
9429,chronic myeloid leukemia,C0279543,0.75,
861,chronic myeloid leukemia,C0279543,0.75,
238,rhabdomyosarcoma,C0035412,0.75,
3169,malignant neoplasm of stomach,C0024623,0.75,
3481,rhabdomyosarcoma,C0035412,0.75,
843,malignant neoplasm of stomach,C0024623,0.75,
2944,malignant neoplasm of stomach,C0024623,0.75,
1316,malignant neoplasm of stomach,C0024623,0.75,
1636,malignant neoplasm of stomach,C0024623,0.75,
1788,malignant neoplasm of stomach,C0024623,0.75,
6794,malignant neoplasm of stomach,C0024623,0.75,
23532,chronic myeloid leukemia,C0279543,0.75,
406989,malignant neoplasm of stomach,C0024623,0.75,
836,malignant neoplasm of stomach,C0024623,0.75,
2264,malignant neoplasm of stomach,C0024623,0.75,
81608,"chronic eosinophilic leukemia, not otherwise specified",C0346421,0.75,
7515,malignant neoplasm of stomach,C0024623,0.75,
4893,chronic myeloid leukemia,C0279543,0.75,
23405,rhabdomyosarcoma,C0035412,0.75,
11200,malignant neoplasm of stomach,C0024623,0.75,
5925,osteosarcoma of bone,C0585442,0.75,
7422,rhabdomyosarcoma,C0035412,0.75,
3399,burkitt lymphoma,C0006413,0.75,
139285,nephroblastoma,C0027708,0.75,
4089,malignant neoplasm of stomach,C0024623,0.75,
2073,malignant neoplasm of stomach,C0024623,0.75,
3791,malignant neoplasm of stomach,C0024623,0.75,
5156,"chronic eosinophilic leukemia, not otherwise specified",C0346421,0.75,
3717,malignant neoplasm of stomach,C0024623,0.75,
1577,chronic myeloid leukemia,C0279543,0.75,
4613,nephroblastoma,C0027708,0.75,
4524,chronic myeloid leukemia,C0279543,0.75,
2878,malignant neoplasm of stomach,C0024623,0.75,
4436,malignant neoplasm of stomach,C0024623,0.75,
9235,malignant neoplasm of stomach,C0024623,0.75,
5728,rhabdomyosarcoma,C0035412,0.75,
1019,malignant neoplasm of stomach,C0024623,0.75,
7852,malignant neoplasm of stomach,C0024623,0.75,
355,chronic myeloid leukemia,C0279543,0.75,
1441,chronic myeloid leukemia,C0279543,0.75,
1543,malignant neoplasm of stomach,C0024623,0.75,
3845,chronic myeloid leukemia,C0279543,0.7,
5657,chronic myeloid leukemia,C0279543,0.7,
673,nephroblastoma,C0027708,0.7,
9319,nephroblastoma,C0027708,0.7,
4072,malignant neoplasm of stomach,C0024623,0.7,
2264,rhabdomyosarcoma,C0035412,0.7,
10320,chronic myeloid leukemia,C0279543,0.7,
10155,nephroblastoma,C0027708,0.7,
6929,burkitt lymphoma,C0006413,0.7,
3716,malignant neoplasm of stomach,C0024623,0.7,
2068,malignant neoplasm of stomach,C0024623,0.7,
2950,chronic myeloid leukemia,C0279543,0.7,
2956,malignant neoplasm of stomach,C0024623,0.7,
1571,malignant neoplasm of stomach,C0024623,0.7,
23030,malignant neoplasm of stomach,C0024623,0.7,
2067,malignant neoplasm of stomach,C0024623,0.7,
26040,chronic myeloid leukemia,C0279543,0.65,
6495,nephroblastoma,C0027708,0.65,
7015,chronic myeloid leukemia,C0279543,0.65,
356,chronic myeloid leukemia,C0279543,0.65,
2950,malignant neoplasm of testis,C0153594,0.65,
11122,malignant neoplasm of stomach,C0024623,0.65,
8061,malignant neoplasm of stomach,C0024623,0.65,
3567,malignant neoplasm of stomach,C0024623,0.65,
3570,malignant neoplasm of stomach,C0024623,0.65,
406943,malignant neoplasm of stomach,C0024623,0.65,
171023,nephroblastoma,C0027708,0.65,
2068,chronic myeloid leukemia,C0279543,0.65,
240,chronic myeloid leukemia,C0279543,0.65,
4089,nephroblastoma,C0027708,0.65,
54487,nephroblastoma,C0027708,0.65,
7161,nephroblastoma,C0027708,0.65,
4763,rhabdomyosarcoma,C0035412,0.65,
3117,malignant neoplasm of stomach,C0024623,0.65,
4214,malignant neoplasm of stomach,C0024623,0.65,
6817,malignant neoplasm of stomach,C0024623,0.65,
53947,burkitt lymphoma,C0006413,0.65,
3815,malignant neoplasm of testis,C0153594,0.65,
10672,burkitt lymphoma,C0006413,0.65,
958,burkitt lymphoma,C0006413,0.65,
974,burkitt lymphoma,C0006413,0.65,
29102,nephroblastoma,C0027708,0.65,
4298,nephroblastoma,C0027708,0.65,
10736,nephroblastoma,C0027708,0.65,
2876,malignant neoplasm of stomach,C0024623,0.65,
407019,malignant neoplasm of stomach,C0024623,0.65,
4921,malignant neoplasm of stomach,C0024623,0.65,
53353,malignant neoplasm of stomach,C0024623,0.65,
170384,malignant neoplasm of stomach,C0024623,0.65,
7011,malignant neoplasm of stomach,C0024623,0.65,
4193,chronic myeloid leukemia,C0279543,0.65,
1136,malignant neoplasm of stomach,C0024623,0.65,
153090,malignant neoplasm of stomach,C0024623,0.65,
7515,chronic myeloid leukemia,C0279543,0.65,
5978,nephroblastoma,C0027708,0.65,
3575,malignant neoplasm of stomach,C0024623,0.65,
5727,malignant neoplasm of stomach,C0024623,0.65,
58508,malignant neoplasm of stomach,C0024623,0.65,
4916,malignant neoplasm of stomach,C0024623,0.65,
673,chronic myeloid leukemia,C0279543,0.65,
496,malignant neoplasm of stomach,C0024623,0.65,
3161,chronic myeloid leukemia,C0279543,0.6,
10664,nephroblastoma,C0027708,0.6,
11010,nephroblastoma,C0027708,0.6,
3586,chronic myeloid leukemia,C0279543,0.6,
11200,osteosarcoma of bone,C0585442,0.6,
2074,malignant neoplasm of stomach,C0024623,0.6,
54790,malignant neoplasm of stomach,C0024623,0.6,
54880,nephroblastoma,C0027708,0.6,
10481,malignant neoplasm of stomach,C0024623,0.6,
546,osteosarcoma of bone,C0585442,0.6,
1432,chronic myeloid leukemia,C0279543,0.6,
581,burkitt lymphoma,C0006413,0.6,
27113,burkitt lymphoma,C0006413,0.6,
6597,burkitt lymphoma,C0006413,0.6,
8289,burkitt lymphoma,C0006413,0.6,
4149,nephroblastoma,C0027708,0.6,
4683,malignant neoplasm of stomach,C0024623,0.6,
5395,malignant neoplasm of stomach,C0024623,0.6,
1326,malignant neoplasm of stomach,C0024623,0.6,
79728,malignant neoplasm of stomach,C0024623,0.6,
6794,malignant neoplasm of testis,C0153594,0.6,
1543,chronic myeloid leukemia,C0279543,0.6,
8864,chronic myeloid leukemia,C0279543,0.6,
23199,malignant neoplasm of stomach,C0024623,0.6,
63035,nephroblastoma,C0027708,0.6,
4763,malignant neoplasm of stomach,C0024623,0.6,
7403,malignant neoplasm of stomach,C0024623,0.6,
1244,chronic myeloid leukemia,C0279543,0.6,
695,burkitt lymphoma,C0006413,0.6,
672,rhabdomyosarcoma,C0035412,0.6,
1268,rhabdomyosarcoma,C0035412,0.55,
3482,nephroblastoma,C0027708,0.55,
7079,nephroblastoma,C0027708,0.55,
7428,nephroblastoma,C0027708,0.55,
5395,rhabdomyosarcoma,C0035412,0.55,
1728,chronic myeloid leukemia,C0279543,0.55,
1938,malignant neoplasm of stomach,C0024623,0.55,
54916,malignant neoplasm of stomach,C0024623,0.55,
2261,malignant neoplasm of testis,C0153594,0.5,
5295,burkitt lymphoma,C0006413,0.5,
4841,nephroblastoma,C0027708,0.5,
26519,rhabdomyosarcoma,C0035412,0.5,
5002,rhabdomyosarcoma,C0035412,0.5,
5892,malignant neoplasm of stomach,C0024623,0.5,
406,chronic myeloid leukemia,C0279543,0.5,
768,chronic myeloid leukemia,C0279543,0.5,
2018,malignant neoplasm of stomach,C0024623,0.5,
54880,malignant neoplasm of stomach,C0024623,0.5,
10962,burkitt lymphoma,C0006413,0.5,
811,burkitt lymphoma,C0006413,0.5,
11200,nephroblastoma,C0027708,0.5,
4216,nephroblastoma,C0027708,0.5,
5757,rhabdomyosarcoma,C0035412,0.5,
2186,kaposi sarcoma,C0036220,0.5,
16,malignant neoplasm of stomach,C0024623,0.5,
83990,malignant neoplasm of stomach,C0024623,0.5,
5889,malignant neoplasm of stomach,C0024623,0.5,
57510,nephroblastoma,C0027708,0.5,
8289,nephroblastoma,C0027708,0.5,
80829,malignant neoplasm of stomach,C0024623,0.5,
23451,chronic myeloid leukemia,C0279543,0.5,
8863,chronic myeloid leukemia,C0279543,0.5,
5979,burkitt lymphoma,C0006413,0.5,
1293,nephroblastoma,C0027708,0.5,
55215,malignant neoplasm of stomach,C0024623,0.5,
4524,nephroblastoma,C0027708,0.45,
3117,chronic myeloid leukemia,C0279543,0.45,
10753,malignant neoplasm of stomach,C0024623,0.45,
3119,chronic myeloid leukemia,C0279543,0.45,
2239,nephroblastoma,C0027708,0.45,
91,malignant neoplasm of stomach,C0024623,0.45,
130062899,malignant neoplasm of testis,C0153594,0.4,
10841,burkitt lymphoma,C0006413,0.4,
723961,nephroblastoma,C0027708,0.4,
100529207,malignant neoplasm of stomach,C0024623,0.4,
130001603,malignant neoplasm of stomach,C0024623,0.4,
6389,rhabdomyosarcoma,C0035412,0.4,
6391,rhabdomyosarcoma,C0035412,0.4,
3309,chronic myeloid leukemia,C0279543,0.4,
126860438,malignant neoplasm of stomach,C0024623,0.4,
10693,burkitt lymphoma,C0006413,0.4,
7273,nephroblastoma,C0027708,0.4,
1408,chronic myeloid leukemia,C0279543,0.4,
9968,nephroblastoma,C0027708,0.4,
5091,burkitt lymphoma,C0006413,0.4,
5395,burkitt lymphoma,C0006413,0.4,
672,burkitt lymphoma,C0006413,0.4,
115399,rhabdomyosarcoma,C0035412,0.4,
4436,rhabdomyosarcoma,C0035412,0.4,
675,rhabdomyosarcoma,C0035412,0.4,
8915,malignant neoplasm of testis,C0153594,0.4,
1407,chronic myeloid leukemia,C0279543,0.4,
27164,burkitt lymphoma,C0006413,0.4,
580,malignant neoplasm of stomach,C0024623,0.4,
126862571,malignant neoplasm of stomach,C0024623,0.4,
541472,kaposi sarcoma,C0036220,0.4,
126859963,kaposi sarcoma,C0036220,0.4,
107982234,nephroblastoma,C0027708,0.4,
5187,chronic myeloid leukemia,C0279543,0.4,
5087,burkitt lymphoma,C0006413,0.4,
114034,malignant neoplasm of stomach,C0024623,0.4,
160140,malignant neoplasm of stomach,C0024623,0.4,
2956,rhabdomyosarcoma,C0035412,0.4,
867,rhabdomyosarcoma,C0035412,0.4,
5371,acute promyelocytic leukemia,C0023487,1.0,
5914,acute promyelocytic leukemia,C0023487,1.0,
7157,small cell carcinoma of lung,C0149925,0.95,
1956,small cell carcinoma of lung,C0149925,0.95,
2064,"carcinomas, infiltrating duct",C1134719,0.95,
5728,small cell carcinoma of lung,C0149925,0.9,
7704,acute promyelocytic leukemia,C0023487,0.9,
5925,small cell carcinoma of lung,C0149925,0.85,
4869,acute promyelocytic leukemia,C0023487,0.85,
7157,malignant neoplasm of esophagus,C0546837,0.85,
999,"carcinomas, infiltrating duct",C1134719,0.85,
1050,acute promyelocytic leukemia,C0023487,0.85,
2322,acute promyelocytic leukemia,C0023487,0.85,
3815,acute promyelocytic leukemia,C0023487,0.85,
5747,small cell carcinoma of lung,C0149925,0.8,
4609,acute promyelocytic leukemia,C0023487,0.8,
596,small cell carcinoma of lung,C0149925,0.8,
5743,"carcinomas, infiltrating duct",C1134719,0.8,
1440,small cell carcinoma of lung,C0149925,0.8,
472,small cell carcinoma of lung,C0149925,0.8,
3815,small cell carcinoma of lung,C0149925,0.75,
672,"carcinomas, infiltrating duct",C1134719,0.75,
2057,erythroleukemias,C0023440,0.75,
551,small cell carcinoma of lung,C0149925,0.75,
2260,small cell carcinoma of lung,C0149925,0.75,
595,small cell carcinoma of lung,C0149925,0.75,
6657,small cell carcinoma of lung,C0149925,0.75,
3642,small cell carcinoma of lung,C0149925,0.75,
207,small cell carcinoma of lung,C0149925,0.75,
2475,small cell carcinoma of lung,C0149925,0.75,
5290,small cell carcinoma of lung,C0149925,0.75,
4610,small cell carcinoma of lung,C0149925,0.75,
429,small cell carcinoma of lung,C0149925,0.75,
4926,acute promyelocytic leukemia,C0023487,0.75,
7490,acute promyelocytic leukemia,C0023487,0.75,
4297,acute monocytic leukemia,C0023465,0.75,
2152,acute promyelocytic leukemia,C0023487,0.75,
4893,acute promyelocytic leukemia,C0023487,0.7,
29126,"carcinomas, infiltrating duct",C1134719,0.7,
7056,acute promyelocytic leukemia,C0023487,0.7,
7403,small cell carcinoma of lung,C0149925,0.7,
3684,acute promyelocytic leukemia,C0023487,0.7,
8085,small cell carcinoma of lung,C0149925,0.65,
1029,"carcinomas, infiltrating duct",C1134719,0.65,
2033,small cell carcinoma of lung,C0149925,0.65,
862,small cell carcinoma of lung,C0149925,0.65,
359948,acute promyelocytic leukemia,C0023487,0.65,
5573,acute promyelocytic leukemia,C0023487,0.65,
5781,acute promyelocytic leukemia,C0023487,0.65,
207,"carcinomas, infiltrating duct",C1134719,0.65,
1789,small cell carcinoma of lung,C0149925,0.65,
1869,small cell carcinoma of lung,C0149925,0.65,
2272,"carcinomas, infiltrating duct",C1134719,0.65,
1788,acute promyelocytic leukemia,C0023487,0.65,
1387,small cell carcinoma of lung,C0149925,0.65,
5893,small cell carcinoma of lung,C0149925,0.65,
6597,small cell carcinoma of lung,C0149925,0.65,
1136,small cell carcinoma of lung,C0149925,0.65,
366,acute promyelocytic leukemia,C0023487,0.65,
4149,small cell carcinoma of lung,C0149925,0.65,
8028,acute monocytic leukemia,C0023465,0.65,
5915,small cell carcinoma of lung,C0149925,0.65,
253260,small cell carcinoma of lung,C0149925,0.6,
1053,acute promyelocytic leukemia,C0023487,0.6,
864,"carcinomas, infiltrating duct",C1134719,0.6,
64778,acute promyelocytic leukemia,C0023487,0.6,
1993,small cell carcinoma of lung,C0149925,0.6,
567,small cell carcinoma of lung,C0149925,0.6,
79718,acute promyelocytic leukemia,C0023487,0.6,
4089,"carcinomas, infiltrating duct",C1134719,0.6,
5243,"carcinomas, infiltrating duct",C1134719,0.6,
3689,acute promyelocytic leukemia,C0023487,0.6,
3687,acute promyelocytic leukemia,C0023487,0.6,
3458,acute promyelocytic leukemia,C0023487,0.6,
1030,acute promyelocytic leukemia,C0023487,0.6,
6774,acute promyelocytic leukemia,C0023487,0.6,
9353,small cell carcinoma of lung,C0149925,0.6,
9353,acute promyelocytic leukemia,C0023487,0.6,
1788,acute monocytic leukemia,C0023465,0.6,
3418,acute promyelocytic leukemia,C0023487,0.6,
23314,small cell carcinoma of lung,C0149925,0.6,
26047,small cell carcinoma of lung,C0149925,0.6,
4524,small cell carcinoma of lung,C0149925,0.6,
54880,acute promyelocytic leukemia,C0023487,0.6,
675,malignant neoplasm of esophagus,C0546837,0.6,
675,"carcinomas, infiltrating duct",C1134719,0.6,
960,acute promyelocytic leukemia,C0023487,0.6,
5268,"carcinomas, infiltrating duct",C1134719,0.6,
23604,acute promyelocytic leukemia,C0023487,0.6,
6777,acute promyelocytic leukemia,C0023487,0.6,
1152,small cell carcinoma of lung,C0149925,0.6,
64859,acute promyelocytic leukemia,C0023487,0.6,
81608,acute promyelocytic leukemia,C0023487,0.6,
57761,acute promyelocytic leukemia,C0023487,0.6,
207,acute promyelocytic leukemia,C0023487,0.6,
5468,acute promyelocytic leukemia,C0023487,0.6,
3683,acute promyelocytic leukemia,C0023487,0.6,
332,acute promyelocytic leukemia,C0023487,0.6,
3918,small cell carcinoma of lung,C0149925,0.55,
2952,acute promyelocytic leukemia,C0023487,0.55,
5731,"carcinomas, infiltrating duct",C1134719,0.55,
3914,small cell carcinoma of lung,C0149925,0.55,
4747,"carcinomas, infiltrating duct",C1134719,0.55,
84700,small cell carcinoma of lung,C0149925,0.5,
9425,small cell carcinoma of lung,C0149925,0.5,
2049,small cell carcinoma of lung,C0149925,0.5,
2918,small cell carcinoma of lung,C0149925,0.5,
6093,acute promyelocytic leukemia,C0023487,0.5,
79728,"carcinomas, infiltrating duct",C1134719,0.5,
10397,small cell carcinoma of lung,C0149925,0.5,
546,small cell carcinoma of lung,C0149925,0.5,
57510,small cell carcinoma of lung,C0149925,0.5,
8570,small cell carcinoma of lung,C0149925,0.5,
121256,small cell carcinoma of lung,C0149925,0.5,
55193,small cell carcinoma of lung,C0149925,0.5,
4094,malignant neoplasm of esophagus,C0546837,0.5,
7161,small cell carcinoma of lung,C0149925,0.5,
7462,acute promyelocytic leukemia,C0023487,0.5,
7048,malignant neoplasm of esophagus,C0546837,0.5,
9940,malignant neoplasm of esophagus,C0546837,0.5,
573,"carcinomas, infiltrating duct",C1134719,0.5,
2045,small cell carcinoma of lung,C0149925,0.5,
2899,small cell carcinoma of lung,C0149925,0.5,
3398,small cell carcinoma of lung,C0149925,0.5,
2736,acute promyelocytic leukemia,C0023487,0.5,
51741,malignant neoplasm of esophagus,C0546837,0.5,
1364,"carcinomas, infiltrating duct",C1134719,0.5,
2735,acute promyelocytic leukemia,C0023487,0.5,
3909,small cell carcinoma of lung,C0149925,0.45,
51366,"carcinomas, infiltrating duct",C1134719,0.45,
55584,small cell carcinoma of lung,C0149925,0.45,
91,small cell carcinoma of lung,C0149925,0.45,
1454,"carcinomas, infiltrating duct",C1134719,0.45,
1739,"carcinomas, infiltrating duct",C1134719,0.45,
7515,"carcinomas, infiltrating duct",C1134719,0.45,
1591,small cell carcinoma of lung,C0149925,0.45,
2195,small cell carcinoma of lung,C0149925,0.45,
56924,small cell carcinoma of lung,C0149925,0.4,
9699,small cell carcinoma of lung,C0149925,0.4,
9774,small cell carcinoma of lung,C0149925,0.4,
138474,small cell carcinoma of lung,C0149925,0.4,
19,acute promyelocytic leukemia,C0023487,0.4,
3605,acute promyelocytic leukemia,C0023487,0.4,
129936399,malignant neoplasm of esophagus,C0546837,0.4,
171023,acute promyelocytic leukemia,C0023487,0.4,
6608,acute promyelocytic leukemia,C0023487,0.4,
3417,acute promyelocytic leukemia,C0023487,0.4,
1284,small cell carcinoma of lung,C0149925,0.4,
201229,small cell carcinoma of lung,C0149925,0.4,
4297,small cell carcinoma of lung,C0149925,0.4,
51347,small cell carcinoma of lung,C0149925,0.4,
55605,small cell carcinoma of lung,C0149925,0.4,
56164,small cell carcinoma of lung,C0149925,0.4,
57088,small cell carcinoma of lung,C0149925,0.4,
129934333,acute promyelocytic leukemia,C0023487,0.4,
26272,malignant neoplasm of esophagus,C0546837,0.4,
10863,"carcinomas, infiltrating duct",C1134719,0.4,
126862571,"carcinomas, infiltrating duct",C1134719,0.4,
54790,acute promyelocytic leukemia,C0023487,0.4,
1760,small cell carcinoma of lung,C0149925,0.4,
84197,small cell carcinoma of lung,C0149925,0.4,
10243,acute promyelocytic leukemia,C0023487,0.4,
4056,acute promyelocytic leukemia,C0023487,0.4,
468,"carcinomas, infiltrating duct",C1134719,0.4,
6648,"carcinomas, infiltrating duct",C1134719,0.4,
57683,small cell carcinoma of lung,C0149925,0.4,
8313,small cell carcinoma of lung,C0149925,0.4,
11228,small cell carcinoma of lung,C0149925,0.4,
5295,small cell carcinoma of lung,C0149925,0.4,
54996,acute promyelocytic leukemia,C0023487,0.4,
55654,acute promyelocytic leukemia,C0023487,0.4,
56729,acute promyelocytic leukemia,C0023487,0.4,
5909,acute promyelocytic leukemia,C0023487,0.4,
107,small cell carcinoma of lung,C0149925,0.4,
146057,small cell carcinoma of lung,C0149925,0.4,
169044,small cell carcinoma of lung,C0149925,0.4,
2241,small cell carcinoma of lung,C0149925,0.4,
22982,small cell carcinoma of lung,C0149925,0.4,
7273,small cell carcinoma of lung,C0149925,0.4,
4763,acute monocytic leukemia,C0023465,0.4,
1717,acute promyelocytic leukemia,C0023487,0.4,
3952,acute promyelocytic leukemia,C0023487,0.4,
4199,acute promyelocytic leukemia,C0023487,0.4,
9368,"carcinomas, infiltrating duct",C1134719,0.4,
2130,ewing's sarcoma,C0553580,1.0,
2313,ewing's sarcoma,C0553580,0.95,
7157,anaplastic astrocytoma,C0334579,0.75,
3418,anaplastic astrocytoma,C0334579,0.7,
1019,ewing's sarcoma,C0553580,0.65,
546,anaplastic astrocytoma,C0334579,0.6,
1959,ewing's sarcoma,C0553580,0.6,
596,aids with kaposi's sarcoma,C0276535,0.5,
25792,ewing's sarcoma,C0553580,0.5,
4763,ewing's sarcoma,C0553580,0.4,
6302,ewing's sarcoma,C0553580,0.4,
8314,ewing's sarcoma,C0553580,0.4,
5728,malignant neoplasm of prostate,C0376358,1.0,
11200,malignant neoplasm of prostate,C0376358,1.0,
675,malignant neoplasm of prostate,C0376358,1.0,
672,malignant neoplasm of prostate,C0376358,1.0,
2064,malignant neoplasm of prostate,C0376358,0.95,
999,malignant neoplasm of prostate,C0376358,0.95,
3091,malignant neoplasm of prostate,C0376358,0.95,
7157,malignant neoplasm of prostate,C0376358,0.95,
4601,malignant neoplasm of prostate,C0376358,0.95,
4221,beta cell tumor,C0021670,0.95,
6041,malignant neoplasm of prostate,C0376358,0.9,
7422,malignant neoplasm of prostate,C0376358,0.9,
1499,malignant neoplasm of prostate,C0376358,0.9,
2099,malignant neoplasm of prostate,C0376358,0.9,
2950,malignant neoplasm of prostate,C0376358,0.9,
3486,malignant neoplasm of prostate,C0376358,0.9,
5743,malignant neoplasm of prostate,C0376358,0.9,
3630,beta cell tumor,C0021670,0.9,
4609,malignant neoplasm of prostate,C0376358,0.9,
596,malignant neoplasm of prostate,C0376358,0.9,
367,malignant neoplasm of prostate,C0376358,0.9,
4790,malignant neoplasm of prostate,C0376358,0.9,
7113,malignant neoplasm of prostate,C0376358,0.9,
1586,malignant neoplasm of prostate,C0376358,0.9,
7124,malignant neoplasm of prostate,C0376358,0.9,
7421,malignant neoplasm of prostate,C0376358,0.9,
55,malignant neoplasm of prostate,C0376358,0.9,
1956,malignant neoplasm of prostate,C0376358,0.9,
2100,malignant neoplasm of prostate,C0376358,0.9,
857,malignant neoplasm of prostate,C0376358,0.9,
324,malignant neoplasm of prostate,C0376358,0.85,
4481,malignant neoplasm of prostate,C0376358,0.85,
1029,malignant neoplasm of prostate,C0376358,0.85,
6774,malignant neoplasm of prostate,C0376358,0.85,
5290,malignant neoplasm of prostate,C0376358,0.85,
4683,malignant neoplasm of prostate,C0376358,0.85,
463,malignant neoplasm of prostate,C0376358,0.85,
5294,malignant neoplasm of prostate,C0376358,0.85,
1316,malignant neoplasm of prostate,C0376358,0.85,
2475,malignant neoplasm of prostate,C0376358,0.85,
207,malignant neoplasm of prostate,C0376358,0.85,
8405,malignant neoplasm of prostate,C0376358,0.85,
2952,malignant neoplasm of prostate,C0376358,0.8,
2048,malignant neoplasm of prostate,C0376358,0.8,
10,malignant neoplasm of prostate,C0376358,0.8,
6721,malignant neoplasm of prostate,C0376358,0.8,
208,malignant neoplasm of prostate,C0376358,0.8,
6715,malignant neoplasm of prostate,C0376358,0.8,
1017,malignant neoplasm of prostate,C0376358,0.8,
2047,malignant neoplasm of prostate,C0376358,0.8,
283,malignant neoplasm of prostate,C0376358,0.8,
2026,malignant neoplasm of prostate,C0376358,0.8,
655,malignant neoplasm of prostate,C0376358,0.8,
632,malignant neoplasm of prostate,C0376358,0.8,
331,malignant neoplasm of prostate,C0376358,0.8,
9622,malignant neoplasm of prostate,C0376358,0.8,
6885,malignant neoplasm of prostate,C0376358,0.8,
1105,malignant neoplasm of prostate,C0376358,0.8,
332,malignant neoplasm of prostate,C0376358,0.8,
2944,malignant neoplasm of prostate,C0376358,0.8,
1019,malignant neoplasm of prostate,C0376358,0.8,
3383,malignant neoplasm of prostate,C0376358,0.8,
5037,malignant neoplasm of prostate,C0376358,0.8,
23671,malignant neoplasm of prostate,C0376358,0.8,
5925,malignant neoplasm of prostate,C0376358,0.8,
6716,malignant neoplasm of prostate,C0376358,0.8,
4792,malignant neoplasm of prostate,C0376358,0.8,
1113,malignant neoplasm of prostate,C0376358,0.8,
6261,malignant hyperpyrexias,C0024591,0.8,
846,malignant neoplasm of prostate,C0376358,0.75,
3791,malignant neoplasm of prostate,C0376358,0.75,
472,malignant neoplasm of prostate,C0376358,0.75,
8644,malignant neoplasm of prostate,C0376358,0.75,
891,malignant neoplasm of prostate,C0376358,0.75,
2264,malignant neoplasm of prostate,C0376358,0.75,
960,malignant neoplasm of prostate,C0376358,0.75,
1869,malignant neoplasm of prostate,C0376358,0.75,
355,malignant neoplasm of prostate,C0376358,0.75,
2908,malignant neoplasm of prostate,C0376358,0.75,
1543,malignant neoplasm of prostate,C0376358,0.75,
2735,malignant neoplasm of prostate,C0376358,0.75,
6662,malignant neoplasm of prostate,C0376358,0.75,
7852,malignant neoplasm of prostate,C0376358,0.75,
1312,malignant neoplasm of prostate,C0376358,0.75,
779,malignant hyperpyrexias,C0024591,0.75,
7515,malignant neoplasm of prostate,C0376358,0.75,
5291,malignant neoplasm of prostate,C0376358,0.75,
7528,beta cell tumor,C0021670,0.75,
2068,malignant neoplasm of prostate,C0376358,0.75,
650,malignant neoplasm of prostate,C0376358,0.75,
2065,malignant neoplasm of prostate,C0376358,0.75,
1147,malignant neoplasm of prostate,C0376358,0.75,
6714,malignant neoplasm of prostate,C0376358,0.75,
10000,malignant neoplasm of prostate,C0376358,0.75,
64135,malignant neoplasm of prostate,C0376358,0.75,
5587,malignant neoplasm of prostate,C0376358,0.75,
894,malignant neoplasm of prostate,C0376358,0.75,
4137,malignant neoplasm of prostate,C0376358,0.75,
2956,malignant neoplasm of prostate,C0376358,0.75,
153090,malignant neoplasm of prostate,C0376358,0.75,
2322,acute myelomonocytic leukemia,C0023479,0.7,
865,acute myelomonocytic leukemia,C0023479,0.7,
116986,malignant neoplasm of prostate,C0376358,0.7,
8651,malignant neoplasm of prostate,C0376358,0.7,
11186,malignant neoplasm of prostate,C0376358,0.7,
7258,malignant neoplasm of prostate,C0376358,0.7,
5308,malignant neoplasm of prostate,C0376358,0.7,
5655,malignant neoplasm of prostate,C0376358,0.7,
4599,malignant neoplasm of prostate,C0376358,0.7,
4524,malignant neoplasm of prostate,C0376358,0.7,
7012,malignant neoplasm of prostate,C0376358,0.7,
9,malignant neoplasm of prostate,C0376358,0.7,
4846,malignant neoplasm of prostate,C0376358,0.7,
85449,malignant neoplasm of prostate,C0376358,0.65,
6817,malignant neoplasm of prostate,C0376358,0.65,
6934,malignant neoplasm of prostate,C0376358,0.65,
7068,malignant neoplasm of prostate,C0376358,0.65,
7097,malignant neoplasm of prostate,C0376358,0.65,
55818,malignant neoplasm of prostate,C0376358,0.65,
10155,malignant neoplasm of prostate,C0376358,0.65,
3728,malignant neoplasm of prostate,C0376358,0.65,
84458,malignant neoplasm of prostate,C0376358,0.65,
3551,malignant neoplasm of prostate,C0376358,0.65,
1001,malignant neoplasm of prostate,C0376358,0.65,
995,malignant neoplasm of prostate,C0376358,0.65,
4854,malignant neoplasm of prostate,C0376358,0.65,
2272,malignant neoplasm of prostate,C0376358,0.65,
57616,malignant neoplasm of prostate,C0376358,0.65,
10381,malignant neoplasm of prostate,C0376358,0.65,
22853,malignant neoplasm of prostate,C0376358,0.65,
3123,malignant neoplasm of prostate,C0376358,0.65,
3603,malignant neoplasm of prostate,C0376358,0.65,
4588,malignant neoplasm of prostate,C0376358,0.65,
4638,malignant neoplasm of prostate,C0376358,0.65,
8667,malignant neoplasm of prostate,C0376358,0.65,
8900,malignant neoplasm of prostate,C0376358,0.65,
1604,malignant neoplasm of prostate,C0376358,0.65,
2181,malignant neoplasm of prostate,C0376358,0.65,
5170,malignant neoplasm of prostate,C0376358,0.65,
10046,malignant neoplasm of prostate,C0376358,0.65,
64137,malignant neoplasm of prostate,C0376358,0.65,
10298,malignant neoplasm of prostate,C0376358,0.65,
4968,malignant neoplasm of prostate,C0376358,0.65,
4035,malignant neoplasm of prostate,C0376358,0.65,
5515,malignant neoplasm of prostate,C0376358,0.65,
23705,malignant neoplasm of prostate,C0376358,0.65,
2990,malignant neoplasm of prostate,C0376358,0.65,
7251,malignant neoplasm of prostate,C0376358,0.65,
7403,malignant neoplasm of prostate,C0376358,0.65,
10111,malignant neoplasm of prostate,C0376358,0.65,
7780,malignant neoplasm of prostate,C0376358,0.65,
573,malignant neoplasm of prostate,C0376358,0.65,
993,malignant neoplasm of prostate,C0376358,0.65,
7416,malignant neoplasm of prostate,C0376358,0.65,
51750,malignant neoplasm of prostate,C0376358,0.65,
23607,malignant neoplasm of prostate,C0376358,0.65,
1462,malignant neoplasm of prostate,C0376358,0.65,
638,malignant neoplasm of prostate,C0376358,0.65,
8626,malignant neoplasm of prostate,C0376358,0.6,
89782,malignant neoplasm of prostate,C0376358,0.6,
7049,malignant neoplasm of prostate,C0376358,0.6,
3694,malignant neoplasm of prostate,C0376358,0.6,
23492,malignant neoplasm of prostate,C0376358,0.6,
1111,malignant neoplasm of prostate,C0376358,0.6,
4297,acute myelomonocytic leukemia,C0023479,0.6,
2885,malignant neoplasm of prostate,C0376358,0.6,
10580,malignant neoplasm of prostate,C0376358,0.6,
10800,malignant neoplasm of prostate,C0376358,0.6,
1012,malignant neoplasm of prostate,C0376358,0.6,
5166,malignant neoplasm of prostate,C0376358,0.6,
387893,malignant neoplasm of prostate,C0376358,0.6,
6822,malignant neoplasm of prostate,C0376358,0.6,
1806,malignant neoplasm of prostate,C0376358,0.6,
1114,malignant neoplasm of prostate,C0376358,0.6,
776,malignant neoplasm of prostate,C0376358,0.6,
3482,malignant neoplasm of prostate,C0376358,0.6,
57863,malignant neoplasm of prostate,C0376358,0.6,
7392,malignant neoplasm of prostate,C0376358,0.6,
5295,malignant neoplasm of prostate,C0376358,0.6,
5469,malignant neoplasm of prostate,C0376358,0.6,
90865,malignant neoplasm of prostate,C0376358,0.6,
9462,malignant neoplasm of prostate,C0376358,0.6,
1769,malignant neoplasm of prostate,C0376358,0.6,
79094,malignant neoplasm of prostate,C0376358,0.6,
53353,malignant neoplasm of prostate,C0376358,0.6,
9131,malignant neoplasm of prostate,C0376358,0.6,
23678,malignant neoplasm of prostate,C0376358,0.6,
7290,malignant neoplasm of prostate,C0376358,0.6,
4629,acute myelomonocytic leukemia,C0023479,0.6,
3981,malignant neoplasm of prostate,C0376358,0.6,
1737,malignant neoplasm of prostate,C0376358,0.6,
1277,malignant neoplasm of prostate,C0376358,0.6,
1794,malignant neoplasm of prostate,C0376358,0.6,
51147,malignant neoplasm of prostate,C0376358,0.6,
10257,malignant neoplasm of prostate,C0376358,0.6,
3716,malignant neoplasm of prostate,C0376358,0.6,
3798,malignant neoplasm of prostate,C0376358,0.6,
2175,malignant neoplasm of prostate,C0376358,0.55,
8379,malignant neoplasm of prostate,C0376358,0.55,
9899,malignant neoplasm of prostate,C0376358,0.55,
4043,malignant neoplasm of prostate,C0376358,0.55,
27252,malignant neoplasm of prostate,C0376358,0.55,
51684,malignant neoplasm of prostate,C0376358,0.55,
9794,malignant neoplasm of prostate,C0376358,0.55,
23544,malignant neoplasm of prostate,C0376358,0.55,
113220,malignant neoplasm of prostate,C0376358,0.55,
693200,malignant neoplasm of prostate,C0376358,0.55,
9752,malignant neoplasm of prostate,C0376358,0.5,
51426,malignant neoplasm of prostate,C0376358,0.5,
3131,malignant neoplasm of prostate,C0376358,0.5,
3811,malignant neoplasm of prostate,C0376358,0.5,
4040,malignant neoplasm of prostate,C0376358,0.5,
4163,malignant neoplasm of prostate,C0376358,0.5,
8208,malignant neoplasm of prostate,C0376358,0.5,
21,malignant neoplasm of prostate,C0376358,0.5,
22861,malignant neoplasm of prostate,C0376358,0.5,
284434,malignant neoplasm of prostate,C0376358,0.5,
11143,malignant neoplasm of prostate,C0376358,0.5,
11185,malignant neoplasm of prostate,C0376358,0.5,
151056,malignant neoplasm of prostate,C0376358,0.5,
9703,malignant neoplasm of prostate,C0376358,0.5,
55832,malignant neoplasm of prostate,C0376358,0.5,
7220,malignant neoplasm of prostate,C0376358,0.5,
25776,malignant neoplasm of prostate,C0376358,0.5,
27115,malignant neoplasm of prostate,C0376358,0.5,
353497,malignant neoplasm of prostate,C0376358,0.5,
59277,malignant neoplasm of prostate,C0376358,0.5,
6498,malignant neoplasm of prostate,C0376358,0.5,
51132,malignant neoplasm of prostate,C0376358,0.5,
55701,malignant neoplasm of prostate,C0376358,0.5,
81037,malignant neoplasm of prostate,C0376358,0.5,
6524,malignant neoplasm of prostate,C0376358,0.5,
9033,malignant neoplasm of prostate,C0376358,0.5,
80243,malignant neoplasm of prostate,C0376358,0.5,
8165,malignant neoplasm of prostate,C0376358,0.5,
81831,malignant neoplasm of prostate,C0376358,0.5,
8573,malignant neoplasm of prostate,C0376358,0.5,
9863,malignant neoplasm of prostate,C0376358,0.5,
5554,malignant neoplasm of prostate,C0376358,0.5,
55920,malignant neoplasm of prostate,C0376358,0.5,
5602,malignant neoplasm of prostate,C0376358,0.5,
57569,malignant neoplasm of prostate,C0376358,0.5,
221935,malignant neoplasm of prostate,C0376358,0.5,
5799,malignant neoplasm of prostate,C0376358,0.5,
5880,malignant neoplasm of prostate,C0376358,0.5,
159371,malignant neoplasm of prostate,C0376358,0.5,
10098,malignant neoplasm of prostate,C0376358,0.5,
10210,malignant neoplasm of prostate,C0376358,0.5,
1510,malignant neoplasm of prostate,C0376358,0.5,
2138,malignant neoplasm of prostate,C0376358,0.5,
23026,malignant neoplasm of prostate,C0376358,0.5,
23077,malignant neoplasm of prostate,C0376358,0.5,
23635,malignant neoplasm of prostate,C0376358,0.5,
2565,malignant neoplasm of prostate,C0376358,0.5,
6059,malignant neoplasm of prostate,C0376358,0.5,
64848,malignant neoplasm of prostate,C0376358,0.5,
8295,malignant neoplasm of prostate,C0376358,0.5,
9805,malignant neoplasm of prostate,C0376358,0.5,
51347,malignant neoplasm of prostate,C0376358,0.5,
55914,malignant neoplasm of prostate,C0376358,0.5,
56139,malignant neoplasm of prostate,C0376358,0.5,
57786,malignant neoplasm of prostate,C0376358,0.5,
3782,malignant neoplasm of prostate,C0376358,0.5,
151790,malignant neoplasm of prostate,C0376358,0.45,
23092,acute myelomonocytic leukemia,C0023479,0.45,
786,malignant hyperpyrexias,C0024591,0.45,
2322,malignant neoplasm of prostate,C0376358,0.45,
56731,malignant neoplasm of prostate,C0376358,0.45,
8833,acute myelomonocytic leukemia,C0023479,0.45,
9829,malignant neoplasm of prostate,C0376358,0.4,
8875,malignant neoplasm of prostate,C0376358,0.4,
89766,malignant neoplasm of prostate,C0376358,0.4,
91351,malignant neoplasm of prostate,C0376358,0.4,
946,malignant neoplasm of prostate,C0376358,0.4,
9499,malignant neoplasm of prostate,C0376358,0.4,
9701,malignant neoplasm of prostate,C0376358,0.4,
9735,malignant neoplasm of prostate,C0376358,0.4,
9776,malignant neoplasm of prostate,C0376358,0.4,
63908,malignant neoplasm of prostate,C0376358,0.4,
64063,malignant neoplasm of prostate,C0376358,0.4,
64784,malignant neoplasm of prostate,C0376358,0.4,
64800,malignant neoplasm of prostate,C0376358,0.4,
65263,malignant neoplasm of prostate,C0376358,0.4,
7399,malignant neoplasm of prostate,C0376358,0.4,
7767,malignant neoplasm of prostate,C0376358,0.4,
105371450,malignant neoplasm of prostate,C0376358,0.4,
10555,malignant neoplasm of prostate,C0376358,0.4,
10699,malignant neoplasm of prostate,C0376358,0.4,
10980,malignant neoplasm of prostate,C0376358,0.4,
121551,malignant neoplasm of prostate,C0376358,0.4,
122757966,malignant neoplasm of prostate,C0376358,0.4,
126861022,malignant neoplasm of prostate,C0376358,0.4,
129936904,malignant neoplasm of prostate,C0376358,0.4,
140876,malignant neoplasm of prostate,C0376358,0.4,
145942,malignant neoplasm of prostate,C0376358,0.4,
146923,malignant neoplasm of prostate,C0376358,0.4,
149628,malignant neoplasm of prostate,C0376358,0.4,
1504,malignant neoplasm of prostate,C0376358,0.4,
151254,malignant neoplasm of prostate,C0376358,0.4,
151516,malignant neoplasm of prostate,C0376358,0.4,
154807,malignant neoplasm of prostate,C0376358,0.4,
163227,malignant neoplasm of prostate,C0376358,0.4,
51744,malignant neoplasm of prostate,C0376358,0.4,
5275,malignant neoplasm of prostate,C0376358,0.4,
53344,malignant neoplasm of prostate,C0376358,0.4,
53840,malignant neoplasm of prostate,C0376358,0.4,
54858,malignant neoplasm of prostate,C0376358,0.4,
54993,malignant neoplasm of prostate,C0376358,0.4,
55028,malignant neoplasm of prostate,C0376358,0.4,
55206,malignant neoplasm of prostate,C0376358,0.4,
55324,malignant neoplasm of prostate,C0376358,0.4,
55343,malignant neoplasm of prostate,C0376358,0.4,
55841,malignant neoplasm of prostate,C0376358,0.4,
5611,malignant neoplasm of prostate,C0376358,0.4,
57546,malignant neoplasm of prostate,C0376358,0.4,
57646,malignant neoplasm of prostate,C0376358,0.4,
57664,malignant neoplasm of prostate,C0376358,0.4,
100128006,malignant neoplasm of prostate,C0376358,0.4,
100379224,malignant neoplasm of prostate,C0376358,0.4,
100528064,malignant neoplasm of prostate,C0376358,0.4,
100874023,malignant neoplasm of prostate,C0376358,0.4,
102723833,malignant neoplasm of prostate,C0376358,0.4,
3361,malignant neoplasm of prostate,C0376358,0.4,
338440,malignant neoplasm of prostate,C0376358,0.4,
339221,malignant neoplasm of prostate,C0376358,0.4,
3681,malignant neoplasm of prostate,C0376358,0.4,
3848,malignant neoplasm of prostate,C0376358,0.4,
448834,malignant neoplasm of prostate,C0376358,0.4,
219958,malignant neoplasm of prostate,C0376358,0.4,
22899,malignant neoplasm of prostate,C0376358,0.4,
23082,malignant neoplasm of prostate,C0376358,0.4,
23253,malignant neoplasm of prostate,C0376358,0.4,
23384,malignant neoplasm of prostate,C0376358,0.4,
23499,malignant neoplasm of prostate,C0376358,0.4,
23506,malignant neoplasm of prostate,C0376358,0.4,
25923,malignant neoplasm of prostate,C0376358,0.4,
26234,malignant neoplasm of prostate,C0376358,0.4,
26750,malignant neoplasm of prostate,C0376358,0.4,
283537,malignant neoplasm of prostate,C0376358,0.4,
283600,malignant neoplasm of prostate,C0376358,0.4,
2894,malignant neoplasm of prostate,C0376358,0.4,
29058,malignant neoplasm of prostate,C0376358,0.4,
79009,malignant neoplasm of prostate,C0376358,0.4,
80036,malignant neoplasm of prostate,C0376358,0.4,
84196,malignant neoplasm of prostate,C0376358,0.4,
84440,malignant neoplasm of prostate,C0376358,0.4,
84871,malignant neoplasm of prostate,C0376358,0.4,
129391106,malignant hyperpyrexias,C0024591,0.4,
7442,malignant hyperpyrexias,C0024591,0.4,
204219,malignant neoplasm of prostate,C0376358,0.4,
219437,malignant neoplasm of prostate,C0376358,0.4,
2201,malignant neoplasm of prostate,C0376358,0.4,
220965,malignant neoplasm of prostate,C0376358,0.4,
22990,malignant neoplasm of prostate,C0376358,0.4,
23450,malignant neoplasm of prostate,C0376358,0.4,
23523,malignant neoplasm of prostate,C0376358,0.4,
255101,malignant neoplasm of prostate,C0376358,0.4,
2561,malignant neoplasm of prostate,C0376358,0.4,
25878,malignant neoplasm of prostate,C0376358,0.4,
26589,malignant neoplasm of prostate,C0376358,0.4,
27085,malignant neoplasm of prostate,C0376358,0.4,
27197,malignant neoplasm of prostate,C0376358,0.4,
2792,malignant neoplasm of prostate,C0376358,0.4,
29930,malignant neoplasm of prostate,C0376358,0.4,
10777,malignant neoplasm of prostate,C0376358,0.4,
11047,malignant neoplasm of prostate,C0376358,0.4,
116412618,malignant neoplasm of prostate,C0376358,0.4,
121009647,malignant neoplasm of prostate,C0376358,0.4,
121366038,malignant neoplasm of prostate,C0376358,0.4,
1259,malignant neoplasm of prostate,C0376358,0.4,
130004273,malignant neoplasm of prostate,C0376358,0.4,
140801,malignant neoplasm of prostate,C0376358,0.4,
153478,malignant neoplasm of prostate,C0376358,0.4,
170392,malignant neoplasm of prostate,C0376358,0.4,
170959,malignant neoplasm of prostate,C0376358,0.4,
101926895,malignant neoplasm of prostate,C0376358,0.4,
101926905,malignant neoplasm of prostate,C0376358,0.4,
102724708,malignant neoplasm of prostate,C0376358,0.4,
83752,malignant neoplasm of prostate,C0376358,0.4,
84439,malignant neoplasm of prostate,C0376358,0.4,
84893,malignant neoplasm of prostate,C0376358,0.4,
85363,malignant neoplasm of prostate,C0376358,0.4,
9413,malignant neoplasm of prostate,C0376358,0.4,
94240,malignant neoplasm of prostate,C0376358,0.4,
9508,malignant neoplasm of prostate,C0376358,0.4,
9793,malignant neoplasm of prostate,C0376358,0.4,
493,malignant neoplasm of prostate,C0376358,0.4,
5314,malignant neoplasm of prostate,C0376358,0.4,
54798,malignant neoplasm of prostate,C0376358,0.4,
55290,malignant neoplasm of prostate,C0376358,0.4,
55602,malignant neoplasm of prostate,C0376358,0.4,
55614,malignant neoplasm of prostate,C0376358,0.4,
55770,malignant neoplasm of prostate,C0376358,0.4,
56,malignant neoplasm of prostate,C0376358,0.4,
56140,malignant neoplasm of prostate,C0376358,0.4,
56145,malignant neoplasm of prostate,C0376358,0.4,
5700,malignant neoplasm of prostate,C0376358,0.4,
57480,malignant neoplasm of prostate,C0376358,0.4,
57578,malignant neoplasm of prostate,C0376358,0.4,
339976,malignant neoplasm of prostate,C0376358,0.4,
4626,malignant neoplasm of prostate,C0376358,0.4,
476,malignant neoplasm of prostate,C0376358,0.4,
65123,malignant neoplasm of prostate,C0376358,0.4,
6601,malignant neoplasm of prostate,C0376358,0.4,
7059,malignant neoplasm of prostate,C0376358,0.4,
719,malignant neoplasm of prostate,C0376358,0.4,
7738,malignant neoplasm of prostate,C0376358,0.4,
223,malignant neoplasm of prostate,C0376358,0.4,
23262,malignant neoplasm of prostate,C0376358,0.4,
23583,malignant neoplasm of prostate,C0376358,0.4,
255631,malignant neoplasm of prostate,C0376358,0.4,
256691,malignant neoplasm of prostate,C0376358,0.4,
26696,malignant neoplasm of prostate,C0376358,0.4,
285266,malignant neoplasm of prostate,C0376358,0.4,
3358,malignant neoplasm of prostate,C0376358,0.4,
338596,malignant neoplasm of prostate,C0376358,0.4,
341640,malignant neoplasm of prostate,C0376358,0.4,
347516,malignant neoplasm of prostate,C0376358,0.4,
3758,malignant neoplasm of prostate,C0376358,0.4,
3761,malignant neoplasm of prostate,C0376358,0.4,
3911,malignant neoplasm of prostate,C0376358,0.4,
399687,malignant neoplasm of prostate,C0376358,0.4,
40,malignant neoplasm of prostate,C0376358,0.4,
4621,malignant neoplasm of prostate,C0376358,0.4,
57829,malignant neoplasm of prostate,C0376358,0.4,
6567,malignant neoplasm of prostate,C0376358,0.4,
6569,malignant neoplasm of prostate,C0376358,0.4,
54505,malignant neoplasm of prostate,C0376358,0.4,
55068,malignant neoplasm of prostate,C0376358,0.4,
5527,malignant neoplasm of prostate,C0376358,0.4,
55815,malignant neoplasm of prostate,C0376358,0.4,
56116,malignant neoplasm of prostate,C0376358,0.4,
56147,malignant neoplasm of prostate,C0376358,0.4,
56155,malignant neoplasm of prostate,C0376358,0.4,
56288,malignant neoplasm of prostate,C0376358,0.4,
56479,malignant neoplasm of prostate,C0376358,0.4,
57336,malignant neoplasm of prostate,C0376358,0.4,
57343,malignant neoplasm of prostate,C0376358,0.4,
57491,malignant neoplasm of prostate,C0376358,0.4,
5774,malignant neoplasm of prostate,C0376358,0.4,
7915,malignant neoplasm of prostate,C0376358,0.4,
79751,malignant neoplasm of prostate,C0376358,0.4,
79785,malignant neoplasm of prostate,C0376358,0.4,
80005,malignant neoplasm of prostate,C0376358,0.4,
80183,malignant neoplasm of prostate,C0376358,0.4,
81448,malignant neoplasm of prostate,C0376358,0.4,
83872,malignant neoplasm of prostate,C0376358,0.4,
84553,malignant neoplasm of prostate,C0376358,0.4,
8546,malignant neoplasm of prostate,C0376358,0.4,
8672,malignant neoplasm of prostate,C0376358,0.4,
8708,malignant neoplasm of prostate,C0376358,0.4,
914,malignant neoplasm of prostate,C0376358,0.4,
9145,malignant neoplasm of prostate,C0376358,0.4,
9290,malignant neoplasm of prostate,C0376358,0.4,
9363,malignant neoplasm of prostate,C0376358,0.4,
943,malignant neoplasm of prostate,C0376358,0.4,
9482,malignant neoplasm of prostate,C0376358,0.4,
100131827,malignant neoplasm of prostate,C0376358,0.4,
100506469,malignant neoplasm of prostate,C0376358,0.4,
100533105,malignant neoplasm of prostate,C0376358,0.4,
101928005,malignant neoplasm of prostate,C0376358,0.4,
101928034,malignant neoplasm of prostate,C0376358,0.4,
10243,malignant neoplasm of prostate,C0376358,0.4,
10522,malignant neoplasm of prostate,C0376358,0.4,
105379054,malignant neoplasm of prostate,C0376358,0.4,
1106,malignant neoplasm of prostate,C0376358,0.4,
112752,malignant neoplasm of prostate,C0376358,0.4,
113000,malignant neoplasm of prostate,C0376358,0.4,
114815,malignant neoplasm of prostate,C0376358,0.4,
126653361,malignant neoplasm of prostate,C0376358,0.4,
126861231,malignant neoplasm of prostate,C0376358,0.4,
126862945,malignant neoplasm of prostate,C0376358,0.4,
126863302,malignant neoplasm of prostate,C0376358,0.4,
130005185,malignant neoplasm of prostate,C0376358,0.4,
147741,malignant neoplasm of prostate,C0376358,0.4,
79748,malignant neoplasm of prostate,C0376358,0.4,
79869,malignant neoplasm of prostate,C0376358,0.4,
81034,malignant neoplasm of prostate,C0376358,0.4,
827,malignant neoplasm of prostate,C0376358,0.4,
83473,malignant neoplasm of prostate,C0376358,0.4,
83743,malignant neoplasm of prostate,C0376358,0.4,
83992,malignant neoplasm of prostate,C0376358,0.4,
84067,malignant neoplasm of prostate,C0376358,0.4,
84343,malignant neoplasm of prostate,C0376358,0.4,
8443,malignant neoplasm of prostate,C0376358,0.4,
8618,malignant neoplasm of prostate,C0376358,0.4,
9147,malignant neoplasm of prostate,C0376358,0.4,
92715,malignant neoplasm of prostate,C0376358,0.4,
93649,malignant neoplasm of prostate,C0376358,0.4,
9382,malignant neoplasm of prostate,C0376358,0.4,
9577,malignant neoplasm of prostate,C0376358,0.4,
9706,malignant neoplasm of prostate,C0376358,0.4,
9772,malignant neoplasm of prostate,C0376358,0.4,
9905,malignant neoplasm of prostate,C0376358,0.4,
5018,malignant neoplasm of prostate,C0376358,0.4,
51195,malignant neoplasm of prostate,C0376358,0.4,
5137,malignant neoplasm of prostate,C0376358,0.4,
5283,malignant neoplasm of prostate,C0376358,0.4,
5332,malignant neoplasm of prostate,C0376358,0.4,
535,malignant neoplasm of prostate,C0376358,0.4,
5507,malignant neoplasm of prostate,C0376358,0.4,
55211,malignant neoplasm of prostate,C0376358,0.4,
55567,malignant neoplasm of prostate,C0376358,0.4,
55656,malignant neoplasm of prostate,C0376358,0.4,
55707,malignant neoplasm of prostate,C0376358,0.4,
56117,malignant neoplasm of prostate,C0376358,0.4,
56141,malignant neoplasm of prostate,C0376358,0.4,
56142,malignant neoplasm of prostate,C0376358,0.4,
56144,malignant neoplasm of prostate,C0376358,0.4,
56146,malignant neoplasm of prostate,C0376358,0.4,
56944,malignant neoplasm of prostate,C0376358,0.4,
203238,malignant neoplasm of prostate,C0376358,0.4,
221472,malignant neoplasm of prostate,C0376358,0.4,
222663,malignant neoplasm of prostate,C0376358,0.4,
23001,malignant neoplasm of prostate,C0376358,0.4,
23221,malignant neoplasm of prostate,C0376358,0.4,
23536,malignant neoplasm of prostate,C0376358,0.4,
2357,malignant neoplasm of prostate,C0376358,0.4,
23593,malignant neoplasm of prostate,C0376358,0.4,
253012,malignant neoplasm of prostate,C0376358,0.4,
259295,malignant neoplasm of prostate,C0376358,0.4,
26330,malignant neoplasm of prostate,C0376358,0.4,
2676,malignant neoplasm of prostate,C0376358,0.4,
27294,malignant neoplasm of prostate,C0376358,0.4,
284309,malignant neoplasm of prostate,C0376358,0.4,
284383,malignant neoplasm of prostate,C0376358,0.4,
29789,malignant neoplasm of prostate,C0376358,0.4,
29801,malignant neoplasm of prostate,C0376358,0.4,
5789,malignant neoplasm of prostate,C0376358,0.4,
5961,malignant neoplasm of prostate,C0376358,0.4,
60482,malignant neoplasm of prostate,C0376358,0.4,
6318,malignant neoplasm of prostate,C0376358,0.4,
64393,malignant neoplasm of prostate,C0376358,0.4,
64411,malignant neoplasm of prostate,C0376358,0.4,
64849,malignant neoplasm of prostate,C0376358,0.4,
6536,malignant neoplasm of prostate,C0376358,0.4,
6812,malignant neoplasm of prostate,C0376358,0.4,
7223,malignant neoplasm of prostate,C0376358,0.4,
745,malignant neoplasm of prostate,C0376358,0.4,
7586,malignant neoplasm of prostate,C0376358,0.4,
7695,malignant neoplasm of prostate,C0376358,0.4,
10388,malignant neoplasm of prostate,C0376358,0.4,
105370526,malignant neoplasm of prostate,C0376358,0.4,
105616981,malignant neoplasm of prostate,C0376358,0.4,
108021846,malignant neoplasm of prostate,C0376358,0.4,
118663,malignant neoplasm of prostate,C0376358,0.4,
126806658,malignant neoplasm of prostate,C0376358,0.4,
1271,malignant neoplasm of prostate,C0376358,0.4,
1289,malignant neoplasm of prostate,C0376358,0.4,
132671,malignant neoplasm of prostate,C0376358,0.4,
1406,malignant neoplasm of prostate,C0376358,0.4,
150771,malignant neoplasm of prostate,C0376358,0.4,
374819,malignant neoplasm of prostate,C0376358,0.4,
3754,malignant neoplasm of prostate,C0376358,0.4,
3804,malignant neoplasm of prostate,C0376358,0.4,
3857,malignant neoplasm of prostate,C0376358,0.4,
4640,malignant neoplasm of prostate,C0376358,0.4,
4745,malignant neoplasm of prostate,C0376358,0.4,
100128560,malignant neoplasm of prostate,C0376358,0.4,
100144748,malignant neoplasm of prostate,C0376358,0.4,
100526825,malignant neoplasm of prostate,C0376358,0.4,
100533464,malignant neoplasm of prostate,C0376358,0.4,
101927157,malignant neoplasm of prostate,C0376358,0.4,
106707243,malignant neoplasm of prostate,C0376358,0.4,
109504725,malignant neoplasm of prostate,C0376358,0.4,
11099,malignant neoplasm of prostate,C0376358,0.4,
11117,malignant neoplasm of prostate,C0376358,0.4,
114784,malignant neoplasm of prostate,C0376358,0.4,
115557,malignant neoplasm of prostate,C0376358,0.4,
115752,malignant neoplasm of prostate,C0376358,0.4,
126298,malignant neoplasm of prostate,C0376358,0.4,
126806265,malignant neoplasm of prostate,C0376358,0.4,
126862505,malignant neoplasm of prostate,C0376358,0.4,
127435,malignant neoplasm of prostate,C0376358,0.4,
128876,malignant neoplasm of prostate,C0376358,0.4,
130004274,malignant neoplasm of prostate,C0376358,0.4,
140453,malignant neoplasm of prostate,C0376358,0.4,
145553,malignant neoplasm of prostate,C0376358,0.4,
147658,malignant neoplasm of prostate,C0376358,0.4,
147746,malignant neoplasm of prostate,C0376358,0.4,
1770,malignant neoplasm of prostate,C0376358,0.4,
197407,malignant neoplasm of prostate,C0376358,0.4,
219473,malignant neoplasm of prostate,C0376358,0.4,
221481,malignant neoplasm of prostate,C0376358,0.4,
25998,malignant neoplasm of prostate,C0376358,0.4,
2662,malignant neoplasm of prostate,C0376358,0.4,
283093,malignant neoplasm of prostate,C0376358,0.4,
284532,malignant neoplasm of prostate,C0376358,0.4,
2849,malignant neoplasm of prostate,C0376358,0.4,
28514,malignant neoplasm of prostate,C0376358,0.4,
2902,malignant neoplasm of prostate,C0376358,0.4,
2918,malignant neoplasm of prostate,C0376358,0.4,
3786,malignant neoplasm of prostate,C0376358,0.4,
3883,malignant neoplasm of prostate,C0376358,0.4,
389384,malignant neoplasm of prostate,C0376358,0.4,
400720,malignant neoplasm of prostate,C0376358,0.4,
439,malignant neoplasm of prostate,C0376358,0.4,
445815,malignant neoplasm of prostate,C0376358,0.4,
100128264,malignant neoplasm of prostate,C0376358,0.4,
100533952,malignant neoplasm of prostate,C0376358,0.4,
101730217,malignant neoplasm of prostate,C0376358,0.4,
102725176,malignant neoplasm of prostate,C0376358,0.4,
6274,malignant neoplasm of prostate,C0376358,0.4,
6337,malignant neoplasm of prostate,C0376358,0.4,
65059,malignant neoplasm of prostate,C0376358,0.4,
6547,malignant neoplasm of prostate,C0376358,0.4,
7405,malignant neoplasm of prostate,C0376358,0.4,
79656,malignant neoplasm of prostate,C0376358,0.4,
79744,malignant neoplasm of prostate,C0376358,0.4,
80217,malignant neoplasm of prostate,C0376358,0.4,
80760,malignant neoplasm of prostate,C0376358,0.4,
81050,malignant neoplasm of prostate,C0376358,0.4,
81626,malignant neoplasm of prostate,C0376358,0.4,
85359,malignant neoplasm of prostate,C0376358,0.4,
91754,malignant neoplasm of prostate,C0376358,0.4,
92703,malignant neoplasm of prostate,C0376358,0.4,
9320,malignant neoplasm of prostate,C0376358,0.4,
956,malignant neoplasm of prostate,C0376358,0.4,
9652,malignant neoplasm of prostate,C0376358,0.4,
9667,malignant neoplasm of prostate,C0376358,0.4,
9816,malignant neoplasm of prostate,C0376358,0.4,
50939,malignant neoplasm of prostate,C0376358,0.4,
51068,malignant neoplasm of prostate,C0376358,0.4,
51224,malignant neoplasm of prostate,C0376358,0.4,
5139,malignant neoplasm of prostate,C0376358,0.4,
5158,malignant neoplasm of prostate,C0376358,0.4,
5253,malignant neoplasm of prostate,C0376358,0.4,
54808,malignant neoplasm of prostate,C0376358,0.4,
55132,malignant neoplasm of prostate,C0376358,0.4,
55601,malignant neoplasm of prostate,C0376358,0.4,
56143,malignant neoplasm of prostate,C0376358,0.4,
57094,malignant neoplasm of prostate,C0376358,0.4,
57453,malignant neoplasm of prostate,C0376358,0.4,
444,malignant hyperpyrexias,C0024591,0.4,
126862902,malignant hyperpyrexias,C0024591,0.4,
673,papillary thyroid carcinoma,C0238463,1.0,
7157,sarcoma,C1261473,0.95,
5979,medullary thyroid carcinoma,C0238462,0.95,
5979,papillary thyroid carcinoma,C0238463,0.95,
7080,papillary thyroid carcinoma,C0238463,0.85,
1956,squamous cell carcinoma of lung (diagnosis),C0149782,0.85,
2263,squamous cell carcinoma of lung (diagnosis),C0149782,0.85,
54790,"lymphoma, peripheral t-cell",C0079774,0.85,
1019,liposarcoma,C0023827,0.85,
7157,papillary thyroid carcinoma,C0238463,0.8,
7068,"adenocarcinoma, follicular",C0206682,0.8,
2304,papillary thyroid carcinoma,C0238463,0.8,
2521,liposarcoma,C0023827,0.8,
4921,squamous cell carcinoma of lung (diagnosis),C0149782,0.8,
4893,papillary thyroid carcinoma,C0238463,0.8,
3265,papillary thyroid carcinoma,C0238463,0.8,
472,papillary thyroid carcinoma,C0238463,0.8,
9968,leiomyosarcoma,C0023269,0.8,
7157,gastric adenocarcinoma,C0278701,0.8,
11200,sarcoma,C1261473,0.8,
5468,"adenocarcinoma, follicular",C0206682,0.75,
7157,squamous cell carcinoma of lung (diagnosis),C0149782,0.75,
4436,sarcoma,C1261473,0.75,
2264,squamous cell carcinoma of lung (diagnosis),C0149782,0.75,
8030,papillary thyroid carcinoma,C0238463,0.75,
999,gastric adenocarcinoma,C0278701,0.75,
238,squamous cell carcinoma of lung (diagnosis),C0149782,0.75,
4780,squamous cell carcinoma of lung (diagnosis),C0149782,0.75,
1788,"lymphoma, peripheral t-cell",C0079774,0.75,
207,gastric adenocarcinoma,C0278701,0.75,
2261,squamous cell carcinoma of lung (diagnosis),C0149782,0.75,
3265,"adenocarcinoma, follicular",C0206682,0.75,
5728,gastric adenocarcinoma,C0278701,0.75,
4233,squamous cell carcinoma of lung (diagnosis),C0149782,0.75,
2064,gastric adenocarcinoma,C0278701,0.75,
4893,"adenocarcinoma, follicular",C0206682,0.75,
5290,squamous cell carcinoma of lung (diagnosis),C0149782,0.75,
2475,gastric adenocarcinoma,C0278701,0.75,
7849,"adenocarcinoma, follicular",C0206682,0.75,
3845,squamous cell carcinoma of lung (diagnosis),C0149782,0.75,
1499,gastric adenocarcinoma,C0278701,0.75,
673,squamous cell carcinoma of lung (diagnosis),C0149782,0.75,
567,"lymphoma, peripheral t-cell",C0079774,0.7,
960,gastric adenocarcinoma,C0278701,0.7,
3662,"lymphoma, peripheral t-cell",C0079774,0.7,
207,squamous cell carcinoma of lung (diagnosis),C0149782,0.7,
387,"lymphoma, peripheral t-cell",C0079774,0.7,
1029,gastric adenocarcinoma,C0278701,0.7,
3845,gastric adenocarcinoma,C0278701,0.7,
3845,medullary thyroid carcinoma,C0238462,0.7,
1029,squamous cell carcinoma of lung (diagnosis),C0149782,0.7,
5290,gastric adenocarcinoma,C0278701,0.7,
3845,"adenocarcinoma, follicular",C0206682,0.7,
7015,squamous cell carcinoma of lung (diagnosis),C0149782,0.7,
8085,squamous cell carcinoma of lung (diagnosis),C0149782,0.7,
6935,papillary thyroid carcinoma,C0238463,0.65,
3815,gastric adenocarcinoma,C0278701,0.65,
4089,gastric adenocarcinoma,C0278701,0.65,
3117,gastric adenocarcinoma,C0278701,0.65,
2534,"lymphoma, peripheral t-cell",C0079774,0.65,
55294,squamous cell carcinoma of lung (diagnosis),C0149782,0.65,
5783,squamous cell carcinoma of lung (diagnosis),C0149782,0.65,
472,squamous cell carcinoma of lung (diagnosis),C0149782,0.65,
4221,medullary thyroid carcinoma,C0238462,0.65,
8085,gastric adenocarcinoma,C0278701,0.65,
3026,papillary thyroid carcinoma,C0238463,0.65,
472,"lymphoma, peripheral t-cell",C0079774,0.65,
5893,squamous cell carcinoma of lung (diagnosis),C0149782,0.65,
5743,leiomyosarcoma,C0023269,0.65,
2194,liposarcoma,C0023827,0.65,
2263,gastric adenocarcinoma,C0278701,0.65,
2260,gastric adenocarcinoma,C0278701,0.65,
2065,gastric adenocarcinoma,C0278701,0.65,
3265,gastric adenocarcinoma,C0278701,0.65,
3659,gastric adenocarcinoma,C0278701,0.65,
5159,gastric adenocarcinoma,C0278701,0.65,
55294,gastric adenocarcinoma,C0278701,0.6,
3815,squamous cell carcinoma of lung (diagnosis),C0149782,0.6,
1756,leiomyosarcoma,C0023269,0.6,
5728,squamous cell carcinoma of lung (diagnosis),C0149782,0.6,
1869,squamous cell carcinoma of lung (diagnosis),C0149782,0.6,
6794,squamous cell carcinoma of lung (diagnosis),C0149782,0.6,
6615,papillary thyroid carcinoma,C0238463,0.6,
1969,gastric adenocarcinoma,C0278701,0.6,
51196,gastric adenocarcinoma,C0278701,0.6,
5781,gastric adenocarcinoma,C0278701,0.6,
673,gastric adenocarcinoma,C0278701,0.6,
2066,squamous cell carcinoma of lung (diagnosis),C0149782,0.6,
5604,gastric adenocarcinoma,C0278701,0.6,
3418,"lymphoma, peripheral t-cell",C0079774,0.6,
940,"lymphoma, peripheral t-cell",C0079774,0.6,
1969,squamous cell carcinoma of lung (diagnosis),C0149782,0.6,
3480,squamous cell carcinoma of lung (diagnosis),C0149782,0.6,
4292,gastric adenocarcinoma,C0278701,0.6,
2778,gastric adenocarcinoma,C0278701,0.6,
1735,papillary thyroid carcinoma,C0238463,0.6,
5819,"lymphoma, peripheral t-cell",C0079774,0.6,
7273,squamous cell carcinoma of lung (diagnosis),C0149782,0.6,
3265,squamous cell carcinoma of lung (diagnosis),C0149782,0.6,
2047,gastric adenocarcinoma,C0278701,0.6,
5347,squamous cell carcinoma of lung (diagnosis),C0149782,0.6,
387,gastric adenocarcinoma,C0278701,0.6,
6098,gastric adenocarcinoma,C0278701,0.6,
6591,papillary thyroid carcinoma,C0238463,0.6,
81037,squamous cell carcinoma of lung (diagnosis),C0149782,0.6,
7515,papillary thyroid carcinoma,C0238463,0.55,
9562,"adenocarcinoma, follicular",C0206682,0.55,
5591,squamous cell carcinoma of lung (diagnosis),C0149782,0.55,
7161,squamous cell carcinoma of lung (diagnosis),C0149782,0.55,
5781,squamous cell carcinoma of lung (diagnosis),C0149782,0.55,
6439,squamous cell carcinoma of lung (diagnosis),C0149782,0.55,
51750,gastric adenocarcinoma,C0278701,0.55,
3159,leiomyosarcoma,C0023269,0.55,
154664,gastric adenocarcinoma,C0278701,0.55,
8140,squamous cell carcinoma of lung (diagnosis),C0149782,0.55,
11274,leiomyosarcoma,C0023269,0.55,
57522,papillary thyroid carcinoma,C0238463,0.55,
8085,papillary thyroid carcinoma,C0238463,0.55,
442897,papillary thyroid carcinoma,C0238463,0.5,
1143,squamous cell carcinoma of lung (diagnosis),C0149782,0.5,
407051,squamous cell carcinoma of lung (diagnosis),C0149782,0.5,
9839,papillary thyroid carcinoma,C0238463,0.5,
4893,gastric adenocarcinoma,C0278701,0.5,
5426,gastric adenocarcinoma,C0278701,0.5,
9201,gastric adenocarcinoma,C0278701,0.5,
11200,leiomyosarcoma,C0023269,0.5,
100126297,papillary thyroid carcinoma,C0238463,0.5,
574038,papillary thyroid carcinoma,C0238463,0.5,
1138,squamous cell carcinoma of lung (diagnosis),C0149782,0.5,
472,gastric adenocarcinoma,C0278701,0.5,
5894,gastric adenocarcinoma,C0278701,0.5,
5727,squamous cell carcinoma of lung (diagnosis),C0149782,0.5,
6795,squamous cell carcinoma of lung (diagnosis),C0149782,0.5,
54894,gastric adenocarcinoma,C0278701,0.5,
5563,gastric adenocarcinoma,C0278701,0.5,
406914,papillary thyroid carcinoma,C0238463,0.5,
64150,papillary thyroid carcinoma,C0238463,0.5,
768222,papillary thyroid carcinoma,C0238463,0.5,
2033,squamous cell carcinoma of lung (diagnosis),C0149782,0.5,
8089,liposarcoma,C0023827,0.5,
4763,liposarcoma,C0023827,0.5,
1440,leiomyosarcoma,C0023269,0.5,
10885,papillary thyroid carcinoma,C0238463,0.45,
574456,squamous cell carcinoma of lung (diagnosis),C0149782,0.45,
1616,epithelial neoplasm of ovary (diagnosis),C0341823,0.45,
23118,epithelial neoplasm of ovary (diagnosis),C0341823,0.45,
2876,squamous cell carcinoma of lung (diagnosis),C0149782,0.45,
9562,papillary thyroid carcinoma,C0238463,0.45,
1545,squamous cell carcinoma of lung (diagnosis),C0149782,0.45,
5795,squamous cell carcinoma of lung (diagnosis),C0149782,0.45,
894,squamous cell carcinoma of lung (diagnosis),C0149782,0.45,
57522,"adenocarcinoma, follicular",C0206682,0.45,
23095,epithelial neoplasm of ovary (diagnosis),C0341823,0.45,
9472,epithelial neoplasm of ovary (diagnosis),C0341823,0.45,
6817,squamous cell carcinoma of lung (diagnosis),C0149782,0.45,
1436,squamous cell carcinoma of lung (diagnosis),C0149782,0.45,
3418,squamous cell carcinoma of lung (diagnosis),C0149782,0.45,
4830,epithelial neoplasm of ovary (diagnosis),C0341823,0.45,
442905,papillary thyroid carcinoma,C0238463,0.4,
574454,papillary thyroid carcinoma,C0238463,0.4,
1778,papillary thyroid carcinoma,C0238463,0.4,
7453,papillary thyroid carcinoma,C0238463,0.4,
494551,gastric adenocarcinoma,C0278701,0.4,
54822,gastric adenocarcinoma,C0278701,0.4,
5518,gastric adenocarcinoma,C0278701,0.4,
7514,gastric adenocarcinoma,C0278701,0.4,
8295,gastric adenocarcinoma,C0278701,0.4,
92,gastric adenocarcinoma,C0278701,0.4,
10188,gastric adenocarcinoma,C0278701,0.4,
2050,gastric adenocarcinoma,C0278701,0.4,
2081,gastric adenocarcinoma,C0278701,0.4,
2870,gastric adenocarcinoma,C0278701,0.4,
3702,gastric adenocarcinoma,C0278701,0.4,
375449,squamous cell carcinoma of lung (diagnosis),C0149782,0.4,
5537,squamous cell carcinoma of lung (diagnosis),C0149782,0.4,
567,squamous cell carcinoma of lung (diagnosis),C0149782,0.4,
6416,squamous cell carcinoma of lung (diagnosis),C0149782,0.4,
65267,squamous cell carcinoma of lung (diagnosis),C0149782,0.4,
780,squamous cell carcinoma of lung (diagnosis),C0149782,0.4,
8805,squamous cell carcinoma of lung (diagnosis),C0149782,0.4,
2068,epithelial neoplasm of ovary (diagnosis),C0341823,0.4,
283120,epithelial neoplasm of ovary (diagnosis),C0341823,0.4,
2072,pre b-cell acute lymphoblastic leukemia,C0349636,0.4,
7490,pre b-cell acute lymphoblastic leukemia,C0349636,0.4,
115399,squamous cell carcinoma of lung (diagnosis),C0149782,0.4,
2042,squamous cell carcinoma of lung (diagnosis),C0149782,0.4,
545,squamous cell carcinoma of lung (diagnosis),C0149782,0.4,
55589,squamous cell carcinoma of lung (diagnosis),C0149782,0.4,
85443,squamous cell carcinoma of lung (diagnosis),C0149782,0.4,
693121,papillary thyroid carcinoma,C0238463,0.4,
91833,papillary thyroid carcinoma,C0238463,0.4,
3981,papillary thyroid carcinoma,C0238463,0.4,
574434,papillary thyroid carcinoma,C0238463,0.4,
574452,papillary thyroid carcinoma,C0238463,0.4,
944,"lymphoma, peripheral t-cell",C0079774,0.4,
10290,gastric adenocarcinoma,C0278701,0.4,
115399,gastric adenocarcinoma,C0278701,0.4,
197259,gastric adenocarcinoma,C0278701,0.4,
51366,gastric adenocarcinoma,C0278701,0.4,
676,gastric adenocarcinoma,C0278701,0.4,
9968,gastric adenocarcinoma,C0278701,0.4,
2067,epithelial neoplasm of ovary (diagnosis),C0341823,0.4,
2952,epithelial neoplasm of ovary (diagnosis),C0341823,0.4,
160140,papillary thyroid carcinoma,C0238463,0.4,
406927,papillary thyroid carcinoma,C0238463,0.4,
407023,papillary thyroid carcinoma,C0238463,0.4,
442915,papillary thyroid carcinoma,C0238463,0.4,
494330,papillary thyroid carcinoma,C0238463,0.4,
574413,papillary thyroid carcinoma,C0238463,0.4,
57596,papillary thyroid carcinoma,C0238463,0.4,
129996007,squamous cell carcinoma of lung (diagnosis),C0149782,0.4,
130062899,squamous cell carcinoma of lung (diagnosis),C0149782,0.4,
1387,squamous cell carcinoma of lung (diagnosis),C0149782,0.4,
5604,squamous cell carcinoma of lung (diagnosis),C0149782,0.4,
84700,squamous cell carcinoma of lung (diagnosis),C0149782,0.4,
558,gastric adenocarcinoma,C0278701,0.4,
6197,gastric adenocarcinoma,C0278701,0.4,
657,gastric adenocarcinoma,C0278701,0.4,
8019,gastric adenocarcinoma,C0278701,0.4,
2046,gastric adenocarcinoma,C0278701,0.4,
25865,gastric adenocarcinoma,C0278701,0.4,
284656,gastric adenocarcinoma,C0278701,0.4,
3643,gastric adenocarcinoma,C0278701,0.4,
1081,"adenocarcinoma, follicular",C0206682,0.4,
494326,papillary thyroid carcinoma,C0238463,0.4,
574433,papillary thyroid carcinoma,C0238463,0.4,
664616,papillary thyroid carcinoma,C0238463,0.4,
724026,papillary thyroid carcinoma,C0238463,0.4,
79728,papillary thyroid carcinoma,C0238463,0.4,
11011,gastric adenocarcinoma,C0278701,0.4,
126806658,gastric adenocarcinoma,C0278701,0.4,
1387,gastric adenocarcinoma,C0278701,0.4,
1432,gastric adenocarcinoma,C0278701,0.4,
3718,gastric adenocarcinoma,C0278701,0.4,
56155,gastric adenocarcinoma,C0278701,0.4,
7273,gastric adenocarcinoma,C0278701,0.4,
90,gastric adenocarcinoma,C0278701,0.4,
5156,squamous cell carcinoma of lung (diagnosis),C0149782,0.4,
8358,squamous cell carcinoma of lung (diagnosis),C0149782,0.4,
8491,squamous cell carcinoma of lung (diagnosis),C0149782,0.4,
2534,squamous cell carcinoma of lung (diagnosis),C0149782,0.4,
255239,squamous cell carcinoma of lung (diagnosis),C0149782,0.4,
2986,squamous cell carcinoma of lung (diagnosis),C0149782,0.4,
340156,squamous cell carcinoma of lung (diagnosis),C0149782,0.4,
389840,squamous cell carcinoma of lung (diagnosis),C0149782,0.4,
4763,pre b-cell acute lymphoblastic leukemia,C0349636,0.4,
1232,epithelial neoplasm of ovary (diagnosis),C0341823,0.4,
2944,epithelial neoplasm of ovary (diagnosis),C0341823,0.4,
100507500,squamous cell carcinoma of lung (diagnosis),C0149782,0.4,
406968,squamous cell carcinoma of lung (diagnosis),C0149782,0.4,
5426,squamous cell carcinoma of lung (diagnosis),C0149782,0.4,
9968,squamous cell carcinoma of lung (diagnosis),C0149782,0.4,
4139,gastric adenocarcinoma,C0278701,0.4,
4293,gastric adenocarcinoma,C0278701,0.4,
4916,gastric adenocarcinoma,C0278701,0.4,
50488,gastric adenocarcinoma,C0278701,0.4,
51765,gastric adenocarcinoma,C0278701,0.4,
5605,gastric adenocarcinoma,C0278701,0.4,
567,gastric adenocarcinoma,C0278701,0.4,
6046,gastric adenocarcinoma,C0278701,0.4,
658,gastric adenocarcinoma,C0278701,0.4,
7048,gastric adenocarcinoma,C0278701,0.4,
84446,gastric adenocarcinoma,C0278701,0.4,
9125,gastric adenocarcinoma,C0278701,0.4,
406924,papillary thyroid carcinoma,C0238463,0.4,
406946,papillary thyroid carcinoma,C0238463,0.4,
5527,papillary thyroid carcinoma,C0238463,0.4,
574034,papillary thyroid carcinoma,C0238463,0.4,
130399,squamous cell carcinoma of lung (diagnosis),C0149782,0.4,
2044,squamous cell carcinoma of lung (diagnosis),C0149782,0.4,
107982234,pre b-cell acute lymphoblastic leukemia,C0349636,0.4,
79728,pre b-cell acute lymphoblastic leukemia,C0349636,0.4,
1956,colorectal neoplasm,C0009404,1.0,
673,malignant melanoma of skin,C0151779,1.0,
613,leukemias,C0023418,1.0,
1029,leukemias,C0023418,1.0,
1806,colorectal neoplasm,C0009404,1.0,
324,colorectal neoplasm,C0009404,1.0,
4292,colorectal neoplasm,C0009404,1.0,
4893,malignant melanoma of skin,C0151779,1.0,
4089,colorectal neoplasm,C0009404,1.0,
3569,colorectal neoplasm,C0009404,1.0,
5290,colorectal neoplasm,C0009404,1.0,
332,colorectal neoplasm,C0009404,1.0,
4436,colorectal neoplasm,C0009404,1.0,
1499,colorectal neoplasm,C0009404,1.0,
7298,colorectal neoplasm,C0009404,1.0,
7040,colorectal neoplasm,C0009404,1.0,
51684,medulloblastoma,C0025149,1.0,
1029,malignant melanoma of skin,C0151779,1.0,
673,colorectal neoplasm,C0009404,1.0,
595,colorectal neoplasm,C0009404,1.0,
2120,leukemias,C0023418,1.0,
1499,medulloblastoma,C0025149,1.0,
1029,colorectal neoplasm,C0009404,1.0,
4893,colorectal neoplasm,C0009404,1.0,
3845,colorectal neoplasm,C0009404,1.0,
7157,colorectal neoplasm,C0009404,1.0,
5727,medulloblastoma,C0025149,1.0,
207,colorectal neoplasm,C0009404,1.0,
7042,colorectal neoplasm,C0009404,1.0,
2261,transitional cell carcinoma,C0007138,0.95,
596,colorectal neoplasm,C0009404,0.95,
4297,leukemias,C0023418,0.95,
8313,colorectal neoplasm,C0009404,0.95,
8915,"lymphoma, malt",C0242647,0.95,
2064,colorectal neoplasm,C0009404,0.95,
5728,colorectal neoplasm,C0009404,0.95,
7124,colorectal neoplasm,C0009404,0.95,
5426,colorectal neoplasm,C0009404,0.95,
2475,colorectal neoplasm,C0009404,0.95,
6934,colorectal neoplasm,C0009404,0.95,
3717,leukemias,C0023418,0.95,
5743,colorectal neoplasm,C0009404,0.95,
4609,colorectal neoplasm,C0009404,0.95,
999,colorectal neoplasm,C0009404,0.95,
324,medulloblastoma,C0025149,0.95,
675,medulloblastoma,C0025149,0.95,
54894,colorectal neoplasm,C0009404,0.9,
29072,colorectal neoplasm,C0009404,0.9,
7515,colorectal neoplasm,C0009404,0.9,
4893,leukemias,C0023418,0.9,
4313,colorectal neoplasm,C0009404,0.9,
5728,malignant melanoma of skin,C0151779,0.9,
3791,colorectal neoplasm,C0009404,0.9,
472,colorectal neoplasm,C0009404,0.9,
3815,hematologic neoplasm,C0376545,0.9,
10801,colorectal neoplasm,C0009404,0.9,
1728,leukemias,C0023418,0.9,
581,colorectal neoplasm,C0009404,0.9,
2879,colorectal neoplasm,C0009404,0.85,
7157,medulloblastoma,C0025149,0.85,
699,colorectal neoplasm,C0009404,0.85,
2048,colorectal neoplasm,C0009404,0.85,
2100,colorectal neoplasm,C0009404,0.85,
7299,malignant melanoma of skin,C0151779,0.85,
2120,hematologic neoplasm,C0376545,0.85,
4609,medulloblastoma,C0025149,0.85,
7046,colorectal neoplasm,C0009404,0.85,
3265,transitional cell carcinoma,C0007138,0.85,
11200,colorectal neoplasm,C0009404,0.85,
2778,colorectal neoplasm,C0009404,0.85,
5604,colorectal neoplasm,C0009404,0.85,
5979,colorectal neoplasm,C0009404,0.85,
8743,leukemias,C0023418,0.85,
4953,colorectal neoplasm,C0009404,0.85,
1591,colorectal neoplasm,C0009404,0.85,
9429,colorectal neoplasm,C0009404,0.85,
2078,leukemias,C0023418,0.85,
3265,colorectal neoplasm,C0009404,0.85,
60529,colorectal neoplasm,C0009404,0.85,
6774,medulloblastoma,C0025149,0.85,
2064,medulloblastoma,C0025149,0.85,
7490,leukemias,C0023418,0.85,
11197,colorectal neoplasm,C0009404,0.85,
2067,colorectal neoplasm,C0009404,0.85,
8743,colorectal neoplasm,C0009404,0.85,
3558,leukemias,C0023418,0.85,
6678,colorectal neoplasm,C0009404,0.85,
8842,colorectal neoplasm,C0009404,0.85,
28,leukemias,C0023418,0.85,
5781,leukemias,C0023418,0.85,
5243,colorectal neoplasm,C0009404,0.85,
2984,colorectal neoplasm,C0009404,0.85,
1437,colorectal neoplasm,C0009404,0.85,
5295,colorectal neoplasm,C0009404,0.85,
50943,colorectal neoplasm,C0009404,0.85,
2261,colorectal neoplasm,C0009404,0.8,
2068,colorectal neoplasm,C0009404,0.8,
4524,colorectal neoplasm,C0009404,0.8,
2944,colorectal neoplasm,C0009404,0.8,
7421,malignant melanoma of skin,C0151779,0.8,
6790,colorectal neoplasm,C0009404,0.8,
6927,colorectal neoplasm,C0009404,0.8,
1019,malignant melanoma of skin,C0151779,0.8,
23432,medulloblastoma,C0025149,0.8,
8643,medulloblastoma,C0025149,0.8,
5879,colorectal neoplasm,C0009404,0.8,
387,colorectal neoplasm,C0009404,0.8,
2066,colorectal neoplasm,C0009404,0.8,
894,colorectal neoplasm,C0009404,0.8,
6929,colorectal neoplasm,C0009404,0.8,
2876,colorectal neoplasm,C0009404,0.8,
407035,colorectal neoplasm,C0009404,0.8,
595,transitional cell carcinoma,C0007138,0.8,
4609,adenocarcinoma of prostate gland,C0007112,0.8,
4613,medulloblastoma,C0025149,0.8,
7157,transitional cell carcinoma,C0007138,0.8,
4092,colorectal neoplasm,C0009404,0.8,
4288,colorectal neoplasm,C0009404,0.8,
6714,colorectal neoplasm,C0009404,0.8,
6608,medulloblastoma,C0025149,0.8,
1630,colorectal neoplasm,C0009404,0.8,
6423,colorectal neoplasm,C0009404,0.8,
6422,colorectal neoplasm,C0009404,0.8,
841,colorectal neoplasm,C0009404,0.8,
3486,colorectal neoplasm,C0009404,0.8,
10,leukemias,C0023418,0.8,
5894,colorectal neoplasm,C0009404,0.8,
10320,colorectal neoplasm,C0009404,0.75,
4609,"neuroectodermal tumor, primitive",C0206663,0.75,
596,transitional cell carcinoma,C0007138,0.75,
960,transitional cell carcinoma,C0007138,0.75,
4609,malignant melanoma of skin,C0151779,0.75,
8644,leukemias,C0023418,0.75,
1654,medulloblastoma,C0025149,0.75,
8518,medulloblastoma,C0025149,0.75,
8549,colorectal neoplasm,C0009404,0.75,
6414,colorectal neoplasm,C0009404,0.75,
217,colorectal neoplasm,C0009404,0.75,
4255,leukemias,C0023418,0.75,
5728,leukemias,C0023418,0.75,
26585,colorectal neoplasm,C0009404,0.75,
595,leukemias,C0023418,0.75,
5781,colorectal neoplasm,C0009404,0.75,
650,colorectal neoplasm,C0009404,0.75,
2041,colorectal neoplasm,C0009404,0.75,
23314,colorectal neoplasm,C0009404,0.75,
2130,"neuroectodermal tumor, primitive",C0206663,0.75,
474,medulloblastoma,C0025149,0.75,
2065,colorectal neoplasm,C0009404,0.75,
5468,colorectal neoplasm,C0009404,0.75,
5743,transitional cell carcinoma,C0007138,0.75,
9201,colorectal neoplasm,C0009404,0.75,
55294,colorectal neoplasm,C0009404,0.75,
842,colorectal neoplasm,C0009404,0.75,
7099,colorectal neoplasm,C0009404,0.75,
7161,colorectal neoplasm,C0009404,0.75,
4916,colorectal neoplasm,C0009404,0.75,
54915,colorectal neoplasm,C0009404,0.75,
4948,malignant melanoma of skin,C0151779,0.75,
1021,medulloblastoma,C0025149,0.75,
5347,leukemias,C0023418,0.75,
142,colorectal neoplasm,C0009404,0.75,
2146,colorectal neoplasm,C0009404,0.75,
5268,colorectal neoplasm,C0009404,0.75,
23405,colorectal neoplasm,C0009404,0.75,
7157,adenocarcinoma of prostate gland,C0007112,0.75,
6648,colorectal neoplasm,C0009404,0.75,
4363,colorectal neoplasm,C0009404,0.75,
4088,colorectal neoplasm,C0009404,0.75,
652,colorectal neoplasm,C0009404,0.75,
3481,colorectal neoplasm,C0009404,0.75,
5424,colorectal neoplasm,C0009404,0.75,
4771,colorectal neoplasm,C0009404,0.75,
4312,colorectal neoplasm,C0009404,0.75,
5320,colorectal neoplasm,C0009404,0.75,
5795,colorectal neoplasm,C0009404,0.75,
1571,colorectal neoplasm,C0009404,0.75,
5728,adenocarcinoma of prostate gland,C0007112,0.75,
673,adenocarcinoma of prostate gland,C0007112,0.75,
1029,transitional cell carcinoma,C0007138,0.75,
2064,malignant melanoma of skin,C0151779,0.75,
330,"lymphoma, malt",C0242647,0.75,
7157,malignant melanoma of skin,C0151779,0.75,
4170,colorectal neoplasm,C0009404,0.75,
3815,malignant melanoma of skin,C0151779,0.75,
1244,colorectal neoplasm,C0009404,0.75,
2099,leukemias,C0023418,0.75,
332,transitional cell carcinoma,C0007138,0.75,
5294,medulloblastoma,C0025149,0.75,
5290,medulloblastoma,C0025149,0.75,
672,colorectal neoplasm,C0009404,0.75,
5243,hematologic neoplasm,C0376545,0.75,
1719,colorectal neoplasm,C0009404,0.75,
23532,leukemias,C0023418,0.75,
2952,colorectal neoplasm,C0009404,0.75,
7097,colorectal neoplasm,C0009404,0.75,
8289,colorectal neoplasm,C0009404,0.75,
6774,"lymphoma, t cell",C0079772,0.75,
27030,colorectal neoplasm,C0009404,0.75,
208,colorectal neoplasm,C0009404,0.75,
10631,colorectal neoplasm,C0009404,0.75,
1080,colorectal neoplasm,C0009404,0.75,
2064,adenocarcinoma of prostate gland,C0007112,0.75,
2313,"neuroectodermal tumor, primitive",C0206663,0.75,
57016,colorectal neoplasm,C0009404,0.75,
10413,colorectal neoplasm,C0009404,0.75,
2767,malignant melanoma of skin,C0151779,0.75,
5015,medulloblastoma,C0025149,0.75,
688,colorectal neoplasm,C0009404,0.75,
1728,colorectal neoplasm,C0009404,0.75,
2064,"neuroectodermal tumor, primitive",C0206663,0.7,
7124,transitional cell carcinoma,C0007138,0.7,
3240,leukemias,C0023418,0.7,
1234,colorectal neoplasm,C0009404,0.7,
3439,colorectal neoplasm,C0009404,0.7,
2626,colorectal neoplasm,C0009404,0.7,
3572,colorectal neoplasm,C0009404,0.7,
1636,leukemias,C0023418,0.7,
540,colorectal neoplasm,C0009404,0.7,
51151,malignant melanoma of skin,C0151779,0.7,
83667,colorectal neoplasm,C0009404,0.7,
207,malignant melanoma of skin,C0151779,0.7,
4830,colorectal neoplasm,C0009404,0.7,
1499,malignant melanoma of skin,C0151779,0.7,
701,colorectal neoplasm,C0009404,0.7,
5925,medulloblastoma,C0025149,0.7,
6667,colorectal neoplasm,C0009404,0.7,
3716,colorectal neoplasm,C0009404,0.7,
10135,colorectal neoplasm,C0009404,0.7,
4552,colorectal neoplasm,C0009404,0.7,
25805,colorectal neoplasm,C0009404,0.7,
2260,"lymphoma, t cell",C0079772,0.7,
54790,colorectal neoplasm,C0009404,0.7,
4312,malignant melanoma of skin,C0151779,0.7,
2073,colorectal neoplasm,C0009404,0.7,
7980,colorectal neoplasm,C0009404,0.7,
6059,colorectal neoplasm,C0009404,0.7,
567,colorectal neoplasm,C0009404,0.7,
1545,colorectal neoplasm,C0009404,0.7,
2195,colorectal neoplasm,C0009404,0.7,
1890,transitional cell carcinoma,C0007138,0.7,
23451,malignant melanoma of skin,C0151779,0.7,
3265,malignant melanoma of skin,C0151779,0.7,
2944,leukemias,C0023418,0.7,
5727,"neuroectodermal tumor, primitive",C0206663,0.7,
8651,colorectal neoplasm,C0009404,0.7,
92140,colorectal neoplasm,C0009404,0.7,
4613,"neuroectodermal tumor, primitive",C0206663,0.7,
4163,colorectal neoplasm,C0009404,0.7,
1654,colorectal neoplasm,C0009404,0.7,
2074,colorectal neoplasm,C0009404,0.7,
207,adenocarcinoma of prostate gland,C0007112,0.7,
23405,medulloblastoma,C0025149,0.7,
1890,colorectal neoplasm,C0009404,0.7,
598,transitional cell carcinoma,C0007138,0.7,
1544,colorectal neoplasm,C0009404,0.7,
11171,colorectal neoplasm,C0009404,0.65,
4929,colorectal neoplasm,C0009404,0.65,
5783,colorectal neoplasm,C0009404,0.65,
139285,colorectal neoplasm,C0009404,0.65,
2033,colorectal neoplasm,C0009404,0.65,
3077,colorectal neoplasm,C0009404,0.65,
2876,transitional cell carcinoma,C0007138,0.65,
2944,transitional cell carcinoma,C0007138,0.65,
3718,"lymphoma, t cell",C0079772,0.65,
7157,"lymphoma, t cell",C0079772,0.65,
3845,malignant melanoma of skin,C0151779,0.65,
5290,malignant melanoma of skin,C0151779,0.65,
5156,medulloblastoma,C0025149,0.65,
7083,colorectal neoplasm,C0009404,0.65,
928,colorectal neoplasm,C0009404,0.65,
811,colorectal neoplasm,C0009404,0.65,
5579,colorectal neoplasm,C0009404,0.65,
2944,malignant melanoma of skin,C0151779,0.65,
83990,colorectal neoplasm,C0009404,0.65,
675,malignant melanoma of skin,C0151779,0.65,
406900,colorectal neoplasm,C0009404,0.65,
407007,colorectal neoplasm,C0009404,0.65,
4615,colorectal neoplasm,C0009404,0.65,
10395,colorectal neoplasm,C0009404,0.65,
4524,transitional cell carcinoma,C0007138,0.65,
7403,transitional cell carcinoma,C0007138,0.65,
7421,transitional cell carcinoma,C0007138,0.65,
29108,colorectal neoplasm,C0009404,0.65,
8772,leukemias,C0023418,0.65,
25,colorectal neoplasm,C0009404,0.65,
867,hematologic neoplasm,C0376545,0.65,
10,transitional cell carcinoma,C0007138,0.65,
6786,colorectal neoplasm,C0009404,0.65,
7037,colorectal neoplasm,C0009404,0.65,
8405,colorectal neoplasm,C0009404,0.65,
406920,colorectal neoplasm,C0009404,0.65,
5293,colorectal neoplasm,C0009404,0.65,
57510,colorectal neoplasm,C0009404,0.65,
5782,colorectal neoplasm,C0009404,0.65,
2146,malignant melanoma of skin,C0151779,0.65,
2246,leukemias,C0023418,0.65,
6241,colorectal neoplasm,C0009404,0.65,
5156,leukemias,C0023418,0.65,
2876,leukemias,C0023418,0.65,
7403,colorectal neoplasm,C0009404,0.65,
1436,hematologic neoplasm,C0376545,0.65,
407050,colorectal neoplasm,C0009404,0.65,
10019,colorectal neoplasm,C0009404,0.65,
1108,colorectal neoplasm,C0009404,0.65,
25788,colorectal neoplasm,C0009404,0.65,
3119,colorectal neoplasm,C0009404,0.65,
3480,adenocarcinoma of prostate gland,C0007112,0.65,
11186,transitional cell carcinoma,C0007138,0.65,
7515,transitional cell carcinoma,C0007138,0.65,
79695,colorectal neoplasm,C0009404,0.65,
8741,colorectal neoplasm,C0009404,0.65,
8991,colorectal neoplasm,C0009404,0.65,
9592,colorectal neoplasm,C0009404,0.65,
29072,leukemias,C0023418,0.65,
1387,medulloblastoma,C0025149,0.65,
23476,medulloblastoma,C0025149,0.65,
2944,medulloblastoma,C0025149,0.65,
3090,medulloblastoma,C0025149,0.65,
207,"lymphoma, t cell",C0079772,0.65,
7514,colorectal neoplasm,C0009404,0.65,
4318,malignant melanoma of skin,C0151779,0.65,
2952,malignant melanoma of skin,C0151779,0.65,
65975,colorectal neoplasm,C0009404,0.65,
91768,colorectal neoplasm,C0009404,0.65,
604,"lymphoma, t cell",C0079772,0.65,
238,mastitis carcinomatosa,C0278601,0.65,
25913,colorectal neoplasm,C0009404,0.65,
3417,colorectal neoplasm,C0009404,0.65,
3981,colorectal neoplasm,C0009404,0.65,
201163,colorectal neoplasm,C0009404,0.65,
2155,colorectal neoplasm,C0009404,0.65,
1003,colorectal neoplasm,C0009404,0.65,
4089,adenocarcinoma of prostate gland,C0007112,0.65,
8405,adenocarcinoma of prostate gland,C0007112,0.65,
4436,transitional cell carcinoma,C0007138,0.65,
4352,hematologic neoplasm,C0376545,0.65,
6275,medulloblastoma,C0025149,0.65,
6578,colorectal neoplasm,C0009404,0.65,
2597,colorectal neoplasm,C0009404,0.65,
1786,medulloblastoma,C0025149,0.65,
10297,colorectal neoplasm,C0009404,0.6,
10365,colorectal neoplasm,C0009404,0.6,
407017,colorectal neoplasm,C0009404,0.6,
5373,colorectal neoplasm,C0009404,0.6,
5789,colorectal neoplasm,C0009404,0.6,
154822,colorectal neoplasm,C0009404,0.6,
2947,colorectal neoplasm,C0009404,0.6,
3418,colorectal neoplasm,C0009404,0.6,
1508,mastitis carcinomatosa,C0278601,0.6,
5156,"neuroectodermal tumor, primitive",C0206663,0.6,
1026,transitional cell carcinoma,C0007138,0.6,
1612,transitional cell carcinoma,C0007138,0.6,
2100,transitional cell carcinoma,C0007138,0.6,
2810,transitional cell carcinoma,C0007138,0.6,
58508,transitional cell carcinoma,C0007138,0.6,
6425,colorectal neoplasm,C0009404,0.6,
678,colorectal neoplasm,C0009404,0.6,
7128,colorectal neoplasm,C0009404,0.6,
7849,colorectal neoplasm,C0009404,0.6,
8125,colorectal neoplasm,C0009404,0.6,
9148,colorectal neoplasm,C0009404,0.6,
9156,colorectal neoplasm,C0009404,0.6,
23532,medulloblastoma,C0025149,0.6,
406927,colorectal neoplasm,C0009404,0.6,
7153,leukemias,C0023418,0.6,
10058,colorectal neoplasm,C0009404,0.6,
9619,colorectal neoplasm,C0009404,0.6,
10057,colorectal neoplasm,C0009404,0.6,
8836,colorectal neoplasm,C0009404,0.6,
7374,colorectal neoplasm,C0009404,0.6,
10257,colorectal neoplasm,C0009404,0.6,
2100,medulloblastoma,C0025149,0.6,
26038,colorectal neoplasm,C0009404,0.6,
8241,colorectal neoplasm,C0009404,0.6,
405,colorectal neoplasm,C0009404,0.6,
51203,colorectal neoplasm,C0009404,0.6,
2070,colorectal neoplasm,C0009404,0.6,
2199,colorectal neoplasm,C0009404,0.6,
10714,colorectal neoplasm,C0009404,0.6,
10963,colorectal neoplasm,C0009404,0.6,
5244,colorectal neoplasm,C0009404,0.6,
55544,colorectal neoplasm,C0009404,0.6,
10419,medulloblastoma,C0025149,0.6,
3417,medulloblastoma,C0025149,0.6,
317,transitional cell carcinoma,C0007138,0.6,
6573,colorectal neoplasm,C0009404,0.6,
2356,colorectal neoplasm,C0009404,0.6,
1066,colorectal neoplasm,C0009404,0.6,
5328,transitional cell carcinoma,C0007138,0.6,
5587,colorectal neoplasm,C0009404,0.6,
2305,leukemias,C0023418,0.6,
8842,transitional cell carcinoma,C0007138,0.6,
9611,transitional cell carcinoma,C0007138,0.6,
10735,transitional cell carcinoma,C0007138,0.6,
4968,transitional cell carcinoma,C0007138,0.6,
284217,colorectal neoplasm,C0009404,0.6,
2894,colorectal neoplasm,C0009404,0.6,
3235,colorectal neoplasm,C0009404,0.6,
6416,colorectal neoplasm,C0009404,0.6,
64321,colorectal neoplasm,C0009404,0.6,
1387,colorectal neoplasm,C0009404,0.6,
1404,colorectal neoplasm,C0009404,0.6,
140628,colorectal neoplasm,C0009404,0.6,
2202,colorectal neoplasm,C0009404,0.6,
10155,colorectal neoplasm,C0009404,0.6,
51147,colorectal neoplasm,C0009404,0.6,
5601,colorectal neoplasm,C0009404,0.6,
5879,malignant melanoma of skin,C0151779,0.6,
3383,malignant melanoma of skin,C0151779,0.6,
6347,mastitis carcinomatosa,C0278601,0.6,
6275,"neuroectodermal tumor, primitive",C0206663,0.6,
2956,leukemias,C0023418,0.6,
5604,malignant melanoma of skin,C0151779,0.6,
10351,colorectal neoplasm,C0009404,0.6,
3981,leukemias,C0023418,0.6,
1387,transitional cell carcinoma,C0007138,0.6,
8667,colorectal neoplasm,C0009404,0.6,
11186,"neuroectodermal tumor, primitive",C0206663,0.6,
330,leukemias,C0023418,0.6,
8714,colorectal neoplasm,C0009404,0.6,
5825,colorectal neoplasm,C0009404,0.6,
154664,colorectal neoplasm,C0009404,0.6,
196528,colorectal neoplasm,C0009404,0.6,
2115,colorectal neoplasm,C0009404,0.6,
2201,colorectal neoplasm,C0009404,0.6,
23600,colorectal neoplasm,C0009404,0.6,
256536,colorectal neoplasm,C0009404,0.6,
1499,adenocarcinoma of prostate gland,C0007112,0.6,
2247,adenocarcinoma of prostate gland,C0007112,0.6,
8289,transitional cell carcinoma,C0007138,0.6,
387,"lymphoma, t cell",C0079772,0.6,
6424,colorectal neoplasm,C0009404,0.6,
64405,colorectal neoplasm,C0009404,0.6,
6948,colorectal neoplasm,C0009404,0.6,
55904,leukemias,C0023418,0.6,
367,leukemias,C0023418,0.6,
55294,medulloblastoma,C0025149,0.6,
11186,medulloblastoma,C0025149,0.6,
21,colorectal neoplasm,C0009404,0.6,
8837,leukemias,C0023418,0.6,
1440,transitional cell carcinoma,C0007138,0.6,
7372,colorectal neoplasm,C0009404,0.6,
2475,malignant melanoma of skin,C0151779,0.6,
8877,leukemias,C0023418,0.6,
7296,colorectal neoplasm,C0009404,0.6,
6447,colorectal neoplasm,C0009404,0.6,
5444,colorectal neoplasm,C0009404,0.6,
57007,colorectal neoplasm,C0009404,0.6,
84444,colorectal neoplasm,C0009404,0.6,
8626,colorectal neoplasm,C0009404,0.6,
24,colorectal neoplasm,C0009404,0.6,
28234,colorectal neoplasm,C0009404,0.6,
4094,colorectal neoplasm,C0009404,0.6,
442911,colorectal neoplasm,C0009404,0.6,
4921,colorectal neoplasm,C0009404,0.6,
143187,colorectal neoplasm,C0009404,0.6,
143384,colorectal neoplasm,C0009404,0.6,
1487,colorectal neoplasm,C0009404,0.6,
19,colorectal neoplasm,C0009404,0.6,
1902,colorectal neoplasm,C0009404,0.6,
2018,colorectal neoplasm,C0009404,0.6,
2237,colorectal neoplasm,C0009404,0.6,
23030,colorectal neoplasm,C0009404,0.6,
23345,colorectal neoplasm,C0009404,0.6,
100289255,colorectal neoplasm,C0009404,0.6,
11122,colorectal neoplasm,C0009404,0.6,
3417,adenocarcinoma of prostate gland,C0007112,0.6,
406937,transitional cell carcinoma,C0007138,0.6,
8314,leukemias,C0023418,0.6,
4893,medulloblastoma,C0025149,0.6,
85415,colorectal neoplasm,C0009404,0.6,
5590,leukemias,C0023418,0.6,
329,leukemias,C0023418,0.6,
4831,colorectal neoplasm,C0009404,0.6,
55512,leukemias,C0023418,0.6,
51684,"neuroectodermal tumor, primitive",C0206663,0.6,
54822,colorectal neoplasm,C0009404,0.6,
324,"neuroectodermal tumor, primitive",C0206663,0.6,
1499,"neuroectodermal tumor, primitive",C0206663,0.6,
572,leukemias,C0023418,0.6,
675,"neuroectodermal tumor, primitive",C0206663,0.6,
8626,transitional cell carcinoma,C0007138,0.6,
3265,adenocarcinoma of prostate gland,C0007112,0.55,
3486,transitional cell carcinoma,C0007138,0.55,
2952,medulloblastoma,C0025149,0.55,
894,transitional cell carcinoma,C0007138,0.55,
23305,leukemias,C0023418,0.55,
26986,transitional cell carcinoma,C0007138,0.55,
324,transitional cell carcinoma,C0007138,0.55,
80271,colorectal neoplasm,C0009404,0.55,
5894,malignant melanoma of skin,C0151779,0.55,
6608,"neuroectodermal tumor, primitive",C0206663,0.55,
7249,medulloblastoma,C0025149,0.55,
406943,colorectal neoplasm,C0009404,0.55,
5157,colorectal neoplasm,C0009404,0.55,
56259,colorectal neoplasm,C0009404,0.55,
57162,colorectal neoplasm,C0009404,0.55,
29923,colorectal neoplasm,C0009404,0.55,
8929,colorectal neoplasm,C0009404,0.55,
2175,malignant melanoma of skin,C0151779,0.55,
1025,medulloblastoma,C0025149,0.55,
5893,colorectal neoplasm,C0009404,0.55,
9370,adenocarcinoma of prostate gland,C0007112,0.55,
1030,transitional cell carcinoma,C0007138,0.55,
3456,transitional cell carcinoma,C0007138,0.55,
53353,colorectal neoplasm,C0009404,0.5,
57178,colorectal neoplasm,C0009404,0.5,
59345,colorectal neoplasm,C0009404,0.5,
5294,"neuroectodermal tumor, primitive",C0206663,0.5,
84181,transitional cell carcinoma,C0007138,0.5,
9700,transitional cell carcinoma,C0007138,0.5,
1654,"lymphoma, t cell",C0079772,0.5,
8085,"lymphoma, t cell",C0079772,0.5,
59352,colorectal neoplasm,C0009404,0.5,
6820,colorectal neoplasm,C0009404,0.5,
10492,leukemias,C0023418,0.5,
6277,medulloblastoma,C0025149,0.5,
6281,medulloblastoma,C0025149,0.5,
23643,colorectal neoplasm,C0009404,0.5,
3265,"lymphoma, t cell",C0079772,0.5,
94274,colorectal neoplasm,C0009404,0.5,
43,colorectal neoplasm,C0009404,0.5,
5236,colorectal neoplasm,C0009404,0.5,
7409,medulloblastoma,C0025149,0.5,
5444,"neuroectodermal tumor, primitive",C0206663,0.5,
5605,malignant melanoma of skin,C0151779,0.5,
10666,colorectal neoplasm,C0009404,0.5,
1029,adenocarcinoma of prostate gland,C0007112,0.5,
64399,colorectal neoplasm,C0009404,0.5,
66037,colorectal neoplasm,C0009404,0.5,
22854,colorectal neoplasm,C0009404,0.5,
22992,colorectal neoplasm,C0009404,0.5,
23036,colorectal neoplasm,C0009404,0.5,
116135,colorectal neoplasm,C0009404,0.5,
51466,colorectal neoplasm,C0009404,0.5,
54739,colorectal neoplasm,C0009404,0.5,
3280,"neuroectodermal tumor, primitive",C0206663,0.5,
5979,medulloblastoma,C0025149,0.5,
23460,colorectal neoplasm,C0009404,0.5,
23461,colorectal neoplasm,C0009404,0.5,
2903,colorectal neoplasm,C0009404,0.5,
29980,colorectal neoplasm,C0009404,0.5,
6277,"neuroectodermal tumor, primitive",C0206663,0.5,
1021,"neuroectodermal tumor, primitive",C0206663,0.5,
80317,colorectal neoplasm,C0009404,0.5,
1387,malignant melanoma of skin,C0151779,0.5,
366,leukemias,C0023418,0.5,
4610,medulloblastoma,C0025149,0.5,
6447,medulloblastoma,C0025149,0.5,
7994,medulloblastoma,C0025149,0.5,
8660,medulloblastoma,C0025149,0.5,
898,medulloblastoma,C0025149,0.5,
2033,transitional cell carcinoma,C0007138,0.5,
51339,colorectal neoplasm,C0009404,0.5,
55356,colorectal neoplasm,C0009404,0.5,
5581,colorectal neoplasm,C0009404,0.5,
7791,colorectal neoplasm,C0009404,0.5,
5468,"lymphoma, t cell",C0079772,0.5,
6777,"lymphoma, t cell",C0079772,0.5,
26154,colorectal neoplasm,C0009404,0.5,
195828,colorectal neoplasm,C0009404,0.5,
10457,colorectal neoplasm,C0009404,0.5,
5594,adenocarcinoma of prostate gland,C0007112,0.5,
406988,transitional cell carcinoma,C0007138,0.5,
368,colorectal neoplasm,C0009404,0.5,
2944,"neuroectodermal tumor, primitive",C0206663,0.45,
23030,"neuroectodermal tumor, primitive",C0206663,0.45,
23081,"neuroectodermal tumor, primitive",C0206663,0.45,
10111,transitional cell carcinoma,C0007138,0.45,
5444,hematologic neoplasm,C0376545,0.45,
8870,"lymphoma, t cell",C0079772,0.45,
55135,colorectal neoplasm,C0009404,0.45,
2885,adenocarcinoma of prostate gland,C0007112,0.45,
51094,adenocarcinoma of prostate gland,C0007112,0.45,
2952,"neuroectodermal tumor, primitive",C0206663,0.45,
162514,colorectal neoplasm,C0009404,0.45,
3119,"lymphoma, malt",C0242647,0.45,
23081,medulloblastoma,C0025149,0.45,
7249,"neuroectodermal tumor, primitive",C0206663,0.45,
8518,"neuroectodermal tumor, primitive",C0206663,0.45,
8643,"neuroectodermal tumor, primitive",C0206663,0.45,
10664,malignant melanoma of skin,C0151779,0.45,
3117,"lymphoma, malt",C0242647,0.45,
23030,medulloblastoma,C0025149,0.45,
274,adenocarcinoma of prostate gland,C0007112,0.45,
23432,"neuroectodermal tumor, primitive",C0206663,0.45,
10350,colorectal neoplasm,C0009404,0.4,
10681,colorectal neoplasm,C0009404,0.4,
115399,colorectal neoplasm,C0009404,0.4,
475,colorectal neoplasm,C0009404,0.4,
5498,colorectal neoplasm,C0009404,0.4,
1294,colorectal neoplasm,C0009404,0.4,
144717,colorectal neoplasm,C0009404,0.4,
225,colorectal neoplasm,C0009404,0.4,
22843,colorectal neoplasm,C0009404,0.4,
2318,colorectal neoplasm,C0009404,0.4,
23456,colorectal neoplasm,C0009404,0.4,
4610,"neuroectodermal tumor, primitive",C0206663,0.4,
5015,"neuroectodermal tumor, primitive",C0206663,0.4,
7409,"neuroectodermal tumor, primitive",C0206663,0.4,
83746,"neuroectodermal tumor, primitive",C0206663,0.4,
1025,"neuroectodermal tumor, primitive",C0206663,0.4,
10389,"neuroectodermal tumor, primitive",C0206663,0.4,
23476,"neuroectodermal tumor, primitive",C0206663,0.4,
3643,adenocarcinoma of prostate gland,C0007112,0.4,
928,adenocarcinoma of prostate gland,C0007112,0.4,
10460,transitional cell carcinoma,C0007138,0.4,
407041,transitional cell carcinoma,C0007138,0.4,
407055,transitional cell carcinoma,C0007138,0.4,
8836,transitional cell carcinoma,C0007138,0.4,
9415,colorectal neoplasm,C0009404,0.4,
2033,"lymphoma, t cell",C0079772,0.4,
23081,"lymphoma, t cell",C0079772,0.4,
23269,"lymphoma, t cell",C0079772,0.4,
94081,colorectal neoplasm,C0009404,0.4,
5537,malignant melanoma of skin,C0151779,0.4,
115399,malignant melanoma of skin,C0151779,0.4,
8202,leukemias,C0023418,0.4,
10389,medulloblastoma,C0025149,0.4,
126806659,medulloblastoma,C0025149,0.4,
2313,medulloblastoma,C0025149,0.4,
7486,medulloblastoma,C0025149,0.4,
83746,medulloblastoma,C0025149,0.4,
54541,leukemias,C0023418,0.4,
6774,"neuroectodermal tumor, primitive",C0206663,0.4,
126806658,malignant melanoma of skin,C0151779,0.4,
2778,malignant melanoma of skin,C0151779,0.4,
27013,colorectal neoplasm,C0009404,0.4,
27151,colorectal neoplasm,C0009404,0.4,
340273,colorectal neoplasm,C0009404,0.4,
369,malignant melanoma of skin,C0151779,0.4,
6302,malignant melanoma of skin,C0151779,0.4,
90417,malignant melanoma of skin,C0151779,0.4,
9912,malignant melanoma of skin,C0151779,0.4,
126806658,colorectal neoplasm,C0009404,0.4,
148266,colorectal neoplasm,C0009404,0.4,
23468,colorectal neoplasm,C0009404,0.4,
1005,colorectal neoplasm,C0009404,0.4,
10241,colorectal neoplasm,C0009404,0.4,
10349,colorectal neoplasm,C0009404,0.4,
1105,colorectal neoplasm,C0009404,0.4,
54436,colorectal neoplasm,C0009404,0.4,
1654,"neuroectodermal tumor, primitive",C0206663,0.4,
100507346,medulloblastoma,C0025149,0.4,
6502,medulloblastoma,C0025149,0.4,
79813,medulloblastoma,C0025149,0.4,
92335,medulloblastoma,C0025149,0.4,
126806658,adenocarcinoma of prostate gland,C0007112,0.4,
5291,adenocarcinoma of prostate gland,C0007112,0.4,
5604,adenocarcinoma of prostate gland,C0007112,0.4,
9125,adenocarcinoma of prostate gland,C0007112,0.4,
406892,transitional cell carcinoma,C0007138,0.4,
4853,"neuroectodermal tumor, primitive",C0206663,0.4,
6502,"neuroectodermal tumor, primitive",C0206663,0.4,
79813,"neuroectodermal tumor, primitive",C0206663,0.4,
898,"neuroectodermal tumor, primitive",C0206663,0.4,
3309,hematologic neoplasm,C0376545,0.4,
10000,adenocarcinoma of prostate gland,C0007112,0.4,
10499,adenocarcinoma of prostate gland,C0007112,0.4,
4297,transitional cell carcinoma,C0007138,0.4,
3231,colorectal neoplasm,C0009404,0.4,
7087,colorectal neoplasm,C0009404,0.4,
23028,"lymphoma, t cell",C0079772,0.4,
80816,"lymphoma, t cell",C0079772,0.4,
8289,"lymphoma, t cell",C0079772,0.4,
221687,colorectal neoplasm,C0009404,0.4,
2275,colorectal neoplasm,C0009404,0.4,
3652,colorectal neoplasm,C0009404,0.4,
387496,colorectal neoplasm,C0009404,0.4,
3992,colorectal neoplasm,C0009404,0.4,
4897,colorectal neoplasm,C0009404,0.4,
54880,colorectal neoplasm,C0009404,0.4,
57338,colorectal neoplasm,C0009404,0.4,
5826,colorectal neoplasm,C0009404,0.4,
55294,malignant melanoma of skin,C0151779,0.4,
6347,malignant melanoma of skin,C0151779,0.4,
83596,malignant melanoma of skin,C0151779,0.4,
9125,malignant melanoma of skin,C0151779,0.4,
3090,"neuroectodermal tumor, primitive",C0206663,0.4,
7248,"neuroectodermal tumor, primitive",C0206663,0.4,
84456,"neuroectodermal tumor, primitive",C0206663,0.4,
2033,medulloblastoma,C0025149,0.4,
84456,medulloblastoma,C0025149,0.4,
259,transitional cell carcinoma,C0007138,0.4,
4093,colorectal neoplasm,C0009404,0.4,
51247,colorectal neoplasm,C0009404,0.4,
135228,colorectal neoplasm,C0009404,0.4,
26256,colorectal neoplasm,C0009404,0.4,
2977,colorectal neoplasm,C0009404,0.4,
23532,"neuroectodermal tumor, primitive",C0206663,0.4,
474,"neuroectodermal tumor, primitive",C0206663,0.4,
6046,"neuroectodermal tumor, primitive",C0206663,0.4,
6281,"neuroectodermal tumor, primitive",C0206663,0.4,
6447,"neuroectodermal tumor, primitive",C0206663,0.4,
7994,"neuroectodermal tumor, primitive",C0206663,0.4,
8019,"neuroectodermal tumor, primitive",C0206663,0.4,
10419,"neuroectodermal tumor, primitive",C0206663,0.4,
114826,"neuroectodermal tumor, primitive",C0206663,0.4,
2100,"neuroectodermal tumor, primitive",C0206663,0.4,
23462,"neuroectodermal tumor, primitive",C0206663,0.4,
5290,adenocarcinoma of prostate gland,C0007112,0.4,
5894,adenocarcinoma of prostate gland,C0007112,0.4,
6772,adenocarcinoma of prostate gland,C0007112,0.4,
7514,adenocarcinoma of prostate gland,C0007112,0.4,
693124,transitional cell carcinoma,C0007138,0.4,
64359,colorectal neoplasm,C0009404,0.4,
668,colorectal neoplasm,C0009404,0.4,
9754,colorectal neoplasm,C0009404,0.4,
3417,malignant melanoma of skin,C0151779,0.4,
51340,malignant melanoma of skin,C0151779,0.4,
5295,malignant melanoma of skin,C0151779,0.4,
8859,malignant melanoma of skin,C0151779,0.4,
9446,leukemias,C0023418,0.4,
10408,medulloblastoma,C0025149,0.4,
126806658,medulloblastoma,C0025149,0.4,
130004614,medulloblastoma,C0025149,0.4,
2260,medulloblastoma,C0025149,0.4,
8314,medulloblastoma,C0025149,0.4,
10848,leukemias,C0023418,0.4,
30833,colorectal neoplasm,C0009404,0.4,
567,malignant melanoma of skin,C0151779,0.4,
780,malignant melanoma of skin,C0151779,0.4,
10992,malignant melanoma of skin,C0151779,0.4,
130064935,malignant melanoma of skin,C0151779,0.4,
130065490,malignant melanoma of skin,C0151779,0.4,
6833,colorectal neoplasm,C0009404,0.4,
5518,colorectal neoplasm,C0009404,0.4,
8647,colorectal neoplasm,C0009404,0.4,
91653,colorectal neoplasm,C0009404,0.4,
54916,"lymphoma, t cell",C0079772,0.4,
4352,"neuroectodermal tumor, primitive",C0206663,0.4,
5395,"neuroectodermal tumor, primitive",C0206663,0.4,
8660,"neuroectodermal tumor, primitive",C0206663,0.4,
92335,"neuroectodermal tumor, primitive",C0206663,0.4,
1798,colorectal neoplasm,C0009404,0.4,
115399,adenocarcinoma of prostate gland,C0007112,0.4,
208,adenocarcinoma of prostate gland,C0007112,0.4,
3551,adenocarcinoma of prostate gland,C0007112,0.4,
5518,adenocarcinoma of prostate gland,C0007112,0.4,
55450,adenocarcinoma of prostate gland,C0007112,0.4,
9968,adenocarcinoma of prostate gland,C0007112,0.4,
3274,transitional cell carcinoma,C0007138,0.4,
126861452,hematologic neoplasm,C0376545,0.4,
10992,medulloblastoma,C0025149,0.4,
114826,medulloblastoma,C0025149,0.4,
4352,medulloblastoma,C0025149,0.4,
6046,medulloblastoma,C0025149,0.4,
8019,medulloblastoma,C0025149,0.4,
1786,"neuroectodermal tumor, primitive",C0206663,0.4,
1499,"neoplasm, ovarian",C0919267,1.0,
3845,"neoplasm, ovarian",C0919267,1.0,
5290,"neoplasm, ovarian",C0919267,1.0,
1956,squamous cell carcinoma of esophagus,C0279626,1.0,
6774,"neoplasm, ovarian",C0919267,1.0,
2064,"neoplasm, ovarian",C0919267,1.0,
672,"neoplasm, ovarian",C0919267,1.0,
4436,"neoplasm, ovarian",C0919267,1.0,
675,"neoplasm, ovarian",C0919267,1.0,
7157,"neoplasm, ovarian",C0919267,1.0,
1956,"neoplasm, ovarian",C0919267,1.0,
207,"neoplasm, ovarian",C0919267,1.0,
5728,"neoplasm, ovarian",C0919267,1.0,
94025,"neoplasm, ovarian",C0919267,1.0,
7157,squamous cell carcinoma of esophagus,C0279626,1.0,
999,"neoplasm, ovarian",C0919267,1.0,
4683,"neoplasm, ovarian",C0919267,0.95,
2475,"neoplasm, ovarian",C0919267,0.95,
3569,"neoplasm, ovarian",C0919267,0.95,
10232,"neoplasm, ovarian",C0919267,0.95,
83990,"neoplasm, ovarian",C0919267,0.95,
5888,"neoplasm, ovarian",C0919267,0.9,
5925,"neoplasm, ovarian",C0919267,0.9,
3791,"neoplasm, ovarian",C0919267,0.9,
673,"neoplasm, ovarian",C0919267,0.9,
29126,"neoplasm, ovarian",C0919267,0.9,
4292,"neoplasm, ovarian",C0919267,0.9,
472,"neoplasm, ovarian",C0919267,0.9,
7476,"neoplasm, ovarian",C0919267,0.85,
5892,"neoplasm, ovarian",C0919267,0.85,
11200,"neoplasm, ovarian",C0919267,0.85,
1029,"neoplasm, ovarian",C0919267,0.85,
5595,"neoplasm, ovarian",C0919267,0.85,
5889,"neoplasm, ovarian",C0919267,0.85,
580,"neoplasm, ovarian",C0919267,0.85,
1499,squamous cell carcinoma of esophagus,C0279626,0.85,
4609,"neoplasm, ovarian",C0919267,0.85,
2348,"neoplasm, ovarian",C0919267,0.85,
4288,"neoplasm, ovarian",C0919267,0.85,
595,squamous cell carcinoma of esophagus,C0279626,0.85,
332,"neoplasm, ovarian",C0919267,0.85,
898,"neoplasm, ovarian",C0919267,0.85,
5395,"neoplasm, ovarian",C0919267,0.85,
324,colonic adenocarcinoma,C0338106,0.8,
8085,squamous cell carcinoma of esophagus,C0279626,0.8,
1588,"neoplasm, ovarian",C0919267,0.8,
4072,"neoplasm, ovarian",C0919267,0.8,
4233,"neoplasm, ovarian",C0919267,0.8,
331,"neoplasm, ovarian",C0919267,0.8,
811,squamous cell carcinoma of esophagus,C0279626,0.8,
8091,"neoplasm, ovarian",C0919267,0.8,
1364,"neoplasm, ovarian",C0919267,0.8,
2956,"neoplasm, ovarian",C0919267,0.8,
51196,squamous cell carcinoma of esophagus,C0279626,0.8,
6678,"neoplasm, ovarian",C0919267,0.8,
7515,squamous cell carcinoma of esophagus,C0279626,0.8,
1027,"neoplasm, ovarian",C0919267,0.8,
6790,"neoplasm, ovarian",C0919267,0.8,
4089,"neoplasm, ovarian",C0919267,0.8,
1441,subacute myeloid leukemia,C1292772,0.8,
857,"neoplasm, ovarian",C0919267,0.8,
1543,squamous cell carcinoma of esophagus,C0279626,0.75,
2944,squamous cell carcinoma of esophagus,C0279626,0.75,
51741,squamous cell carcinoma of esophagus,C0279626,0.75,
4978,"neoplasm, ovarian",C0919267,0.75,
5071,"neoplasm, ovarian",C0919267,0.75,
4153,"neoplasm, ovarian",C0919267,0.75,
6657,squamous cell carcinoma of esophagus,C0279626,0.75,
217,squamous cell carcinoma of esophagus,C0279626,0.75,
4780,squamous cell carcinoma of esophagus,C0279626,0.75,
1545,"neoplasm, ovarian",C0919267,0.75,
5594,"neoplasm, ovarian",C0919267,0.75,
2146,"neoplasm, ovarian",C0919267,0.75,
7298,"neoplasm, ovarian",C0919267,0.75,
1029,squamous cell carcinoma of esophagus,C0279626,0.75,
4255,squamous cell carcinoma of esophagus,C0279626,0.75,
7421,adenocarcinoma of esophagus (diagnosis),C0279628,0.75,
1917,"neoplasm, ovarian",C0919267,0.75,
5290,adenocarcinoma of esophagus (diagnosis),C0279628,0.75,
5743,adenocarcinoma of esophagus (diagnosis),C0279628,0.75,
11186,"neoplasm, ovarian",C0919267,0.75,
6528,"neoplasm, ovarian",C0919267,0.75,
675,squamous cell carcinoma of esophagus,C0279626,0.75,
7048,squamous cell carcinoma of esophagus,C0279626,0.75,
1026,squamous cell carcinoma of esophagus,C0279626,0.75,
7015,"neoplasm, ovarian",C0919267,0.75,
79728,"neoplasm, ovarian",C0919267,0.75,
7040,colonic adenocarcinoma,C0338106,0.75,
2246,"neoplasm, ovarian",C0919267,0.75,
3091,squamous cell carcinoma of esophagus,C0279626,0.75,
7157,adenocarcinoma of esophagus (diagnosis),C0279628,0.75,
26040,subacute myeloid leukemia,C1292772,0.75,
6597,"neoplasm, ovarian",C0919267,0.75,
1909,"neoplasm, ovarian",C0919267,0.75,
2950,squamous cell carcinoma of esophagus,C0279626,0.75,
10413,"neoplasm, ovarian",C0919267,0.75,
2122,"neoplasm, ovarian",C0919267,0.75,
4089,adenocarcinoma of esophagus (diagnosis),C0279628,0.75,
8743,"neoplasm, ovarian",C0919267,0.75,
5743,squamous cell carcinoma of esophagus,C0279626,0.75,
10381,"neoplasm, ovarian",C0919267,0.75,
1312,"neoplasm, ovarian",C0919267,0.75,
4851,squamous cell carcinoma of esophagus,C0279626,0.75,
3572,"neoplasm, ovarian",C0919267,0.7,
7158,"neoplasm, ovarian",C0919267,0.7,
6513,"neoplasm, ovarian",C0919267,0.7,
58508,squamous cell carcinoma of esophagus,C0279626,0.7,
301,squamous cell carcinoma of esophagus,C0279626,0.7,
2950,"neoplasm, ovarian",C0919267,0.7,
10013,"neoplasm, ovarian",C0919267,0.7,
1029,adenocarcinoma of esophagus (diagnosis),C0279628,0.7,
2195,squamous cell carcinoma of esophagus,C0279626,0.7,
374,"neoplasm, ovarian",C0919267,0.7,
27086,adenocarcinoma of esophagus (diagnosis),C0279628,0.7,
3146,squamous cell carcinoma of esophagus,C0279626,0.7,
55294,squamous cell carcinoma of esophagus,C0279626,0.7,
2194,"neoplasm, ovarian",C0919267,0.7,
6502,"neoplasm, ovarian",C0919267,0.7,
113278,squamous cell carcinoma of esophagus,C0279626,0.7,
6935,"neoplasm, ovarian",C0919267,0.7,
6774,colonic adenocarcinoma,C0338106,0.7,
6648,"neoplasm, ovarian",C0919267,0.7,
4017,squamous cell carcinoma of esophagus,C0279626,0.7,
861,squamous cell carcinoma of esophagus,C0279626,0.7,
966,"neoplasm, ovarian",C0919267,0.7,
7099,"neoplasm, ovarian",C0919267,0.7,
4087,"neoplasm, ovarian",C0919267,0.7,
672,squamous cell carcinoma of esophagus,C0279626,0.7,
5925,squamous cell carcinoma of esophagus,C0279626,0.7,
7403,squamous cell carcinoma of esophagus,C0279626,0.7,
2952,squamous cell carcinoma of esophagus,C0279626,0.7,
2691,"neoplasm, ovarian",C0919267,0.7,
7037,"neoplasm, ovarian",C0919267,0.7,
4292,squamous cell carcinoma of esophagus,C0279626,0.7,
2260,subacute myeloid leukemia,C1292772,0.65,
2067,adenocarcinoma of esophagus (diagnosis),C0279628,0.65,
23373,adenocarcinoma of esophagus (diagnosis),C0279628,0.65,
6049,squamous cell carcinoma of esophagus,C0279626,0.65,
2194,squamous cell carcinoma of esophagus,C0279626,0.65,
328,"neoplasm, ovarian",C0919267,0.65,
3728,"neoplasm, ovarian",C0919267,0.65,
4831,"neoplasm, ovarian",C0919267,0.65,
5595,colonic adenocarcinoma,C0338106,0.65,
6647,"neoplasm, ovarian",C0919267,0.65,
581,colonic adenocarcinoma,C0338106,0.65,
3861,squamous cell carcinoma of esophagus,C0279626,0.65,
4314,adenocarcinoma of esophagus (diagnosis),C0279628,0.65,
56033,adenocarcinoma of esophagus (diagnosis),C0279628,0.65,
55135,"neoplasm, ovarian",C0919267,0.65,
5578,"neoplasm, ovarian",C0919267,0.65,
1012,"neoplasm, ovarian",C0919267,0.65,
894,"neoplasm, ovarian",C0919267,0.65,
1647,"neoplasm, ovarian",C0919267,0.65,
2066,squamous cell carcinoma of esophagus,C0279626,0.65,
4436,squamous cell carcinoma of esophagus,C0279626,0.65,
253260,squamous cell carcinoma of esophagus,C0279626,0.65,
6714,colonic adenocarcinoma,C0338106,0.65,
2175,"neoplasm, ovarian",C0919267,0.65,
8991,"neoplasm, ovarian",C0919267,0.65,
54790,squamous cell carcinoma of esophagus,C0279626,0.65,
6817,squamous cell carcinoma of esophagus,C0279626,0.65,
7015,squamous cell carcinoma of esophagus,C0279626,0.65,
81037,squamous cell carcinoma of esophagus,C0279626,0.65,
4312,adenocarcinoma of esophagus (diagnosis),C0279628,0.65,
23081,squamous cell carcinoma of esophagus,C0279626,0.65,
4968,"neoplasm, ovarian",C0919267,0.65,
5819,"neoplasm, ovarian",C0919267,0.65,
8314,"neoplasm, ovarian",C0919267,0.65,
54658,"neoplasm, ovarian",C0919267,0.65,
5290,colonic adenocarcinoma,C0338106,0.65,
9149,"neoplasm, ovarian",C0919267,0.65,
1030,squamous cell carcinoma of esophagus,C0279626,0.65,
4312,"neoplasm, ovarian",C0919267,0.65,
4361,"neoplasm, ovarian",C0919267,0.65,
25,adenocarcinoma of esophagus (diagnosis),C0279628,0.6,
8797,adenocarcinoma of esophagus (diagnosis),C0279628,0.6,
3309,squamous cell carcinoma of esophagus,C0279626,0.6,
4854,squamous cell carcinoma of esophagus,C0279626,0.6,
100302203,"neoplasm, ovarian",C0919267,0.6,
54796,"neoplasm, ovarian",C0919267,0.6,
338,"neoplasm, ovarian",C0919267,0.6,
9474,"neoplasm, ovarian",C0919267,0.6,
540,"neoplasm, ovarian",C0919267,0.6,
2516,"neoplasm, ovarian",C0919267,0.6,
330,adenocarcinoma of esophagus (diagnosis),C0279628,0.6,
3169,squamous cell carcinoma of esophagus,C0279626,0.6,
4853,squamous cell carcinoma of esophagus,C0279626,0.6,
494335,squamous cell carcinoma of esophagus,C0279626,0.6,
6876,squamous cell carcinoma of esophagus,C0279626,0.6,
1072,squamous cell carcinoma of esophagus,C0279626,0.6,
1387,squamous cell carcinoma of esophagus,C0279626,0.6,
25800,squamous cell carcinoma of esophagus,C0279626,0.6,
25816,squamous cell carcinoma of esophagus,C0279626,0.6,
5655,"neoplasm, ovarian",C0919267,0.6,
115761,"neoplasm, ovarian",C0919267,0.6,
902,"neoplasm, ovarian",C0919267,0.6,
1382,"neoplasm, ovarian",C0919267,0.6,
2956,colonic adenocarcinoma,C0338106,0.6,
240,"neoplasm, ovarian",C0919267,0.6,
7099,adenocarcinoma of esophagus (diagnosis),C0279628,0.6,
7168,squamous cell carcinoma of esophagus,C0279626,0.6,
3872,squamous cell carcinoma of esophagus,C0279626,0.6,
406999,squamous cell carcinoma of esophagus,C0279626,0.6,
5052,squamous cell carcinoma of esophagus,C0279626,0.6,
1192,squamous cell carcinoma of esophagus,C0279626,0.6,
1890,squamous cell carcinoma of esophagus,C0279626,0.6,
1948,squamous cell carcinoma of esophagus,C0279626,0.6,
2033,squamous cell carcinoma of esophagus,C0279626,0.6,
171023,subacute myeloid leukemia,C1292772,0.6,
25976,"neoplasm, ovarian",C0919267,0.6,
8725,"neoplasm, ovarian",C0919267,0.6,
5501,"neoplasm, ovarian",C0919267,0.6,
3219,"neoplasm, ovarian",C0919267,0.6,
4214,"neoplasm, ovarian",C0919267,0.6,
56603,squamous cell carcinoma of esophagus,C0279626,0.6,
10395,"neoplasm, ovarian",C0919267,0.6,
4846,"neoplasm, ovarian",C0919267,0.6,
2810,squamous cell carcinoma of esophagus,C0279626,0.6,
861,subacute myeloid leukemia,C1292772,0.6,
57167,squamous cell carcinoma of esophagus,C0279626,0.6,
701,squamous cell carcinoma of esophagus,C0279626,0.6,
84962,squamous cell carcinoma of esophagus,C0279626,0.6,
4323,adenocarcinoma of esophagus (diagnosis),C0279628,0.6,
51738,adenocarcinoma of esophagus (diagnosis),C0279628,0.6,
8289,adenocarcinoma of esophagus (diagnosis),C0279628,0.6,
2264,squamous cell carcinoma of esophagus,C0279626,0.6,
2878,squamous cell carcinoma of esophagus,C0279626,0.6,
2938,"neoplasm, ovarian",C0919267,0.6,
306,"neoplasm, ovarian",C0919267,0.6,
6648,squamous cell carcinoma of esophagus,C0279626,0.6,
900,"neoplasm, ovarian",C0919267,0.6,
10645,"neoplasm, ovarian",C0919267,0.6,
1244,squamous cell carcinoma of esophagus,C0279626,0.6,
5934,"neoplasm, ovarian",C0919267,0.6,
23213,"neoplasm, ovarian",C0919267,0.6,
3791,adenocarcinoma of esophagus (diagnosis),C0279628,0.6,
23136,squamous cell carcinoma of esophagus,C0279626,0.6,
283120,squamous cell carcinoma of esophagus,C0279626,0.6,
9101,squamous cell carcinoma of esophagus,C0279626,0.6,
3418,squamous cell carcinoma of esophagus,C0279626,0.6,
3880,squamous cell carcinoma of esophagus,C0279626,0.6,
864,"neoplasm, ovarian",C0919267,0.6,
3716,"neoplasm, ovarian",C0919267,0.6,
467,"neoplasm, ovarian",C0919267,0.6,
8626,"neoplasm, ovarian",C0919267,0.6,
1630,squamous cell carcinoma of esophagus,C0279626,0.6,
8516,"neoplasm, ovarian",C0919267,0.6,
2944,adenocarcinoma of esophagus (diagnosis),C0279628,0.55,
2952,adenocarcinoma of esophagus (diagnosis),C0279628,0.55,
4321,adenocarcinoma of esophagus (diagnosis),C0279628,0.55,
3077,"neoplasm, ovarian",C0919267,0.55,
2878,adenocarcinoma of esophagus (diagnosis),C0279628,0.55,
4646,"neoplasm, ovarian",C0919267,0.55,
11122,squamous cell carcinoma of esophagus,C0279626,0.55,
5594,colonic adenocarcinoma,C0338106,0.55,
1139,squamous cell carcinoma of esophagus,C0279626,0.55,
11178,squamous cell carcinoma of esophagus,C0279626,0.55,
7403,colonic adenocarcinoma,C0338106,0.55,
25803,"neoplasm, ovarian",C0919267,0.55,
2886,adenocarcinoma of esophagus (diagnosis),C0279628,0.55,
6776,colonic adenocarcinoma,C0338106,0.55,
25913,"neoplasm, ovarian",C0919267,0.55,
64127,"neoplasm, ovarian",C0919267,0.55,
10533,"neoplasm, ovarian",C0919267,0.55,
4745,adenocarcinoma of esophagus (diagnosis),C0279628,0.5,
596,adenocarcinoma of esophagus (diagnosis),C0279628,0.5,
3860,squamous cell carcinoma of esophagus,C0279626,0.5,
4615,colonic adenocarcinoma,C0338106,0.5,
324,rectal neoplasm malignant adenocarcinoma,C0149978,0.5,
3231,"neoplasm, ovarian",C0919267,0.5,
4519,"neoplasm, ovarian",C0919267,0.5,
4049,squamous cell carcinoma of esophagus,C0279626,0.5,
4846,adenocarcinoma of esophagus (diagnosis),C0279628,0.5,
841,adenocarcinoma of esophagus (diagnosis),C0279628,0.5,
79366,squamous cell carcinoma of esophagus,C0279626,0.5,
829,squamous cell carcinoma of esophagus,C0279626,0.5,
2665,squamous cell carcinoma of esophagus,C0279626,0.5,
55450,"neoplasm, ovarian",C0919267,0.5,
3237,"neoplasm, ovarian",C0919267,0.5,
92421,"neoplasm, ovarian",C0919267,0.5,
7148,squamous cell carcinoma of esophagus,C0279626,0.5,
5216,squamous cell carcinoma of esophagus,C0279626,0.5,
11083,squamous cell carcinoma of esophagus,C0279626,0.5,
1381,squamous cell carcinoma of esophagus,C0279626,0.5,
3717,colonic adenocarcinoma,C0338106,0.5,
23210,"neoplasm, ovarian",C0919267,0.5,
729082,"neoplasm, ovarian",C0919267,0.5,
79084,"neoplasm, ovarian",C0919267,0.5,
9055,"neoplasm, ovarian",C0919267,0.5,
3235,"neoplasm, ovarian",C0919267,0.5,
4214,squamous cell carcinoma of esophagus,C0279626,0.5,
6317,squamous cell carcinoma of esophagus,C0279626,0.5,
2242,squamous cell carcinoma of esophagus,C0279626,0.5,
1436,colonic adenocarcinoma,C0338106,0.5,
2531,"malignant lymphoma, mixed small cleaved and large cell, follicular",C0079758,0.5,
596,"malignant lymphoma, mixed small cleaved and large cell, follicular",C0079758,0.5,
285601,"neoplasm, ovarian",C0919267,0.5,
29086,"neoplasm, ovarian",C0919267,0.5,
360,"neoplasm, ovarian",C0919267,0.5,
4085,squamous cell carcinoma of esophagus,C0279626,0.5,
1588,adenocarcinoma of esophagus (diagnosis),C0279628,0.5,
7167,squamous cell carcinoma of esophagus,C0279626,0.5,
7373,squamous cell carcinoma of esophagus,C0279626,0.5,
9446,squamous cell carcinoma of esophagus,C0279626,0.5,
5721,squamous cell carcinoma of esophagus,C0279626,0.5,
2623,colonic adenocarcinoma,C0338106,0.5,
284058,"neoplasm, ovarian",C0919267,0.5,
2069,"neoplasm, ovarian",C0919267,0.5,
56952,"neoplasm, ovarian",C0919267,0.5,
607,"neoplasm, ovarian",C0919267,0.5,
51029,"neoplasm, ovarian",C0919267,0.5,
5879,colonic adenocarcinoma,C0338106,0.45,
958,"malignant lymphoma, mixed small cleaved and large cell, follicular",C0079758,0.45,
51099,colonic adenocarcinoma,C0338106,0.45,
8635,colonic adenocarcinoma,C0338106,0.45,
1591,squamous cell carcinoma of esophagus,C0279626,0.45,
6775,rectal neoplasm malignant adenocarcinoma,C0149978,0.45,
959,"malignant lymphoma, mixed small cleaved and large cell, follicular",C0079758,0.45,
8930,squamous cell carcinoma of esophagus,C0279626,0.45,
1138,squamous cell carcinoma of esophagus,C0279626,0.45,
2175,squamous cell carcinoma of esophagus,C0279626,0.45,
6772,colonic adenocarcinoma,C0338106,0.45,
6777,colonic adenocarcinoma,C0338106,0.45,
6778,colonic adenocarcinoma,C0338106,0.45,
5609,colonic adenocarcinoma,C0338106,0.45,
51582,squamous cell carcinoma of esophagus,C0279626,0.45,
6774,rectal neoplasm malignant adenocarcinoma,C0149978,0.45,
340061,squamous cell carcinoma of esophagus,C0279626,0.45,
23013,squamous cell carcinoma of esophagus,C0279626,0.45,
8438,colonic adenocarcinoma,C0338106,0.45,
51176,"neoplasm, ovarian",C0919267,0.45,
6778,rectal neoplasm malignant adenocarcinoma,C0149978,0.45,
482,squamous cell carcinoma of esophagus,C0279626,0.45,
5002,adenocarcinoma of esophagus (diagnosis),C0279628,0.4,
645,squamous cell carcinoma of esophagus,C0279626,0.4,
7169,squamous cell carcinoma of esophagus,C0279626,0.4,
759,squamous cell carcinoma of esophagus,C0279626,0.4,
760,squamous cell carcinoma of esophagus,C0279626,0.4,
7248,adult hepatocellular carcinoma,C0279607,0.4,
2196,squamous cell carcinoma of esophagus,C0279626,0.4,
2280,squamous cell carcinoma of esophagus,C0279626,0.4,
1687,colonic adenocarcinoma,C0338106,0.4,
4015,colonic adenocarcinoma,C0338106,0.4,
8503,colonic adenocarcinoma,C0338106,0.4,
537,"malignant lymphoma, mixed small cleaved and large cell, follicular",C0079758,0.4,
64121,"malignant lymphoma, mixed small cleaved and large cell, follicular",C0079758,0.4,
7128,"malignant lymphoma, mixed small cleaved and large cell, follicular",C0079758,0.4,
974,"malignant lymphoma, mixed small cleaved and large cell, follicular",C0079758,0.4,
90355,"neoplasm, ovarian",C0919267,0.4,
90506,"neoplasm, ovarian",C0919267,0.4,
83636,"neoplasm, ovarian",C0919267,0.4,
130001603,"neoplasm, ovarian",C0919267,0.4,
1796,"neoplasm, ovarian",C0919267,0.4,
22800,"neoplasm, ovarian",C0919267,0.4,
4524,"malignant lymphoma, mixed small cleaved and large cell, follicular",C0079758,0.4,
4615,"malignant lymphoma, mixed small cleaved and large cell, follicular",C0079758,0.4,
4489,squamous cell carcinoma of esophagus,C0279626,0.4,
567,squamous cell carcinoma of esophagus,C0279626,0.4,
5720,squamous cell carcinoma of esophagus,C0279626,0.4,
1794,adenocarcinoma of esophagus (diagnosis),C0279628,0.4,
120114,squamous cell carcinoma of esophagus,C0279626,0.4,
1476,squamous cell carcinoma of esophagus,C0279626,0.4,
170261,squamous cell carcinoma of esophagus,C0279626,0.4,
27287,squamous cell carcinoma of esophagus,C0279626,0.4,
54801,"neoplasm, ovarian",C0919267,0.4,
3590,"neoplasm, ovarian",C0919267,0.4,
4576,"neoplasm, ovarian",C0919267,0.4,
10626,"neoplasm, ovarian",C0919267,0.4,
10775,"neoplasm, ovarian",C0919267,0.4,
406947,colonic adenocarcinoma,C0338106,0.4,
79633,squamous cell carcinoma of esophagus,C0279626,0.4,
54535,squamous cell carcinoma of esophagus,C0279626,0.4,
1950,adult hepatocellular carcinoma,C0279607,0.4,
7249,adult hepatocellular carcinoma,C0279607,0.4,
5519,colonic adenocarcinoma,C0338106,0.4,
1879,"malignant lymphoma, mixed small cleaved and large cell, follicular",C0079758,0.4,
2146,"malignant lymphoma, mixed small cleaved and large cell, follicular",C0079758,0.4,
126806658,"neoplasm, ovarian",C0919267,0.4,
100529207,"neoplasm, ovarian",C0919267,0.4,
55379,"neoplasm, ovarian",C0919267,0.4,
60487,"neoplasm, ovarian",C0919267,0.4,
2898,"neoplasm, ovarian",C0919267,0.4,
387775,"neoplasm, ovarian",C0919267,0.4,
10772,"neoplasm, ovarian",C0919267,0.4,
5654,squamous cell carcinoma of esophagus,C0279626,0.4,
6948,squamous cell carcinoma of esophagus,C0279626,0.4,
84817,squamous cell carcinoma of esophagus,C0279626,0.4,
9844,adenocarcinoma of esophagus (diagnosis),C0279628,0.4,
5290,adult hepatocellular carcinoma,C0279607,0.4,
116,squamous cell carcinoma of esophagus,C0279626,0.4,
126806658,squamous cell carcinoma of esophagus,C0279626,0.4,
10592,colonic adenocarcinoma,C0338106,0.4,
51366,colonic adenocarcinoma,C0338106,0.4,
8085,"malignant lymphoma, mixed small cleaved and large cell, follicular",C0079758,0.4,
126806659,"neoplasm, ovarian",C0919267,0.4,
126862571,"neoplasm, ovarian",C0919267,0.4,
242,"neoplasm, ovarian",C0919267,0.4,
79156,"neoplasm, ovarian",C0919267,0.4,
8631,"neoplasm, ovarian",C0919267,0.4,
1387,"malignant lymphoma, mixed small cleaved and large cell, follicular",C0079758,0.4,
4548,"malignant lymphoma, mixed small cleaved and large cell, follicular",C0079758,0.4,
526,"malignant lymphoma, mixed small cleaved and large cell, follicular",C0079758,0.4,
7298,"malignant lymphoma, mixed small cleaved and large cell, follicular",C0079758,0.4,
8312,adult hepatocellular carcinoma,C0279607,0.4,
841,adult hepatocellular carcinoma,C0279607,0.4,
23111,adenocarcinoma of esophagus (diagnosis),C0279628,0.4,
2739,squamous cell carcinoma of esophagus,C0279626,0.4,
1108,colonic adenocarcinoma,C0338106,0.4,
2591,"neoplasm, ovarian",C0919267,0.4,
84985,"neoplasm, ovarian",C0919267,0.4,
238,ki 1 lymphoma,C0206180,1.0,
7157,adenocarcinoma,C0001418,1.0,
1956,bronchiolo-alveolar adenocarcinoma,C0007120,0.95,
943,ki 1 lymphoma,C0206180,0.95,
3845,adenocarcinoma,C0001418,0.95,
2064,adenocarcinoma,C0001418,0.95,
1956,adenocarcinoma,C0001418,0.95,
3845,liver neoplasm,C0023903,0.9,
5743,adenocarcinoma,C0001418,0.9,
1499,liver neoplasm,C0023903,0.85,
324,adenocarcinoma,C0001418,0.85,
4221,gastrin producing tumor,C0017150,0.85,
3791,adenocarcinoma,C0001418,0.85,
5111,adenocarcinoma,C0001418,0.85,
7124,adenocarcinoma,C0001418,0.85,
5728,adenocarcinoma,C0001418,0.85,
1950,adenocarcinoma,C0001418,0.85,
8289,adenocarcinoma,C0001418,0.85,
207,adenocarcinoma,C0001418,0.85,
2475,adenocarcinoma,C0001418,0.85,
5290,adenocarcinoma,C0001418,0.85,
4288,adenocarcinoma,C0001418,0.85,
332,adenocarcinoma,C0001418,0.85,
7124,liver neoplasm,C0023903,0.85,
7040,adenocarcinoma,C0001418,0.85,
1437,liver neoplasm,C0023903,0.85,
2099,adenocarcinoma,C0001418,0.85,
6794,adenocarcinoma,C0001418,0.85,
673,liver neoplasm,C0023903,0.85,
1029,adenocarcinoma,C0001418,0.85,
595,adenocarcinoma,C0001418,0.85,
6648,adenocarcinoma,C0001418,0.85,
7422,adenocarcinoma,C0001418,0.85,
4609,adenocarcinoma,C0001418,0.85,
3162,liver neoplasm,C0023903,0.85,
6774,adenocarcinoma,C0001418,0.85,
5241,adenocarcinoma,C0001418,0.85,
4233,adenocarcinoma,C0001418,0.85,
4790,adenocarcinoma,C0001418,0.85,
1029,liver neoplasm,C0023903,0.8,
7157,liver neoplasm,C0023903,0.8,
3265,liver neoplasm,C0023903,0.8,
324,liver neoplasm,C0023903,0.8,
7157,bladder transitional cell carcinoma,C0279680,0.8,
54474,adenocarcinoma,C0001418,0.8,
2100,adenocarcinoma,C0001418,0.8,
596,adenocarcinoma,C0001418,0.8,
10232,adenocarcinoma,C0001418,0.8,
5970,adenocarcinoma,C0001418,0.75,
864,adenocarcinoma,C0001418,0.75,
3717,liver neoplasm,C0023903,0.75,
5468,adenocarcinoma,C0001418,0.75,
9970,liver neoplasm,C0023903,0.75,
7157,anaplastic thyroid carcinoma,C0238461,0.75,
1432,liver neoplasm,C0023903,0.75,
2705,liver neoplasm,C0023903,0.75,
3558,liver neoplasm,C0023903,0.75,
5894,liver neoplasm,C0023903,0.75,
595,liver neoplasm,C0023903,0.75,
1026,liver neoplasm,C0023903,0.75,
6774,liver neoplasm,C0023903,0.75,
3593,liver neoplasm,C0023903,0.75,
3082,liver neoplasm,C0023903,0.75,
6696,adenocarcinoma,C0001418,0.75,
4221,alpha cell tumor,C0017689,0.75,
6774,ki 1 lymphoma,C0206180,0.75,
27232,liver neoplasm,C0023903,0.75,
196,liver neoplasm,C0023903,0.75,
302,liver neoplasm,C0023903,0.75,
3725,liver neoplasm,C0023903,0.75,
2064,bladder transitional cell carcinoma,C0279680,0.75,
9971,liver neoplasm,C0023903,0.75,
7039,liver neoplasm,C0023903,0.75,
7015,liver neoplasm,C0023903,0.75,
3856,liver neoplasm,C0023903,0.75,
1499,adenocarcinoma,C0001418,0.75,
4609,liver neoplasm,C0023903,0.75,
3439,liver neoplasm,C0023903,0.75,
4780,liver neoplasm,C0023903,0.75,
4583,adenocarcinoma,C0001418,0.75,
3662,ki 1 lymphoma,C0206180,0.75,
2354,liver neoplasm,C0023903,0.75,
1571,liver neoplasm,C0023903,0.75,
2099,liver neoplasm,C0023903,0.75,
5465,liver neoplasm,C0023903,0.75,
8743,liver neoplasm,C0023903,0.75,
3481,liver neoplasm,C0023903,0.75,
2520,adenocarcinoma,C0001418,0.75,
3553,adenocarcinoma,C0001418,0.7,
335,adenocarcinoma,C0001418,0.7,
472,adenocarcinoma,C0001418,0.7,
780,adenocarcinoma,C0001418,0.7,
3845,bladder transitional cell carcinoma,C0279680,0.7,
673,bladder transitional cell carcinoma,C0279680,0.7,
3265,bladder transitional cell carcinoma,C0279680,0.7,
11186,adenocarcinoma,C0001418,0.7,
5915,adenocarcinoma,C0001418,0.7,
3551,liver neoplasm,C0023903,0.7,
5468,liver neoplasm,C0023903,0.7,
5328,adenocarcinoma,C0001418,0.7,
2065,bladder transitional cell carcinoma,C0279680,0.65,
1051,adenocarcinoma,C0001418,0.65,
26227,liver neoplasm,C0023903,0.65,
3875,liver neoplasm,C0023903,0.65,
6776,adenocarcinoma,C0001418,0.65,
3399,adenocarcinoma,C0001418,0.65,
3439,adenocarcinoma,C0001418,0.65,
207,bladder transitional cell carcinoma,C0279680,0.65,
7507,liver neoplasm,C0023903,0.65,
3592,liver neoplasm,C0023903,0.65,
5265,adenocarcinoma,C0001418,0.65,
1588,adenocarcinoma,C0001418,0.65,
2261,bladder transitional cell carcinoma,C0279680,0.65,
4221,carcinoid tumour pulmonary,C0280089,0.65,
5781,adenocarcinoma,C0001418,0.65,
3162,adenocarcinoma,C0001418,0.65,
5617,adenocarcinoma,C0001418,0.65,
5290,bladder transitional cell carcinoma,C0279680,0.65,
1786,adenocarcinoma,C0001418,0.65,
3784,adenocarcinoma,C0001418,0.65,
4615,primary testicular lymphoma,C0349644,0.65,
8100,liver neoplasm,C0023903,0.65,
10468,liver neoplasm,C0023903,0.65,
4323,liver neoplasm,C0023903,0.65,
6319,liver neoplasm,C0023903,0.65,
10,liver neoplasm,C0023903,0.65,
1499,bladder transitional cell carcinoma,C0279680,0.65,
1440,liver neoplasm,C0023903,0.65,
7508,liver neoplasm,C0023903,0.65,
1147,liver neoplasm,C0023903,0.65,
2944,liver neoplasm,C0023903,0.65,
25,liver neoplasm,C0023903,0.65,
23405,liver neoplasm,C0023903,0.65,
3206,adenocarcinoma,C0001418,0.6,
3329,adenocarcinoma,C0001418,0.6,
841,adenocarcinoma,C0001418,0.6,
307,liver neoplasm,C0023903,0.6,
51738,adenocarcinoma,C0001418,0.6,
8626,adenocarcinoma,C0001418,0.6,
2272,liver neoplasm,C0023903,0.6,
7153,liver neoplasm,C0023903,0.6,
1027,liver neoplasm,C0023903,0.6,
634,adenocarcinoma,C0001418,0.6,
2254,adenocarcinoma,C0001418,0.6,
348,adenocarcinoma,C0001418,0.6,
1029,bladder transitional cell carcinoma,C0279680,0.6,
3320,ki 1 lymphoma,C0206180,0.6,
540,liver neoplasm,C0023903,0.6,
1571,adenocarcinoma,C0001418,0.6,
29108,adenocarcinoma,C0001418,0.6,
4323,adenocarcinoma,C0001418,0.6,
4968,adenocarcinoma,C0001418,0.6,
8314,liver neoplasm,C0023903,0.6,
30061,liver neoplasm,C0023903,0.6,
310,liver neoplasm,C0023903,0.6,
407021,liver neoplasm,C0023903,0.6,
2475,bladder transitional cell carcinoma,C0279680,0.6,
1030,liver neoplasm,C0023903,0.6,
5587,adenocarcinoma,C0001418,0.6,
5581,liver neoplasm,C0023903,0.6,
1612,adenocarcinoma,C0001418,0.6,
8517,liver neoplasm,C0023903,0.6,
4846,adenocarcinoma,C0001418,0.6,
4255,gastrin producing tumor,C0017150,0.55,
3856,adenocarcinoma,C0001418,0.55,
7403,bladder transitional cell carcinoma,C0279680,0.55,
2919,liver neoplasm,C0023903,0.55,
1028,adenocarcinoma,C0001418,0.55,
9,adenocarcinoma,C0001418,0.55,
5728,bladder transitional cell carcinoma,C0279680,0.55,
2950,bronchiolo-alveolar adenocarcinoma,C0007120,0.55,
7150,liver neoplasm,C0023903,0.55,
440,liver neoplasm,C0023903,0.55,
29887,liver neoplasm,C0023903,0.55,
3054,liver neoplasm,C0023903,0.55,
1387,bladder transitional cell carcinoma,C0279680,0.5,
1490,adenocarcinoma,C0001418,0.5,
2023,adenocarcinoma,C0001418,0.5,
51196,adenocarcinoma,C0001418,0.5,
9420,adenocarcinoma,C0001418,0.5,
3697,liver neoplasm,C0023903,0.5,
58508,adenocarcinoma,C0001418,0.5,
6599,adenocarcinoma,C0001418,0.5,
2202,adenocarcinoma,C0001418,0.5,
11082,liver neoplasm,C0023903,0.5,
8797,adenocarcinoma,C0001418,0.5,
8856,adenocarcinoma,C0001418,0.5,
760,adenocarcinoma,C0001418,0.5,
208,adenocarcinoma,C0001418,0.5,
2878,adenocarcinoma,C0001418,0.5,
5594,bladder transitional cell carcinoma,C0279680,0.5,
1381,liver neoplasm,C0023903,0.5,
6513,liver neoplasm,C0023903,0.5,
10397,liver neoplasm,C0023903,0.5,
168002,liver neoplasm,C0023903,0.5,
4057,liver neoplasm,C0023903,0.5,
4942,liver neoplasm,C0023903,0.5,
9215,liver neoplasm,C0023903,0.5,
6925,liver neoplasm,C0023903,0.5,
56287,adenocarcinoma,C0001418,0.5,
563,adenocarcinoma,C0001418,0.5,
7170,adenocarcinoma,C0001418,0.5,
7367,adenocarcinoma,C0001418,0.5,
5604,bladder transitional cell carcinoma,C0279680,0.5,
8991,adenocarcinoma,C0001418,0.5,
5800,liver neoplasm,C0023903,0.5,
1592,adenocarcinoma,C0001418,0.5,
4893,bladder transitional cell carcinoma,C0279680,0.45,
11171,adenocarcinoma,C0001418,0.45,
2033,bladder transitional cell carcinoma,C0279680,0.45,
613,bladder transitional cell carcinoma,C0279680,0.4,
1152,adenocarcinoma,C0001418,0.4,
1636,adenocarcinoma,C0001418,0.4,
5731,adenocarcinoma,C0001418,0.4,
59340,adenocarcinoma,C0001418,0.4,
8202,adenocarcinoma,C0001418,0.4,
8841,adenocarcinoma,C0001418,0.4,
442910,bronchiolo-alveolar adenocarcinoma,C0007120,0.4,
574456,bronchiolo-alveolar adenocarcinoma,C0007120,0.4,
60529,bronchiolo-alveolar adenocarcinoma,C0007120,0.4,
9611,liver neoplasm,C0023903,0.4,
4645,liver neoplasm,C0023903,0.4,
5685,liver neoplasm,C0023903,0.4,
128439,liver neoplasm,C0023903,0.4,
130814,liver neoplasm,C0023903,0.4,
140733,liver neoplasm,C0023903,0.4,
1124,liver neoplasm,C0023903,0.4,
4891,liver neoplasm,C0023903,0.4,
116966,liver neoplasm,C0023903,0.4,
10188,liver neoplasm,C0023903,0.4,
1233,liver neoplasm,C0023903,0.4,
4878,adenocarcinoma,C0001418,0.4,
759,adenocarcinoma,C0001418,0.4,
1938,adenocarcinoma,C0001418,0.4,
2886,adenocarcinoma,C0001418,0.4,
6648,anaplastic thyroid carcinoma,C0238461,0.4,
2321,bladder transitional cell carcinoma,C0279680,0.4,
4780,bladder transitional cell carcinoma,C0279680,0.4,
5979,bladder transitional cell carcinoma,C0279680,0.4,
5970,ki 1 lymphoma,C0206180,0.4,
5357,liver neoplasm,C0023903,0.4,
22996,liver neoplasm,C0023903,0.4,
23593,liver neoplasm,C0023903,0.4,
283927,liver neoplasm,C0023903,0.4,
2852,liver neoplasm,C0023903,0.4,
2878,liver neoplasm,C0023903,0.4,
83597,liver neoplasm,C0023903,0.4,
84263,liver neoplasm,C0023903,0.4,
90355,liver neoplasm,C0023903,0.4,
79039,liver neoplasm,C0023903,0.4,
51491,liver neoplasm,C0023903,0.4,
23386,liver neoplasm,C0023903,0.4,
158038,liver neoplasm,C0023903,0.4,
121551,liver neoplasm,C0023903,0.4,
164395,liver neoplasm,C0023903,0.4,
51292,adenocarcinoma,C0001418,0.4,
5223,adenocarcinoma,C0001418,0.4,
5245,adenocarcinoma,C0001418,0.4,
160140,adenocarcinoma,C0001418,0.4,
240,adenocarcinoma,C0001418,0.4,
25,adenocarcinoma,C0001418,0.4,
3312,adenocarcinoma,C0001418,0.4,
4297,adenocarcinoma,C0001418,0.4,
2260,bladder transitional cell carcinoma,C0279680,0.4,
55294,bladder transitional cell carcinoma,C0279680,0.4,
6009,bladder transitional cell carcinoma,C0279680,0.4,
7307,bladder transitional cell carcinoma,C0279680,0.4,
406936,bronchiolo-alveolar adenocarcinoma,C0007120,0.4,
406979,bronchiolo-alveolar adenocarcinoma,C0007120,0.4,
7291,ki 1 lymphoma,C0206180,0.4,
7358,liver neoplasm,C0023903,0.4,
9317,liver neoplasm,C0023903,0.4,
325,liver neoplasm,C0023903,0.4,
10669,liver neoplasm,C0023903,0.4,
112399,liver neoplasm,C0023903,0.4,
121256,liver neoplasm,C0023903,0.4,
201163,liver neoplasm,C0023903,0.4,
8916,liver neoplasm,C0023903,0.4,
57628,liver neoplasm,C0023903,0.4,
23451,bladder transitional cell carcinoma,C0279680,0.4,
9125,bladder transitional cell carcinoma,C0279680,0.4,
5074,adenocarcinoma,C0001418,0.4,
6091,adenocarcinoma,C0001418,0.4,
6934,adenocarcinoma,C0001418,0.4,
7306,adenocarcinoma,C0001418,0.4,
79633,adenocarcinoma,C0001418,0.4,
1149,liver neoplasm,C0023903,0.4,
2877,liver neoplasm,C0023903,0.4,
2898,liver neoplasm,C0023903,0.4,
60487,liver neoplasm,C0023903,0.4,
641371,liver neoplasm,C0023903,0.4,
23302,liver neoplasm,C0023903,0.4,
23404,liver neoplasm,C0023903,0.4,
1948,liver neoplasm,C0023903,0.4,
342945,liver neoplasm,C0023903,0.4,
6496,liver neoplasm,C0023903,0.4,
166336,liver neoplasm,C0023903,0.4,
339896,liver neoplasm,C0023903,0.4,
64084,liver neoplasm,C0023903,0.4,
81572,liver neoplasm,C0023903,0.4,
4354,adenocarcinoma,C0001418,0.4,
6847,adenocarcinoma,C0001418,0.4,
10266,adenocarcinoma,C0001418,0.4,
143187,adenocarcinoma,C0001418,0.4,
242,adenocarcinoma,C0001418,0.4,
115399,bladder transitional cell carcinoma,C0279680,0.4,
126806658,bladder transitional cell carcinoma,C0279680,0.4,
3417,bladder transitional cell carcinoma,C0279680,0.4,
6256,bladder transitional cell carcinoma,C0279680,0.4,
406919,bronchiolo-alveolar adenocarcinoma,C0007120,0.4,
894,liver neoplasm,C0023903,0.4,
902,liver neoplasm,C0023903,0.4,
1375,liver neoplasm,C0023903,0.4,
246329,liver neoplasm,C0023903,0.4,
27324,liver neoplasm,C0023903,0.4,
406940,liver neoplasm,C0023903,0.4,
51201,liver neoplasm,C0023903,0.4,
55870,liver neoplasm,C0023903,0.4,
170691,liver neoplasm,C0023903,0.4,
192286,liver neoplasm,C0023903,0.4,
374955,liver neoplasm,C0023903,0.4,
6725,liver neoplasm,C0023903,0.4,
153129,liver neoplasm,C0023903,0.4,
7204,liver neoplasm,C0023903,0.4,
79879,liver neoplasm,C0023903,0.4,
10897,liver neoplasm,C0023903,0.4,
1956,lung neoplasm,C0024121,1.0,
604,b cell lymphoma,C0079731,1.0,
1029,lung neoplasm,C0024121,1.0,
4255,glioblastoma,C0017636,1.0,
1956,glioblastoma,C0017636,1.0,
3845,lung adenocarcinoma,C0152013,1.0,
1956,lung adenocarcinoma,C0152013,1.0,
2475,glioblastoma,C0017636,1.0,
5728,glioblastoma,C0017636,1.0,
7157,colonic neoplasm,C0009375,1.0,
54790,chronic myelomonocytic leukemia,C0023480,1.0,
5743,colonic neoplasm,C0009375,1.0,
3845,lung neoplasm,C0024121,1.0,
673,lung adenocarcinoma,C0152013,1.0,
3417,glioblastoma,C0017636,1.0,
7422,colonic neoplasm,C0009375,1.0,
7157,astrocytoma,C0004114,1.0,
7157,esophageal neoplasm,C0014859,1.0,
2261,"neoplasm, bladder",C0005695,1.0,
1950,glioblastoma,C0017636,1.0,
6794,lung neoplasm,C0024121,1.0,
4292,colonic neoplasm,C0009375,1.0,
2064,"neoplasm, bladder",C0005695,1.0,
207,lung neoplasm,C0024121,1.0,
6098,lung adenocarcinoma,C0152013,1.0,
3417,astrocytoma,C0004114,1.0,
10,"neoplasm, bladder",C0005695,1.0,
238,lung adenocarcinoma,C0152013,1.0,
5290,lung neoplasm,C0024121,1.0,
324,colonic neoplasm,C0009375,1.0,
7157,lung neoplasm,C0024121,1.0,
2944,"neoplasm, bladder",C0005695,1.0,
7040,lung neoplasm,C0024121,0.95,
2064,lung neoplasm,C0024121,0.95,
5595,lung neoplasm,C0024121,0.95,
1956,"neoplasm, bladder",C0005695,0.95,
7422,glioblastoma,C0017636,0.95,
4233,lung neoplasm,C0024121,0.95,
4609,colonic neoplasm,C0009375,0.95,
4790,colonic neoplasm,C0009375,0.95,
3569,lung neoplasm,C0024121,0.95,
7015,"neoplasm, bladder",C0005695,0.95,
5133,lung neoplasm,C0024121,0.95,
695,b cell lymphoma,C0079731,0.95,
673,astrocytoma,C0004114,0.95,
1499,lung neoplasm,C0024121,0.95,
673,colonic neoplasm,C0009375,0.95,
2950,lung neoplasm,C0024121,0.95,
673,lung neoplasm,C0024121,0.95,
5290,lung adenocarcinoma,C0152013,0.95,
7157,glioblastoma,C0017636,0.95,
7157,lung adenocarcinoma,C0152013,0.95,
6774,lung neoplasm,C0024121,0.95,
3845,colonic neoplasm,C0009375,0.95,
29126,lung neoplasm,C0024121,0.95,
4609,lung neoplasm,C0024121,0.95,
2952,lung neoplasm,C0024121,0.95,
1956,colonic neoplasm,C0009375,0.95,
2944,lung neoplasm,C0024121,0.95,
1499,colonic neoplasm,C0009375,0.95,
2064,lung adenocarcinoma,C0152013,0.95,
3265,"neoplasm, bladder",C0005695,0.9,
3845,"neoplasm, bladder",C0005695,0.9,
5743,esophageal neoplasm,C0014859,0.9,
1116,glioblastoma,C0017636,0.9,
472,colonic neoplasm,C0009375,0.9,
6794,lung adenocarcinoma,C0152013,0.9,
3558,"neoplasm, bladder",C0005695,0.9,
5728,lung neoplasm,C0024121,0.9,
5728,"neoplasm, bladder",C0005695,0.9,
2263,"neoplasm, bladder",C0005695,0.9,
999,"neoplasm, bladder",C0005695,0.9,
1019,glioblastoma,C0017636,0.9,
2146,b cell lymphoma,C0079731,0.9,
4318,glioblastoma,C0017636,0.9,
5290,"neoplasm, rectal",C0034885,0.9,
1950,lung adenocarcinoma,C0152013,0.9,
355,"neoplasm, bladder",C0005695,0.9,
4193,glioblastoma,C0017636,0.9,
4609,lung adenocarcinoma,C0152013,0.9,
1029,"neoplasm, bladder",C0005695,0.9,
5743,"neoplasm, bladder",C0005695,0.85,
207,lung adenocarcinoma,C0152013,0.85,
207,"neoplasm, bladder",C0005695,0.85,
7474,lung neoplasm,C0024121,0.85,
7157,"neoplasm, bladder",C0005695,0.85,
2263,lung adenocarcinoma,C0152013,0.85,
4609,"neoplasm, bladder",C0005695,0.85,
1029,glioblastoma,C0017636,0.85,
5290,glioblastoma,C0017636,0.85,
4763,astrocytoma,C0004114,0.85,
5925,"neoplasm, bladder",C0005695,0.85,
596,"neoplasm, bladder",C0005695,0.85,
3586,lung neoplasm,C0024121,0.85,
7124,colonic neoplasm,C0009375,0.85,
5915,lung neoplasm,C0024121,0.85,
3791,glioblastoma,C0017636,0.85,
7124,"neoplasm, bladder",C0005695,0.85,
3725,colonic neoplasm,C0009375,0.85,
4233,glioblastoma,C0017636,0.85,
8842,glioblastoma,C0017636,0.85,
406947,lung neoplasm,C0024121,0.85,
3458,lung neoplasm,C0024121,0.85,
595,lung neoplasm,C0024121,0.85,
2064,colonic neoplasm,C0009375,0.85,
3952,colonic neoplasm,C0009375,0.85,
2065,lung neoplasm,C0024121,0.85,
171023,chronic myelomonocytic leukemia,C0023480,0.85,
94025,lung neoplasm,C0024121,0.85,
6441,lung neoplasm,C0024121,0.85,
50943,lung neoplasm,C0024121,0.85,
2272,lung neoplasm,C0024121,0.85,
3458,colonic neoplasm,C0009375,0.85,
7124,lung neoplasm,C0024121,0.85,
4851,colonic neoplasm,C0009375,0.85,
595,colonic neoplasm,C0009375,0.85,
7015,lung neoplasm,C0024121,0.85,
5594,lung neoplasm,C0024121,0.85,
406991,lung neoplasm,C0024121,0.85,
2064,esophageal neoplasm,C0014859,0.85,
7298,"neoplasm, rectal",C0034885,0.85,
8313,colonic neoplasm,C0009375,0.85,
6556,"neoplasm, bladder",C0005695,0.85,
3265,lung neoplasm,C0024121,0.85,
2335,glioblastoma,C0017636,0.85,
598,lung neoplasm,C0024121,0.85,
7515,esophageal neoplasm,C0014859,0.85,
3845,astrocytoma,C0004114,0.85,
11200,lung neoplasm,C0024121,0.85,
3553,colonic neoplasm,C0009375,0.85,
595,esophageal neoplasm,C0014859,0.85,
332,colonic neoplasm,C0009375,0.85,
3091,glioblastoma,C0017636,0.85,
1591,lung neoplasm,C0024121,0.85,
2520,colonic neoplasm,C0009375,0.85,
4233,esophageal neoplasm,C0014859,0.85,
2260,lung neoplasm,C0024121,0.85,
5159,glioblastoma,C0017636,0.85,
5925,glioblastoma,C0017636,0.85,
3558,glioblastoma,C0017636,0.85,
4313,glioblastoma,C0017636,0.85,
5609,lung neoplasm,C0024121,0.85,
332,lung neoplasm,C0024121,0.85,
1956,"neoplasm, rectal",C0034885,0.85,
2475,colonic neoplasm,C0009375,0.85,
4780,lung neoplasm,C0024121,0.85,
3791,lung neoplasm,C0024121,0.85,
595,lung adenocarcinoma,C0152013,0.85,
675,lung neoplasm,C0024121,0.85,
6657,lung neoplasm,C0024121,0.85,
2263,lung neoplasm,C0024121,0.85,
4609,glioblastoma,C0017636,0.85,
2099,lung neoplasm,C0024121,0.85,
7298,lung neoplasm,C0024121,0.85,
1021,glioblastoma,C0017636,0.85,
3553,lung neoplasm,C0024121,0.85,
2475,"neoplasm, bladder",C0005695,0.85,
596,esophageal neoplasm,C0014859,0.85,
4586,lung adenocarcinoma,C0152013,0.85,
1956,esophageal neoplasm,C0014859,0.85,
8549,colonic neoplasm,C0009375,0.85,
238,glioblastoma,C0017636,0.85,
7298,lung adenocarcinoma,C0152013,0.85,
3815,mast cell leukemia,C0023461,0.85,
5111,lung neoplasm,C0024121,0.85,
1401,lung neoplasm,C0024121,0.85,
3558,lung neoplasm,C0024121,0.85,
3553,glioblastoma,C0017636,0.85,
1545,lung neoplasm,C0024121,0.85,
5894,lung adenocarcinoma,C0152013,0.8,
2261,lung adenocarcinoma,C0152013,0.8,
4312,"neoplasm, bladder",C0005695,0.8,
7490,lung neoplasm,C0024121,0.8,
2950,"neoplasm, bladder",C0005695,0.8,
11186,"neoplasm, bladder",C0005695,0.8,
5155,glioblastoma,C0017636,0.8,
11186,lung neoplasm,C0024121,0.8,
472,lung adenocarcinoma,C0152013,0.8,
4854,lung neoplasm,C0024121,0.8,
406991,esophageal neoplasm,C0014859,0.8,
5054,"neoplasm, bladder",C0005695,0.8,
8241,lung adenocarcinoma,C0152013,0.8,
1499,lung adenocarcinoma,C0152013,0.8,
3169,lung adenocarcinoma,C0152013,0.8,
596,colonic neoplasm,C0009375,0.8,
864,"neoplasm, bladder",C0005695,0.8,
2247,"neoplasm, bladder",C0005695,0.8,
283120,"neoplasm, bladder",C0005695,0.8,
4524,"neoplasm, bladder",C0005695,0.8,
2272,"neoplasm, bladder",C0005695,0.8,
4089,malignant gastrointestinal tract tumors,C0685938,0.8,
1508,glioblastoma,C0017636,0.8,
5347,"neoplasm, bladder",C0005695,0.8,
4318,colonic neoplasm,C0009375,0.8,
1019,lung adenocarcinoma,C0152013,0.8,
5728,esophageal neoplasm,C0014859,0.8,
5604,lung adenocarcinoma,C0152013,0.8,
3791,"neoplasm, bladder",C0005695,0.8,
4595,colonic neoplasm,C0009375,0.8,
2068,"neoplasm, bladder",C0005695,0.8,
4313,"neoplasm, bladder",C0005695,0.8,
958,b cell lymphoma,C0079731,0.8,
595,"neoplasm, bladder",C0005695,0.8,
3265,lung adenocarcinoma,C0152013,0.8,
1029,esophageal neoplasm,C0014859,0.8,
1029,lung adenocarcinoma,C0152013,0.8,
7015,lung adenocarcinoma,C0152013,0.8,
2264,lung adenocarcinoma,C0152013,0.8,
1136,lung adenocarcinoma,C0152013,0.8,
1012,lung neoplasm,C0024121,0.8,
4288,colonic neoplasm,C0009375,0.8,
2237,lung neoplasm,C0024121,0.8,
472,b cell lymphoma,C0079731,0.8,
3383,colonic neoplasm,C0009375,0.8,
2260,glioblastoma,C0017636,0.8,
2067,lung neoplasm,C0024121,0.8,
4524,lung neoplasm,C0024121,0.8,
5243,esophageal neoplasm,C0014859,0.8,
4353,lung neoplasm,C0024121,0.8,
6657,"neoplasm, bladder",C0005695,0.8,
4893,"neoplasm, rectal",C0034885,0.8,
355,lung neoplasm,C0024121,0.8,
356,lung neoplasm,C0024121,0.8,
4524,"neoplasm, rectal",C0034885,0.8,
8626,lung neoplasm,C0024121,0.8,
2952,esophageal neoplasm,C0014859,0.75,
4613,glioblastoma,C0017636,0.75,
5071,glioblastoma,C0017636,0.75,
81037,lung adenocarcinoma,C0152013,0.75,
10735,"neoplasm, bladder",C0005695,0.75,
1612,"neoplasm, bladder",C0005695,0.75,
7276,lung neoplasm,C0024121,0.75,
7508,lung neoplasm,C0024121,0.75,
1026,colonic neoplasm,C0009375,0.75,
4170,lung neoplasm,C0024121,0.75,
8842,colonic neoplasm,C0009375,0.75,
673,glioblastoma,C0017636,0.75,
5111,colonic neoplasm,C0009375,0.75,
2697,lung neoplasm,C0024121,0.75,
5747,glioblastoma,C0017636,0.75,
2065,lung adenocarcinoma,C0152013,0.75,
3091,"neoplasm, bladder",C0005695,0.75,
5894,lung neoplasm,C0024121,0.75,
27436,lung adenocarcinoma,C0152013,0.75,
324,lung neoplasm,C0024121,0.75,
2066,lung adenocarcinoma,C0152013,0.75,
27035,colonic neoplasm,C0009375,0.75,
5328,"neoplasm, bladder",C0005695,0.75,
5071,lung neoplasm,C0024121,0.75,
8626,lung adenocarcinoma,C0152013,0.75,
196,lung adenocarcinoma,C0152013,0.75,
4893,lung adenocarcinoma,C0152013,0.75,
8797,"neoplasm, bladder",C0005695,0.75,
1138,lung adenocarcinoma,C0152013,0.75,
4312,lung neoplasm,C0024121,0.75,
60,lung neoplasm,C0024121,0.75,
302,lung neoplasm,C0024121,0.75,
4843,colonic neoplasm,C0009375,0.75,
4763,glioblastoma,C0017636,0.75,
648,glioblastoma,C0017636,0.75,
3479,"neoplasm, bladder",C0005695,0.75,
1045,colonic neoplasm,C0009375,0.75,
6714,colonic neoplasm,C0009375,0.75,
3084,lung neoplasm,C0024121,0.75,
2668,glioblastoma,C0017636,0.75,
3679,colonic neoplasm,C0009375,0.75,
2065,colonic neoplasm,C0009375,0.75,
5970,colonic neoplasm,C0009375,0.75,
7077,"neoplasm, bladder",C0005695,0.75,
8678,lung neoplasm,C0024121,0.75,
6696,lung neoplasm,C0024121,0.75,
3727,lung neoplasm,C0024121,0.75,
100,lung neoplasm,C0024121,0.75,
1138,lung neoplasm,C0024121,0.75,
1019,"neoplasm, bladder",C0005695,0.75,
864,lung neoplasm,C0024121,0.75,
6241,lung adenocarcinoma,C0152013,0.75,
7270,lung adenocarcinoma,C0152013,0.75,
2952,"neoplasm, bladder",C0005695,0.75,
3091,astrocytoma,C0004114,0.75,
1612,lung neoplasm,C0024121,0.75,
2246,"neoplasm, bladder",C0005695,0.75,
4953,colonic neoplasm,C0009375,0.75,
1139,lung neoplasm,C0024121,0.75,
7298,colonic neoplasm,C0009375,0.75,
6774,colonic neoplasm,C0009375,0.75,
1432,lung neoplasm,C0024121,0.75,
2099,"neoplasm, bladder",C0005695,0.75,
1786,colonic neoplasm,C0009375,0.75,
3486,"neoplasm, bladder",C0005695,0.75,
5609,lung adenocarcinoma,C0152013,0.75,
5728,lung adenocarcinoma,C0152013,0.75,
2120,chronic myelomonocytic leukemia,C0023480,0.75,
2146,glioblastoma,C0017636,0.75,
29072,lung adenocarcinoma,C0152013,0.75,
4436,"neoplasm, bladder",C0005695,0.75,
2305,lung neoplasm,C0024121,0.75,
5740,lung neoplasm,C0024121,0.75,
1571,lung neoplasm,C0024121,0.75,
2353,lung neoplasm,C0024121,0.75,
328,"neoplasm, bladder",C0005695,0.75,
1543,esophageal neoplasm,C0014859,0.75,
7048,colonic neoplasm,C0009375,0.75,
4524,colonic neoplasm,C0009375,0.75,
3020,glioblastoma,C0017636,0.75,
2810,lung adenocarcinoma,C0152013,0.75,
7153,lung adenocarcinoma,C0152013,0.75,
4968,lung neoplasm,C0024121,0.75,
7048,lung neoplasm,C0024121,0.75,
2052,lung neoplasm,C0024121,0.75,
4436,"neoplasm, rectal",C0034885,0.75,
6774,"neoplasm, bladder",C0005695,0.75,
2354,lung neoplasm,C0024121,0.75,
472,glioblastoma,C0017636,0.75,
5468,colonic neoplasm,C0009375,0.75,
2100,"neoplasm, bladder",C0005695,0.75,
1728,"neoplasm, bladder",C0005695,0.75,
1136,lung neoplasm,C0024121,0.75,
4316,colonic neoplasm,C0009375,0.75,
4851,glioblastoma,C0017636,0.75,
1543,"neoplasm, bladder",C0005695,0.75,
4843,lung neoplasm,C0024121,0.75,
9817,lung adenocarcinoma,C0152013,0.75,
581,esophageal neoplasm,C0014859,0.75,
1544,lung neoplasm,C0024121,0.75,
4318,"neoplasm, bladder",C0005695,0.75,
217,esophageal neoplasm,C0014859,0.75,
3717,lung adenocarcinoma,C0152013,0.75,
1788,lung neoplasm,C0024121,0.75,
1026,lung neoplasm,C0024121,0.75,
9,"neoplasm, bladder",C0005695,0.75,
7515,"neoplasm, bladder",C0005695,0.75,
1440,"neoplasm, bladder",C0005695,0.75,
240,colonic neoplasm,C0009375,0.75,
7403,"neoplasm, bladder",C0005695,0.75,
6440,lung adenocarcinoma,C0152013,0.75,
8314,lung adenocarcinoma,C0152013,0.75,
2944,esophageal neoplasm,C0014859,0.75,
407035,lung neoplasm,C0024121,0.75,
7161,lung neoplasm,C0024121,0.75,
6714,"neoplasm, bladder",C0005695,0.75,
8743,colonic neoplasm,C0009375,0.75,
1027,lung neoplasm,C0024121,0.75,
1958,lung neoplasm,C0024121,0.75,
1135,lung neoplasm,C0024121,0.75,
3791,lung adenocarcinoma,C0152013,0.75,
5925,lung adenocarcinoma,C0152013,0.75,
3725,lung neoplasm,C0024121,0.75,
3481,colonic neoplasm,C0009375,0.75,
11009,lung neoplasm,C0024121,0.75,
6648,"neoplasm, bladder",C0005695,0.75,
4780,lung adenocarcinoma,C0152013,0.75,
5265,lung neoplasm,C0024121,0.75,
51176,colonic neoplasm,C0009375,0.75,
6657,lung adenocarcinoma,C0152013,0.75,
1030,"neoplasm, bladder",C0005695,0.75,
4361,colonic neoplasm,C0009375,0.75,
7042,lung adenocarcinoma,C0152013,0.75,
4072,colonic neoplasm,C0009375,0.75,
1956,gliosarcoma,C0206726,0.7,
3491,lung neoplasm,C0024121,0.7,
3791,esophageal neoplasm,C0014859,0.7,
2067,lung adenocarcinoma,C0152013,0.7,
7490,glioblastoma,C0017636,0.7,
2018,lung neoplasm,C0024121,0.7,
51738,esophageal neoplasm,C0014859,0.7,
4314,astrocytoma,C0004114,0.7,
3417,gliosarcoma,C0206726,0.7,
780,lung neoplasm,C0024121,0.7,
1806,lung neoplasm,C0024121,0.7,
5228,glioblastoma,C0017636,0.7,
6348,colonic neoplasm,C0009375,0.7,
7850,lung neoplasm,C0024121,0.7,
430,colonic neoplasm,C0009375,0.7,
1440,b cell lymphoma,C0079731,0.7,
3557,colonic neoplasm,C0009375,0.7,
3627,colonic neoplasm,C0009375,0.7,
3280,glioblastoma,C0017636,0.7,
4255,gliosarcoma,C0206726,0.7,
2260,astrocytoma,C0004114,0.7,
2932,"neoplasm, bladder",C0005695,0.7,
1030,chronic myelomonocytic leukemia,C0023480,0.7,
1026,"neoplasm, bladder",C0005695,0.7,
857,lung neoplasm,C0024121,0.7,
9429,b cell lymphoma,C0079731,0.7,
406938,lung neoplasm,C0024121,0.7,
3162,lung neoplasm,C0024121,0.7,
8743,glioblastoma,C0017636,0.7,
2876,"neoplasm, bladder",C0005695,0.7,
1143,lung neoplasm,C0024121,0.7,
7157,gliosarcoma,C0206726,0.7,
7248,astrocytoma,C0004114,0.7,
575,glioblastoma,C0017636,0.7,
8216,glioblastoma,C0017636,0.7,
4893,glioblastoma,C0017636,0.7,
2876,lung neoplasm,C0024121,0.7,
3579,"neoplasm, bladder",C0005695,0.7,
8000,"neoplasm, bladder",C0005695,0.7,
2321,lung adenocarcinoma,C0152013,0.7,
581,colonic neoplasm,C0009375,0.7,
841,lung neoplasm,C0024121,0.7,
898,"neoplasm, bladder",C0005695,0.7,
4921,lung adenocarcinoma,C0152013,0.7,
1441,chronic myelomonocytic leukemia,C0023480,0.7,
1788,chronic myelomonocytic leukemia,C0023480,0.7,
55259,lung neoplasm,C0024121,0.7,
6439,lung neoplasm,C0024121,0.7,
1806,colonic neoplasm,C0009375,0.7,
472,"neoplasm, bladder",C0005695,0.7,
8289,"neoplasm, bladder",C0005695,0.7,
1591,lung adenocarcinoma,C0152013,0.7,
3265,glioblastoma,C0017636,0.7,
81037,lung neoplasm,C0024121,0.7,
7403,chronic myelomonocytic leukemia,C0023480,0.7,
842,"neoplasm, bladder",C0005695,0.7,
5783,lung adenocarcinoma,C0152013,0.7,
4318,astrocytoma,C0004114,0.7,
1636,lung neoplasm,C0024121,0.7,
406937,"neoplasm, bladder",C0005695,0.7,
4893,b cell lymphoma,C0079731,0.65,
6648,esophageal neoplasm,C0014859,0.65,
219,colonic neoplasm,C0009375,0.65,
54739,colonic neoplasm,C0009375,0.65,
4057,colonic neoplasm,C0009375,0.65,
7052,glioblastoma,C0017636,0.65,
6659,"neoplasm, bladder",C0005695,0.65,
7078,"neoplasm, bladder",C0005695,0.65,
7097,"neoplasm, bladder",C0005695,0.65,
84171,"neoplasm, bladder",C0005695,0.65,
5915,lung adenocarcinoma,C0152013,0.65,
213,lung adenocarcinoma,C0152013,0.65,
3557,"neoplasm, bladder",C0005695,0.65,
5473,lung neoplasm,C0024121,0.65,
2,lung neoplasm,C0024121,0.65,
407029,lung neoplasm,C0024121,0.65,
4319,lung neoplasm,C0024121,0.65,
7249,lung neoplasm,C0024121,0.65,
9588,lung neoplasm,C0024121,0.65,
5268,colonic neoplasm,C0009375,0.65,
2821,lung adenocarcinoma,C0152013,0.65,
6654,lung adenocarcinoma,C0152013,0.65,
5447,"neoplasm, bladder",C0005695,0.65,
2729,lung neoplasm,C0024121,0.65,
11063,lung neoplasm,C0024121,0.65,
4361,"neoplasm, bladder",C0005695,0.65,
6580,colonic neoplasm,C0009375,0.65,
3662,lung neoplasm,C0024121,0.65,
983,"neoplasm, bladder",C0005695,0.65,
2641,colonic neoplasm,C0009375,0.65,
2950,astrocytoma,C0004114,0.65,
3456,"neoplasm, bladder",C0005695,0.65,
4504,"neoplasm, bladder",C0005695,0.65,
6648,lung adenocarcinoma,C0152013,0.65,
10863,lung adenocarcinoma,C0152013,0.65,
682,esophageal neoplasm,C0014859,0.65,
84700,lung neoplasm,C0024121,0.65,
2878,lung neoplasm,C0024121,0.65,
335,lung neoplasm,C0024121,0.65,
4082,lung neoplasm,C0024121,0.65,
1796,lung neoplasm,C0024121,0.65,
2355,lung neoplasm,C0024121,0.65,
8140,lung neoplasm,C0024121,0.65,
6662,lung neoplasm,C0024121,0.65,
5295,glioblastoma,C0017636,0.65,
23512,glioblastoma,C0017636,0.65,
2705,lung neoplasm,C0024121,0.65,
5371,glioblastoma,C0017636,0.65,
5781,lung adenocarcinoma,C0152013,0.65,
2520,lung neoplasm,C0024121,0.65,
11200,colonic neoplasm,C0009375,0.65,
6280,colonic neoplasm,C0009375,0.65,
688,"neoplasm, bladder",C0005695,0.65,
160728,colonic neoplasm,C0009375,0.65,
2323,glioblastoma,C0017636,0.65,
64151,lung adenocarcinoma,C0152013,0.65,
4255,"neoplasm, bladder",C0005695,0.65,
4436,lung adenocarcinoma,C0152013,0.65,
545,lung adenocarcinoma,C0152013,0.65,
55294,lung adenocarcinoma,C0152013,0.65,
8085,"neoplasm, bladder",C0005695,0.65,
1012,"neoplasm, bladder",C0005695,0.65,
11200,"neoplasm, bladder",C0005695,0.65,
7984,lung neoplasm,C0024121,0.65,
79930,lung neoplasm,C0024121,0.65,
1890,colonic neoplasm,C0009375,0.65,
2309,lung adenocarcinoma,C0152013,0.65,
4436,glioblastoma,C0017636,0.65,
1432,lung adenocarcinoma,C0152013,0.65,
55840,b cell lymphoma,C0079731,0.65,
3315,colonic neoplasm,C0009375,0.65,
1326,lung neoplasm,C0024121,0.65,
672,"neoplasm, bladder",C0005695,0.65,
4878,lung neoplasm,C0024121,0.65,
1890,"neoplasm, bladder",C0005695,0.65,
3158,colonic neoplasm,C0009375,0.65,
5052,lung neoplasm,C0024121,0.65,
4297,leukemia acute undifferentiated,C0280141,0.65,
2348,colonic neoplasm,C0009375,0.65,
11156,colonic neoplasm,C0009375,0.65,
1230,colonic neoplasm,C0009375,0.65,
1356,colonic neoplasm,C0009375,0.65,
5787,glioblastoma,C0017636,0.65,
2195,glioblastoma,C0017636,0.65,
5781,astrocytoma,C0004114,0.65,
4361,lung adenocarcinoma,C0152013,0.65,
3488,"neoplasm, bladder",C0005695,0.65,
360,"neoplasm, bladder",C0005695,0.65,
4548,"neoplasm, bladder",C0005695,0.65,
2042,lung adenocarcinoma,C0152013,0.65,
1030,lung adenocarcinoma,C0152013,0.65,
10979,"neoplasm, bladder",C0005695,0.65,
23671,"neoplasm, bladder",C0005695,0.65,
7515,lung adenocarcinoma,C0152013,0.65,
7046,"neoplasm, bladder",C0005695,0.65,
10863,lung neoplasm,C0024121,0.65,
8314,lung neoplasm,C0024121,0.65,
345,lung neoplasm,C0024121,0.65,
1490,lung neoplasm,C0024121,0.65,
2074,lung neoplasm,C0024121,0.65,
25898,lung neoplasm,C0024121,0.65,
23476,colonic neoplasm,C0009375,0.65,
27250,lung neoplasm,C0024121,0.65,
5291,glioblastoma,C0017636,0.65,
84864,lung neoplasm,C0024121,0.65,
4853,glioblastoma,C0017636,0.65,
6513,colonic neoplasm,C0009375,0.65,
6776,lung neoplasm,C0024121,0.65,
4170,lung adenocarcinoma,C0152013,0.65,
10919,lung neoplasm,C0024121,0.65,
5747,melanoma metastatic,C0278883,0.65,
50507,colonic neoplasm,C0009375,0.65,
356,"neoplasm, bladder",C0005695,0.65,
6678,colonic neoplasm,C0009375,0.65,
8743,lung adenocarcinoma,C0152013,0.65,
6817,"neoplasm, bladder",C0005695,0.65,
7498,"neoplasm, bladder",C0005695,0.65,
7167,lung adenocarcinoma,C0152013,0.65,
4915,lung adenocarcinoma,C0152013,0.65,
8651,"neoplasm, bladder",C0005695,0.65,
4519,"neoplasm, bladder",C0005695,0.65,
2044,lung adenocarcinoma,C0152013,0.65,
23476,glioblastoma,C0017636,0.65,
1755,glioblastoma,C0017636,0.65,
861,glioblastoma,C0017636,0.65,
182,lung neoplasm,C0024121,0.65,
1948,lung neoplasm,C0024121,0.65,
2254,lung neoplasm,C0024121,0.65,
6786,lung neoplasm,C0024121,0.65,
10253,lung neoplasm,C0024121,0.65,
11274,lung neoplasm,C0024121,0.65,
2146,chronic myelomonocytic leukemia,C0023480,0.65,
29108,lung neoplasm,C0024121,0.65,
2122,colonic neoplasm,C0009375,0.65,
79366,"neoplasm, bladder",C0005695,0.65,
9759,"neoplasm, bladder",C0005695,0.65,
407007,lung neoplasm,C0024121,0.65,
348,lung neoplasm,C0024121,0.65,
3718,b cell lymphoma,C0079731,0.65,
7157,"neoplasm, urologic",C0042076,0.6,
5770,b cell lymphoma,C0079731,0.6,
1588,esophageal neoplasm,C0014859,0.6,
1630,esophageal neoplasm,C0014859,0.6,
2810,esophageal neoplasm,C0014859,0.6,
331,esophageal neoplasm,C0014859,0.6,
406937,esophageal neoplasm,C0014859,0.6,
4323,esophageal neoplasm,C0014859,0.6,
56475,esophageal neoplasm,C0014859,0.6,
6591,esophageal neoplasm,C0014859,0.6,
7345,esophageal neoplasm,C0014859,0.6,
7158,colonic neoplasm,C0009375,0.6,
894,colonic neoplasm,C0009375,0.6,
28234,colonic neoplasm,C0009375,0.6,
26136,glioblastoma,C0017636,0.6,
1513,glioblastoma,C0017636,0.6,
1848,glioblastoma,C0017636,0.6,
4233,astrocytoma,C0004114,0.6,
10360,lung adenocarcinoma,C0152013,0.6,
5646,"neoplasm, bladder",C0005695,0.6,
58508,"neoplasm, bladder",C0005695,0.6,
688,lung adenocarcinoma,C0152013,0.6,
25865,lung adenocarcinoma,C0152013,0.6,
2597,lung adenocarcinoma,C0152013,0.6,
328,lung adenocarcinoma,C0152013,0.6,
361,lung adenocarcinoma,C0152013,0.6,
2954,"neoplasm, bladder",C0005695,0.6,
3205,"neoplasm, bladder",C0005695,0.6,
4016,"neoplasm, bladder",C0005695,0.6,
407006,"neoplasm, bladder",C0005695,0.6,
407018,"neoplasm, bladder",C0005695,0.6,
407050,"neoplasm, bladder",C0005695,0.6,
1580,"neoplasm, bladder",C0005695,0.6,
3921,lung adenocarcinoma,C0152013,0.6,
4089,lung adenocarcinoma,C0152013,0.6,
51602,lung adenocarcinoma,C0152013,0.6,
5530,lung adenocarcinoma,C0152013,0.6,
5591,lung adenocarcinoma,C0152013,0.6,
4800,lung neoplasm,C0024121,0.6,
4853,lung neoplasm,C0024121,0.6,
51750,lung neoplasm,C0024121,0.6,
5444,lung neoplasm,C0024121,0.6,
7367,lung neoplasm,C0024121,0.6,
7428,lung neoplasm,C0024121,0.6,
3399,lung neoplasm,C0024121,0.6,
578,colonic neoplasm,C0009375,0.6,
7001,esophageal neoplasm,C0014859,0.6,
387,lung adenocarcinoma,C0152013,0.6,
407042,lung neoplasm,C0024121,0.6,
8797,colonic neoplasm,C0009375,0.6,
5743,b cell lymphoma,C0079731,0.6,
7099,lung neoplasm,C0024121,0.6,
1755,colonic neoplasm,C0009375,0.6,
6364,colonic neoplasm,C0009375,0.6,
3303,"neoplasm, bladder",C0005695,0.6,
7158,glioblastoma,C0017636,0.6,
5423,colonic neoplasm,C0009375,0.6,
11197,"neoplasm, bladder",C0005695,0.6,
4968,lung adenocarcinoma,C0152013,0.6,
1592,colonic neoplasm,C0009375,0.6,
2255,lung adenocarcinoma,C0152013,0.6,
301,lung adenocarcinoma,C0152013,0.6,
3417,lung adenocarcinoma,C0152013,0.6,
330,"neoplasm, bladder",C0005695,0.6,
387,"neoplasm, bladder",C0005695,0.6,
406921,"neoplasm, bladder",C0005695,0.6,
4437,lung adenocarcinoma,C0152013,0.6,
4691,lung adenocarcinoma,C0152013,0.6,
58508,lung adenocarcinoma,C0152013,0.6,
5984,lung adenocarcinoma,C0152013,0.6,
6470,lung adenocarcinoma,C0152013,0.6,
6565,lung adenocarcinoma,C0152013,0.6,
1788,lung adenocarcinoma,C0152013,0.6,
1021,melanoma metastatic,C0278883,0.6,
864,esophageal neoplasm,C0014859,0.6,
1012,esophageal neoplasm,C0014859,0.6,
131,esophageal neoplasm,C0014859,0.6,
2023,esophageal neoplasm,C0014859,0.6,
9547,lung neoplasm,C0024121,0.6,
634,lung neoplasm,C0024121,0.6,
7037,lung neoplasm,C0024121,0.6,
406968,lung neoplasm,C0024121,0.6,
574434,lung neoplasm,C0024121,0.6,
2627,lung neoplasm,C0024121,0.6,
1028,lung neoplasm,C0024121,0.6,
8678,colonic neoplasm,C0009375,0.6,
9611,glioblastoma,C0017636,0.6,
4854,glioblastoma,C0017636,0.6,
2952,glioblastoma,C0017636,0.6,
10397,glioblastoma,C0017636,0.6,
3484,colonic neoplasm,C0009375,0.6,
10713,colonic neoplasm,C0009375,0.6,
1788,glioblastoma,C0017636,0.6,
6520,lung neoplasm,C0024121,0.6,
406902,lung neoplasm,C0024121,0.6,
894,lung adenocarcinoma,C0152013,0.6,
3717,"neoplasm, bladder",C0005695,0.6,
26524,lung adenocarcinoma,C0152013,0.6,
3280,colonic neoplasm,C0009375,0.6,
3082,astrocytoma,C0004114,0.6,
55294,glioblastoma,C0017636,0.6,
2778,lung adenocarcinoma,C0152013,0.6,
8434,colonic neoplasm,C0009375,0.6,
2324,melanoma metastatic,C0278883,0.6,
23462,glioblastoma,C0017636,0.6,
5426,glioblastoma,C0017636,0.6,
4915,astrocytoma,C0004114,0.6,
64841,lung adenocarcinoma,C0152013,0.6,
7273,lung adenocarcinoma,C0152013,0.6,
7307,lung adenocarcinoma,C0152013,0.6,
3838,lung adenocarcinoma,C0152013,0.6,
4001,lung adenocarcinoma,C0152013,0.6,
847,"neoplasm, bladder",C0005695,0.6,
2956,lung adenocarcinoma,C0152013,0.6,
29968,lung adenocarcinoma,C0152013,0.6,
324,lung adenocarcinoma,C0152013,0.6,
10460,"neoplasm, bladder",C0005695,0.6,
23600,"neoplasm, bladder",C0005695,0.6,
57412,lung neoplasm,C0024121,0.6,
442915,lung neoplasm,C0024121,0.6,
324,"neoplasm, rectal",C0034885,0.6,
153090,lung neoplasm,C0024121,0.6,
9113,lung adenocarcinoma,C0152013,0.6,
2099,astrocytoma,C0004114,0.6,
7248,"neoplasm, bladder",C0005695,0.6,
5292,glioblastoma,C0017636,0.6,
6275,colonic neoplasm,C0009375,0.6,
3757,colonic neoplasm,C0009375,0.6,
367,lung neoplasm,C0024121,0.6,
5423,"neoplasm, bladder",C0005695,0.6,
51426,glioblastoma,C0017636,0.6,
6046,glioblastoma,C0017636,0.6,
1440,esophageal neoplasm,C0014859,0.6,
2033,"neoplasm, bladder",C0005695,0.6,
6648,colonic neoplasm,C0009375,0.6,
2194,lung adenocarcinoma,C0152013,0.6,
928,glioblastoma,C0017636,0.6,
57447,colonic neoplasm,C0009375,0.6,
324,glioblastoma,C0017636,0.6,
4916,lung adenocarcinoma,C0152013,0.6,
2043,melanoma metastatic,C0278883,0.6,
406985,esophageal neoplasm,C0014859,0.6,
10000,glioblastoma,C0017636,0.6,
8314,colonic neoplasm,C0009375,0.6,
5071,colonic neoplasm,C0009375,0.6,
3014,glioblastoma,C0017636,0.6,
26524,astrocytoma,C0004114,0.6,
2944,astrocytoma,C0004114,0.6,
4000,lung adenocarcinoma,C0152013,0.6,
4869,lung adenocarcinoma,C0152013,0.6,
406892,"neoplasm, bladder",C0005695,0.6,
4353,"neoplasm, bladder",C0005695,0.6,
2023,lung adenocarcinoma,C0152013,0.6,
2909,lung adenocarcinoma,C0152013,0.6,
1553,lung adenocarcinoma,C0152013,0.6,
1387,"neoplasm, bladder",C0005695,0.6,
7083,lung adenocarcinoma,C0152013,0.6,
7099,lung adenocarcinoma,C0152013,0.6,
8408,lung adenocarcinoma,C0152013,0.6,
574452,"neoplasm, bladder",C0005695,0.6,
5874,"neoplasm, bladder",C0005695,0.6,
7037,"neoplasm, bladder",C0005695,0.6,
7364,"neoplasm, bladder",C0005695,0.6,
8314,"neoplasm, bladder",C0005695,0.6,
1108,lung neoplasm,C0024121,0.6,
5519,lung neoplasm,C0024121,0.6,
5757,lung neoplasm,C0024121,0.6,
5893,lung neoplasm,C0024121,0.6,
79365,lung neoplasm,C0024121,0.6,
407041,lung neoplasm,C0024121,0.6,
2202,lung neoplasm,C0024121,0.6,
4792,glioblastoma,C0017636,0.6,
7520,lung adenocarcinoma,C0152013,0.6,
4194,glioblastoma,C0017636,0.6,
2475,melanoma metastatic,C0278883,0.6,
10961,lung adenocarcinoma,C0152013,0.6,
3939,lung adenocarcinoma,C0152013,0.6,
3726,lung neoplasm,C0024121,0.6,
51592,lung adenocarcinoma,C0152013,0.6,
7490,colonic neoplasm,C0009375,0.6,
23028,colonic neoplasm,C0009375,0.6,
407008,colonic neoplasm,C0009375,0.6,
4171,colonic neoplasm,C0009375,0.6,
5608,colonic neoplasm,C0009375,0.6,
57412,"neoplasm, bladder",C0005695,0.6,
5873,"neoplasm, bladder",C0005695,0.6,
4292,lung adenocarcinoma,C0152013,0.6,
51280,lung adenocarcinoma,C0152013,0.6,
5308,lung adenocarcinoma,C0152013,0.6,
53353,lung adenocarcinoma,C0152013,0.6,
9611,"neoplasm, bladder",C0005695,0.6,
2735,"neoplasm, bladder",C0005695,0.6,
3149,"neoplasm, bladder",C0005695,0.6,
406962,"neoplasm, bladder",C0005695,0.6,
407055,"neoplasm, bladder",C0005695,0.6,
119391,"neoplasm, bladder",C0005695,0.6,
2052,"neoplasm, bladder",C0005695,0.6,
28969,lung adenocarcinoma,C0152013,0.6,
3099,lung adenocarcinoma,C0152013,0.6,
3178,lung adenocarcinoma,C0152013,0.6,
3958,esophageal neoplasm,C0014859,0.6,
4843,esophageal neoplasm,C0014859,0.6,
7517,esophageal neoplasm,C0014859,0.6,
182,glioblastoma,C0017636,0.6,
864,glioblastoma,C0017636,0.6,
3659,lung neoplasm,C0024121,0.6,
563,lung neoplasm,C0024121,0.6,
6091,lung neoplasm,C0024121,0.6,
1363,lung neoplasm,C0024121,0.6,
1027,"neoplasm, rectal",C0034885,0.6,
6414,lung neoplasm,C0024121,0.6,
407054,colonic neoplasm,C0009375,0.6,
407054,lung neoplasm,C0024121,0.6,
2100,astrocytoma,C0004114,0.6,
841,esophageal neoplasm,C0014859,0.6,
94081,lung adenocarcinoma,C0152013,0.6,
3978,"neoplasm, bladder",C0005695,0.6,
369,lung adenocarcinoma,C0152013,0.6,
72,colonic neoplasm,C0009375,0.6,
114548,lung adenocarcinoma,C0152013,0.6,
4904,colonic neoplasm,C0009375,0.6,
4851,astrocytoma,C0004114,0.6,
6876,colonic neoplasm,C0009375,0.6,
6934,colonic neoplasm,C0009375,0.6,
6647,"neoplasm, bladder",C0005695,0.6,
811,lung adenocarcinoma,C0152013,0.6,
267,"neoplasm, bladder",C0005695,0.6,
6125,glioblastoma,C0017636,0.6,
84557,glioblastoma,C0017636,0.6,
5727,lung adenocarcinoma,C0152013,0.6,
2153,colonic neoplasm,C0009375,0.6,
11178,esophageal neoplasm,C0014859,0.6,
7048,esophageal neoplasm,C0014859,0.6,
57670,astrocytoma,C0004114,0.6,
409,glioblastoma,C0017636,0.55,
7515,glioblastoma,C0017636,0.55,
11200,astrocytoma,C0004114,0.55,
8312,"neoplasm, bladder",C0005695,0.55,
8405,lung adenocarcinoma,C0152013,0.55,
8553,glioblastoma,C0017636,0.55,
406935,b cell lymphoma,C0079731,0.55,
3148,lung adenocarcinoma,C0152013,0.55,
2026,"neoplasm, bladder",C0005695,0.55,
65125,lung adenocarcinoma,C0152013,0.55,
7850,esophageal neoplasm,C0014859,0.55,
4297,"neoplasm, bladder",C0005695,0.55,
1108,lung adenocarcinoma,C0152013,0.55,
9046,lung neoplasm,C0024121,0.55,
160492,lung neoplasm,C0024121,0.55,
2638,lung neoplasm,C0024121,0.55,
2920,esophageal neoplasm,C0014859,0.55,
1789,lung adenocarcinoma,C0152013,0.55,
727897,"neoplasm, bladder",C0005695,0.55,
1143,lung adenocarcinoma,C0152013,0.55,
5599,"neoplasm, rectal",C0034885,0.55,
9475,melanoma metastatic,C0278883,0.5,
11184,melanoma metastatic,C0278883,0.5,
5591,melanoma metastatic,C0278883,0.5,
6317,esophageal neoplasm,C0014859,0.5,
23186,colonic neoplasm,C0009375,0.5,
2355,glioblastoma,C0017636,0.5,
2898,glioblastoma,C0017636,0.5,
367,astrocytoma,C0004114,0.5,
9113,astrocytoma,C0004114,0.5,
10397,astrocytoma,C0004114,0.5,
10110,lung adenocarcinoma,C0152013,0.5,
8821,"neoplasm, bladder",C0005695,0.5,
9700,"neoplasm, bladder",C0005695,0.5,
93986,lung adenocarcinoma,C0152013,0.5,
6573,"neoplasm, bladder",C0005695,0.5,
7874,"neoplasm, bladder",C0005695,0.5,
5921,lung adenocarcinoma,C0152013,0.5,
639,lung adenocarcinoma,C0152013,0.5,
7508,lung adenocarcinoma,C0152013,0.5,
3615,lung adenocarcinoma,C0152013,0.5,
3654,lung adenocarcinoma,C0152013,0.5,
3658,lung adenocarcinoma,C0152013,0.5,
3768,"neoplasm, bladder",C0005695,0.5,
4489,"neoplasm, bladder",C0005695,0.5,
11243,"neoplasm, bladder",C0005695,0.5,
51366,lung adenocarcinoma,C0152013,0.5,
567,lung adenocarcinoma,C0152013,0.5,
794,"neoplasm, peritoneal",C0031149,0.5,
51363,lung neoplasm,C0024121,0.5,
51614,lung neoplasm,C0024121,0.5,
574452,lung neoplasm,C0024121,0.5,
400931,lung neoplasm,C0024121,0.5,
9635,lung neoplasm,C0024121,0.5,
80196,colonic neoplasm,C0009375,0.5,
2547,lung adenocarcinoma,C0152013,0.5,
8202,astrocytoma,C0004114,0.5,
4321,colonic neoplasm,C0009375,0.5,
8991,lung neoplasm,C0024121,0.5,
944,b cell lymphoma,C0079731,0.5,
9922,lung adenocarcinoma,C0152013,0.5,
2182,lung adenocarcinoma,C0152013,0.5,
27330,lung adenocarcinoma,C0152013,0.5,
2791,lung adenocarcinoma,C0152013,0.5,
1559,"neoplasm, bladder",C0005695,0.5,
54894,lung adenocarcinoma,C0152013,0.5,
5533,"neoplasm, bladder",C0005695,0.5,
84181,"neoplasm, bladder",C0005695,0.5,
6240,lung adenocarcinoma,C0152013,0.5,
63826,lung adenocarcinoma,C0152013,0.5,
6795,lung adenocarcinoma,C0152013,0.5,
116113,lung adenocarcinoma,C0152013,0.5,
157570,lung adenocarcinoma,C0152013,0.5,
6794,melanoma metastatic,C0278883,0.5,
9448,lung neoplasm,C0024121,0.5,
9728,lung neoplasm,C0024121,0.5,
771,lung neoplasm,C0024121,0.5,
10063,lung neoplasm,C0024121,0.5,
1291,lung neoplasm,C0024121,0.5,
8425,glioblastoma,C0017636,0.5,
1776,lung neoplasm,C0024121,0.5,
2046,melanoma metastatic,C0278883,0.5,
900,lung neoplasm,C0024121,0.5,
5654,lung adenocarcinoma,C0152013,0.5,
590,glioblastoma,C0017636,0.5,
1670,colonic neoplasm,C0009375,0.5,
7372,colonic neoplasm,C0009375,0.5,
873,colonic neoplasm,C0009375,0.5,
538,colonic neoplasm,C0009375,0.5,
5981,colonic neoplasm,C0009375,0.5,
7128,esophageal neoplasm,C0014859,0.5,
7168,esophageal neoplasm,C0014859,0.5,
2597,esophageal neoplasm,C0014859,0.5,
27113,esophageal neoplasm,C0014859,0.5,
51741,esophageal neoplasm,C0014859,0.5,
3702,melanoma metastatic,C0278883,0.5,
7422,"neoplasm, urologic",C0042076,0.5,
90,astrocytoma,C0004114,0.5,
5832,lung adenocarcinoma,C0152013,0.5,
3950,lung adenocarcinoma,C0152013,0.5,
406914,lung adenocarcinoma,C0152013,0.5,
8320,"neoplasm, bladder",C0005695,0.5,
2046,lung adenocarcinoma,C0152013,0.5,
2081,lung adenocarcinoma,C0152013,0.5,
3070,lung adenocarcinoma,C0152013,0.5,
3761,lung adenocarcinoma,C0152013,0.5,
2175,"neoplasm, bladder",C0005695,0.5,
10266,lung neoplasm,C0024121,0.5,
4293,melanoma metastatic,C0278883,0.5,
11197,esophageal neoplasm,C0014859,0.5,
5052,esophageal neoplasm,C0014859,0.5,
5245,esophageal neoplasm,C0014859,0.5,
10408,glioblastoma,C0017636,0.5,
2203,colonic neoplasm,C0009375,0.5,
51347,lung adenocarcinoma,C0152013,0.5,
2033,lung adenocarcinoma,C0152013,0.5,
23521,lung adenocarcinoma,C0152013,0.5,
10188,lung adenocarcinoma,C0152013,0.5,
10535,lung adenocarcinoma,C0152013,0.5,
2072,"neoplasm, bladder",C0005695,0.5,
6182,lung adenocarcinoma,C0152013,0.5,
6304,lung adenocarcinoma,C0152013,0.5,
5444,"neoplasm, bladder",C0005695,0.5,
65975,anaplastic lung carcinoma,C0345958,0.5,
664616,lung neoplasm,C0024121,0.5,
7253,lung neoplasm,C0024121,0.5,
407009,lung neoplasm,C0024121,0.5,
4163,"neoplasm, rectal",C0034885,0.5,
4502,"neoplasm, bladder",C0005695,0.5,
6817,colonic neoplasm,C0009375,0.5,
51341,glioblastoma,C0017636,0.5,
5156,melanoma metastatic,C0278883,0.5,
1410,colonic neoplasm,C0009375,0.5,
3868,"neoplasm, bladder",C0005695,0.5,
1234,colonic neoplasm,C0009375,0.5,
8671,lung adenocarcinoma,C0152013,0.5,
7799,"neoplasm, bladder",C0005695,0.5,
574451,lung adenocarcinoma,C0152013,0.5,
8092,lung adenocarcinoma,C0152013,0.5,
4222,lung adenocarcinoma,C0152013,0.5,
463,lung adenocarcinoma,C0152013,0.5,
51303,lung adenocarcinoma,C0152013,0.5,
5610,lung adenocarcinoma,C0152013,0.5,
26986,"neoplasm, bladder",C0005695,0.5,
6790,melanoma metastatic,C0278883,0.5,
406937,b cell lymphoma,C0079731,0.5,
220972,esophageal neoplasm,C0014859,0.5,
246,esophageal neoplasm,C0014859,0.5,
27030,esophageal neoplasm,C0014859,0.5,
4853,astrocytoma,C0004114,0.5,
3020,astrocytoma,C0004114,0.5,
7422,gliosarcoma,C0206726,0.5,
51593,glioblastoma,C0017636,0.5,
81610,glioblastoma,C0017636,0.5,
3476,lung neoplasm,C0024121,0.5,
406914,lung neoplasm,C0024121,0.5,
406927,lung neoplasm,C0024121,0.5,
28234,lung neoplasm,C0024121,0.5,
5654,lung neoplasm,C0024121,0.5,
60529,lung neoplasm,C0024121,0.5,
51755,lung adenocarcinoma,C0152013,0.5,
7011,lung neoplasm,C0024121,0.5,
8260,lung adenocarcinoma,C0152013,0.5,
2878,esophageal neoplasm,C0014859,0.5,
30011,colonic neoplasm,C0009375,0.5,
762,colonic neoplasm,C0009375,0.5,
9448,lung adenocarcinoma,C0152013,0.45,
4509,"neoplasm, bladder",C0005695,0.45,
4536,"neoplasm, bladder",C0005695,0.45,
517,"neoplasm, bladder",C0005695,0.45,
5002,lung adenocarcinoma,C0152013,0.45,
993,"neoplasm, bladder",C0005695,0.45,
6416,"neoplasm, bladder",C0005695,0.45,
6817,lung adenocarcinoma,C0152013,0.45,
8313,lung adenocarcinoma,C0152013,0.45,
2395,glioblastoma,C0017636,0.45,
5795,lung adenocarcinoma,C0152013,0.45,
5395,"neoplasm, bladder",C0005695,0.45,
1616,appendiceal neoplasm,C0003614,0.45,
6046,b cell lymphoma,C0079731,0.45,
3700,colonic neoplasm,C0009375,0.45,
50615,b cell lymphoma,C0079731,0.45,
6817,"neoplasm, urologic",C0042076,0.45,
51741,"neoplasm, urologic",C0042076,0.4,
2898,esophageal neoplasm,C0014859,0.4,
65266,melanoma metastatic,C0278883,0.4,
7273,melanoma metastatic,C0278883,0.4,
9706,melanoma metastatic,C0278883,0.4,
115701,melanoma metastatic,C0278883,0.4,
131890,melanoma metastatic,C0278883,0.4,
150094,melanoma metastatic,C0278883,0.4,
2045,melanoma metastatic,C0278883,0.4,
55351,melanoma metastatic,C0278883,0.4,
5584,melanoma metastatic,C0278883,0.4,
6750,esophageal neoplasm,C0014859,0.4,
90355,esophageal neoplasm,C0014859,0.4,
5468,gliosarcoma,C0206726,0.4,
2898,colonic neoplasm,C0009375,0.4,
346288,glioblastoma,C0017636,0.4,
3714,glioblastoma,C0017636,0.4,
1475,glioblastoma,C0017636,0.4,
160140,glioblastoma,C0017636,0.4,
902,glioblastoma,C0017636,0.4,
8085,astrocytoma,C0004114,0.4,
10146,astrocytoma,C0004114,0.4,
10528,lung adenocarcinoma,C0152013,0.4,
126806658,lung adenocarcinoma,C0152013,0.4,
138474,lung adenocarcinoma,C0152013,0.4,
1387,lung adenocarcinoma,C0152013,0.4,
1678,lung adenocarcinoma,C0152013,0.4,
1687,lung adenocarcinoma,C0152013,0.4,
84700,lung adenocarcinoma,C0152013,0.4,
8890,lung adenocarcinoma,C0152013,0.4,
9304,lung adenocarcinoma,C0152013,0.4,
9332,lung adenocarcinoma,C0152013,0.4,
55252,"neoplasm, bladder",C0005695,0.4,
8394,"neoplasm, bladder",C0005695,0.4,
6723,lung adenocarcinoma,C0152013,0.4,
8125,lung adenocarcinoma,C0152013,0.4,
226,lung adenocarcinoma,C0152013,0.4,
240,lung adenocarcinoma,C0152013,0.4,
242,lung adenocarcinoma,C0152013,0.4,
29098,lung adenocarcinoma,C0152013,0.4,
335,lung adenocarcinoma,C0152013,0.4,
3646,lung adenocarcinoma,C0152013,0.4,
3656,lung adenocarcinoma,C0152013,0.4,
27127,"neoplasm, bladder",C0005695,0.4,
3908,"neoplasm, bladder",C0005695,0.4,
4342,lung adenocarcinoma,C0152013,0.4,
55342,lung adenocarcinoma,C0152013,0.4,
55783,lung adenocarcinoma,C0152013,0.4,
2260,anaplastic lung carcinoma,C0345958,0.4,
27330,anaplastic lung carcinoma,C0345958,0.4,
6098,anaplastic lung carcinoma,C0345958,0.4,
814,anaplastic lung carcinoma,C0345958,0.4,
84630,anaplastic lung carcinoma,C0345958,0.4,
2315,"neoplasm, peritoneal",C0031149,0.4,
4162,"neoplasm, peritoneal",C0031149,0.4,
475,lung neoplasm,C0024121,0.4,
51092,lung neoplasm,C0024121,0.4,
574413,lung neoplasm,C0024121,0.4,
60673,lung neoplasm,C0024121,0.4,
27044,lung neoplasm,C0024121,0.4,
2886,lung neoplasm,C0024121,0.4,
29923,lung neoplasm,C0024121,0.4,
3950,lung neoplasm,C0024121,0.4,
4354,lung neoplasm,C0024121,0.4,
4583,"neoplasm, rectal",C0034885,0.4,
10592,lung neoplasm,C0024121,0.4,
1066,lung neoplasm,C0024121,0.4,
8635,lung neoplasm,C0024121,0.4,
8880,lung neoplasm,C0024121,0.4,
9922,lung neoplasm,C0024121,0.4,
29950,colonic neoplasm,C0009375,0.4,
242,colonic neoplasm,C0009375,0.4,
10765,colonic neoplasm,C0009375,0.4,
143,colonic neoplasm,C0009375,0.4,
8320,colonic neoplasm,C0009375,0.4,
8314,astrocytoma,C0004114,0.4,
10683,astrocytoma,C0004114,0.4,
85481,lung adenocarcinoma,C0152013,0.4,
8728,lung adenocarcinoma,C0152013,0.4,
9497,lung adenocarcinoma,C0152013,0.4,
9748,lung adenocarcinoma,C0152013,0.4,
23212,lung adenocarcinoma,C0152013,0.4,
23556,lung adenocarcinoma,C0152013,0.4,
26519,lung adenocarcinoma,C0152013,0.4,
3315,lung adenocarcinoma,C0152013,0.4,
3726,lung adenocarcinoma,C0152013,0.4,
10723,"neoplasm, bladder",C0005695,0.4,
50807,"neoplasm, bladder",C0005695,0.4,
3843,lung adenocarcinoma,C0152013,0.4,
389840,lung adenocarcinoma,C0152013,0.4,
5518,lung adenocarcinoma,C0152013,0.4,
56342,lung adenocarcinoma,C0152013,0.4,
5690,"neoplasm, bladder",C0005695,0.4,
6599,lung adenocarcinoma,C0152013,0.4,
6637,lung adenocarcinoma,C0152013,0.4,
7371,lung adenocarcinoma,C0152013,0.4,
7409,lung adenocarcinoma,C0152013,0.4,
83743,lung adenocarcinoma,C0152013,0.4,
10171,lung adenocarcinoma,C0152013,0.4,
11051,lung adenocarcinoma,C0152013,0.4,
140803,lung adenocarcinoma,C0152013,0.4,
1454,lung adenocarcinoma,C0152013,0.4,
152110,melanoma metastatic,C0278883,0.4,
202374,melanoma metastatic,C0278883,0.4,
22983,melanoma metastatic,C0278883,0.4,
389840,melanoma metastatic,C0278883,0.4,
4919,melanoma metastatic,C0278883,0.4,
57410,melanoma metastatic,C0278883,0.4,
6872,melanoma metastatic,C0278883,0.4,
7204,melanoma metastatic,C0278883,0.4,
2272,"neoplasm, urologic",C0042076,0.4,
4968,"neoplasm, urologic",C0042076,0.4,
545,"neoplasm, urologic",C0042076,0.4,
597,esophageal neoplasm,C0014859,0.4,
902,esophageal neoplasm,C0014859,0.4,
25,esophageal neoplasm,C0014859,0.4,
8572,lung neoplasm,C0024121,0.4,
80157,lung neoplasm,C0024121,0.4,
810,lung neoplasm,C0024121,0.4,
23462,lung neoplasm,C0024121,0.4,
1562,gliosarcoma,C0206726,0.4,
5447,gliosarcoma,C0206726,0.4,
1387,glioblastoma,C0017636,0.4,
1501,glioblastoma,C0017636,0.4,
65084,glioblastoma,C0017636,0.4,
8434,glioblastoma,C0017636,0.4,
2475,anaplastic lung carcinoma,C0345958,0.4,
255239,anaplastic lung carcinoma,C0345958,0.4,
4916,anaplastic lung carcinoma,C0345958,0.4,
4921,anaplastic lung carcinoma,C0345958,0.4,
85443,anaplastic lung carcinoma,C0345958,0.4,
4582,"neoplasm, peritoneal",C0031149,0.4,
6513,"neoplasm, peritoneal",C0031149,0.4,
1555,gliosarcoma,C0206726,0.4,
5020,colonic neoplasm,C0009375,0.4,
406904,lung neoplasm,C0024121,0.4,
407054,esophageal neoplasm,C0014859,0.4,
7442,"neoplasm, bladder",C0005695,0.4,
4224,colonic neoplasm,C0009375,0.4,
6566,colonic neoplasm,C0009375,0.4,
8668,colonic neoplasm,C0009375,0.4,
60,esophageal neoplasm,C0014859,0.4,
60487,esophageal neoplasm,C0014859,0.4,
6049,esophageal neoplasm,C0014859,0.4,
7284,esophageal neoplasm,C0014859,0.4,
360,esophageal neoplasm,C0014859,0.4,
6416,melanoma metastatic,C0278883,0.4,
79834,melanoma metastatic,C0278883,0.4,
11329,melanoma metastatic,C0278883,0.4,
57538,melanoma metastatic,C0278883,0.4,
6196,melanoma metastatic,C0278883,0.4,
3236,glioblastoma,C0017636,0.4,
90355,glioblastoma,C0017636,0.4,
10221,anaplastic lung carcinoma,C0345958,0.4,
167359,anaplastic lung carcinoma,C0345958,0.4,
2042,anaplastic lung carcinoma,C0345958,0.4,
2044,anaplastic lung carcinoma,C0345958,0.4,
57538,anaplastic lung carcinoma,C0345958,0.4,
7273,anaplastic lung carcinoma,C0345958,0.4,
8295,anaplastic lung carcinoma,C0345958,0.4,
84446,anaplastic lung carcinoma,C0345958,0.4,
84700,anaplastic lung carcinoma,C0345958,0.4,
595,"neoplasm, urologic",C0042076,0.4,
65250,astrocytoma,C0004114,0.4,
57492,astrocytoma,C0004114,0.4,
60529,lung adenocarcinoma,C0152013,0.4,
64969,lung adenocarcinoma,C0152013,0.4,
7006,lung adenocarcinoma,C0152013,0.4,
7018,lung adenocarcinoma,C0152013,0.4,
79890,lung adenocarcinoma,C0152013,0.4,
8048,lung adenocarcinoma,C0152013,0.4,
814,lung adenocarcinoma,C0152013,0.4,
84444,lung adenocarcinoma,C0152013,0.4,
8761,lung adenocarcinoma,C0152013,0.4,
8971,lung adenocarcinoma,C0152013,0.4,
84966,"neoplasm, bladder",C0005695,0.4,
8836,"neoplasm, bladder",C0005695,0.4,
9649,"neoplasm, bladder",C0005695,0.4,
341568,"neoplasm, bladder",C0005695,0.4,
3670,"neoplasm, bladder",C0005695,0.4,
513,"neoplasm, bladder",C0005695,0.4,
51479,"neoplasm, bladder",C0005695,0.4,
5092,lung adenocarcinoma,C0152013,0.4,
51082,lung adenocarcinoma,C0152013,0.4,
55681,lung adenocarcinoma,C0152013,0.4,
5819,"neoplasm, bladder",C0005695,0.4,
8243,"neoplasm, bladder",C0005695,0.4,
2242,lung adenocarcinoma,C0152013,0.4,
2618,lung adenocarcinoma,C0152013,0.4,
26750,lung adenocarcinoma,C0152013,0.4,
3028,lung adenocarcinoma,C0152013,0.4,
3360,lung adenocarcinoma,C0152013,0.4,
140767,"neoplasm, bladder",C0005695,0.4,
1463,"neoplasm, bladder",C0005695,0.4,
255022,"neoplasm, bladder",C0005695,0.4,
253559,astrocytoma,C0004114,0.4,
10460,gliosarcoma,C0206726,0.4,
2261,gliosarcoma,C0206726,0.4,
115399,glioblastoma,C0017636,0.4,
159989,glioblastoma,C0017636,0.4,
10630,"neoplasm, peritoneal",C0031149,0.4,
1499,"neoplasm, peritoneal",C0031149,0.4,
6599,lung neoplasm,C0024121,0.4,
5002,lung neoplasm,C0024121,0.4,
288,lung neoplasm,C0024121,0.4,
1212,lung neoplasm,C0024121,0.4,
3399,colonic neoplasm,C0009375,0.4,
57381,colonic neoplasm,C0009375,0.4,
2982,colonic neoplasm,C0009375,0.4,
23060,"neoplasm, bladder",C0005695,0.4,
23236,colonic neoplasm,C0009375,0.4,
2949,colonic neoplasm,C0009375,0.4,
23178,melanoma metastatic,C0278883,0.4,
2534,melanoma metastatic,C0278883,0.4,
55437,melanoma metastatic,C0278883,0.4,
2788,esophageal neoplasm,C0014859,0.4,
7052,esophageal neoplasm,C0014859,0.4,
658,melanoma metastatic,C0278883,0.4,
6792,melanoma metastatic,C0278883,0.4,
9149,melanoma metastatic,C0278883,0.4,
2260,gliosarcoma,C0206726,0.4,
4792,gliosarcoma,C0206726,0.4,
6867,gliosarcoma,C0206726,0.4,
8216,gliosarcoma,C0206726,0.4,
1476,glioblastoma,C0017636,0.4,
116844,colonic neoplasm,C0009375,0.4,
160140,colonic neoplasm,C0009375,0.4,
60487,colonic neoplasm,C0009375,0.4,
55379,glioblastoma,C0017636,0.4,
8289,astrocytoma,C0004114,0.4,
383,lung adenocarcinoma,C0152013,0.4,
4736,lung adenocarcinoma,C0152013,0.4,
4750,lung adenocarcinoma,C0152013,0.4,
54433,lung adenocarcinoma,C0152013,0.4,
57144,lung adenocarcinoma,C0152013,0.4,
57188,lung adenocarcinoma,C0152013,0.4,
407041,"neoplasm, bladder",C0005695,0.4,
4108,"neoplasm, bladder",C0005695,0.4,
43,"neoplasm, bladder",C0005695,0.4,
2091,lung adenocarcinoma,C0152013,0.4,
22948,lung adenocarcinoma,C0152013,0.4,
27102,lung adenocarcinoma,C0152013,0.4,
27347,lung adenocarcinoma,C0152013,0.4,
2986,lung adenocarcinoma,C0152013,0.4,
308,lung adenocarcinoma,C0152013,0.4,
3098,lung adenocarcinoma,C0152013,0.4,
3645,lung adenocarcinoma,C0152013,0.4,
100507500,lung adenocarcinoma,C0152013,0.4,
10476,lung adenocarcinoma,C0152013,0.4,
2186,"neoplasm, bladder",C0005695,0.4,
225689,"neoplasm, bladder",C0005695,0.4,
8711,lung adenocarcinoma,C0152013,0.4,
931,lung adenocarcinoma,C0152013,0.4,
9625,lung adenocarcinoma,C0152013,0.4,
6173,lung adenocarcinoma,C0152013,0.4,
6573,lung adenocarcinoma,C0152013,0.4,
79711,lung adenocarcinoma,C0152013,0.4,
81037,"neoplasm, bladder",C0005695,0.4,
10746,anaplastic lung carcinoma,C0345958,0.4,
140803,anaplastic lung carcinoma,C0345958,0.4,
25,anaplastic lung carcinoma,C0345958,0.4,
4750,anaplastic lung carcinoma,C0345958,0.4,
695,anaplastic lung carcinoma,C0345958,0.4,
8573,anaplastic lung carcinoma,C0345958,0.4,
116285,lung neoplasm,C0024121,0.4,
8517,lung neoplasm,C0024121,0.4,
55076,lung neoplasm,C0024121,0.4,
60370,lung neoplasm,C0024121,0.4,
710,lung neoplasm,C0024121,0.4,
7306,lung neoplasm,C0024121,0.4,
79991,lung neoplasm,C0024121,0.4,
3280,lung neoplasm,C0024121,0.4,
1938,lung neoplasm,C0024121,0.4,
2535,colonic neoplasm,C0009375,0.4,
781,colonic neoplasm,C0009375,0.4,
1592,esophageal neoplasm,C0014859,0.4,
7170,colonic neoplasm,C0009375,0.4,
2596,colonic neoplasm,C0009375,0.4,
4129,colonic neoplasm,C0009375,0.4,
3306,colonic neoplasm,C0009375,0.4,
59,colonic neoplasm,C0009375,0.4,
6573,colonic neoplasm,C0009375,0.4,
79728,colonic neoplasm,C0009375,0.4,
902,colonic neoplasm,C0009375,0.4,
90355,colonic neoplasm,C0009375,0.4,
3604,colonic neoplasm,C0009375,0.4,
8801,lung adenocarcinoma,C0152013,0.4,
8893,lung adenocarcinoma,C0152013,0.4,
574455,"neoplasm, bladder",C0005695,0.4,
693124,"neoplasm, bladder",C0005695,0.4,
6157,lung adenocarcinoma,C0152013,0.4,
822,lung adenocarcinoma,C0152013,0.4,
57211,lung adenocarcinoma,C0152013,0.4,
290,"neoplasm, bladder",C0005695,0.4,
374887,"neoplasm, bladder",C0005695,0.4,
146177,"neoplasm, bladder",C0005695,0.4,
1586,"neoplasm, bladder",C0005695,0.4,
26259,"neoplasm, bladder",C0005695,0.4,
191,lung adenocarcinoma,C0152013,0.4,
1967,lung adenocarcinoma,C0152013,0.4,
2358,lung adenocarcinoma,C0152013,0.4,
283455,lung adenocarcinoma,C0152013,0.4,
10144,lung adenocarcinoma,C0152013,0.4,
10452,lung adenocarcinoma,C0152013,0.4,
10769,lung adenocarcinoma,C0152013,0.4,
10922,lung adenocarcinoma,C0152013,0.4,
115399,lung adenocarcinoma,C0152013,0.4,
130002133,lung adenocarcinoma,C0152013,0.4,
84446,melanoma metastatic,C0278883,0.4,
84630,melanoma metastatic,C0278883,0.4,
8536,melanoma metastatic,C0278883,0.4,
9175,melanoma metastatic,C0278883,0.4,
9943,melanoma metastatic,C0278883,0.4,
2050,melanoma metastatic,C0278883,0.4,
2984,melanoma metastatic,C0278883,0.4,
3000,melanoma metastatic,C0278883,0.4,
4294,melanoma metastatic,C0278883,0.4,
5585,melanoma metastatic,C0278883,0.4,
5587,melanoma metastatic,C0278883,0.4,
57144,melanoma metastatic,C0278883,0.4,
11214,esophageal neoplasm,C0014859,0.4,
1410,esophageal neoplasm,C0014859,0.4,
148867,esophageal neoplasm,C0014859,0.4,
4215,esophageal neoplasm,C0014859,0.4,
4846,esophageal neoplasm,C0014859,0.4,
56950,esophageal neoplasm,C0014859,0.4,
7171,esophageal neoplasm,C0014859,0.4,
8797,esophageal neoplasm,C0014859,0.4,
8856,esophageal neoplasm,C0014859,0.4,
2044,astrocytoma,C0004114,0.4,
23462,astrocytoma,C0004114,0.4,
23493,astrocytoma,C0004114,0.4,
7073,astrocytoma,C0004114,0.4,
346288,gliosarcoma,C0206726,0.4,
387775,glioblastoma,C0017636,0.4,
60487,glioblastoma,C0017636,0.4,
22853,anaplastic lung carcinoma,C0345958,0.4,
545,anaplastic lung carcinoma,C0345958,0.4,
65267,anaplastic lung carcinoma,C0345958,0.4,
660,anaplastic lung carcinoma,C0345958,0.4,
9113,anaplastic lung carcinoma,C0345958,0.4,
9578,anaplastic lung carcinoma,C0345958,0.4,
10643,"neoplasm, peritoneal",C0031149,0.4,
7431,"neoplasm, peritoneal",C0031149,0.4,
7490,"neoplasm, peritoneal",C0031149,0.4,
1066,malignant gastrointestinal tract tumors,C0685938,0.4,
3423,lung neoplasm,C0024121,0.4,
406946,lung neoplasm,C0024121,0.4,
5229,lung neoplasm,C0024121,0.4,
9592,lung neoplasm,C0024121,0.4,
10071,lung neoplasm,C0024121,0.4,
55840,lung neoplasm,C0024121,0.4,
5742,esophageal neoplasm,C0014859,0.4,
5121,colonic neoplasm,C0009375,0.4,
6941,colonic neoplasm,C0009375,0.4,
1158,colonic neoplasm,C0009375,0.4,
2,colonic neoplasm,C0009375,0.4,
4023,colonic neoplasm,C0009375,0.4,
675,"neoplasm, pancreatic",C0030297,1.0,
4089,"neoplasm, pancreatic",C0030297,1.0,
1956,"neoplasm, pancreatic",C0030297,1.0,
1029,"neoplasm, pancreatic",C0030297,1.0,
79728,"neoplasm, pancreatic",C0030297,1.0,
3630,"neoplasm, pancreatic",C0030297,1.0,
6794,"neoplasm, pancreatic",C0030297,1.0,
672,"neoplasm, pancreatic",C0030297,1.0,
7157,"neoplasm, pancreatic",C0030297,1.0,
3845,"neoplasm, pancreatic",C0030297,1.0,
4609,"neoplasm, pancreatic",C0030297,1.0,
472,"neoplasm, pancreatic",C0030297,1.0,
6774,"neoplasm, pancreatic",C0030297,0.95,
207,"neoplasm, pancreatic",C0030297,0.95,
5728,"neoplasm, pancreatic",C0030297,0.95,
3091,"neoplasm, pancreatic",C0030297,0.95,
1029,pancreatic carcinoma,C0235974,0.95,
10232,"neoplasm, pancreatic",C0030297,0.95,
1806,"neoplasm, pancreatic",C0030297,0.95,
595,"neoplasm, pancreatic",C0030297,0.95,
3791,"neoplasm, pancreatic",C0030297,0.95,
7040,"neoplasm, pancreatic",C0030297,0.95,
4221,"neoplasm, pancreatic",C0030297,0.9,
6696,"neoplasm, pancreatic",C0030297,0.9,
3569,cholangiocarcinoma,C0206698,0.9,
3565,"neoplasm, pancreatic",C0030297,0.9,
7298,"neoplasm, pancreatic",C0030297,0.9,
3479,"neoplasm, pancreatic",C0030297,0.9,
2247,"neoplasm, pancreatic",C0030297,0.9,
4089,pancreatic carcinoma,C0235974,0.9,
4851,human t cell leukemia,C0023493,0.9,
3845,pancreatic carcinoma,C0235974,0.9,
3553,"neoplasm, pancreatic",C0030297,0.9,
4072,"neoplasm, pancreatic",C0030297,0.9,
3845,carcinoma,C0007097,0.85,
1956,carcinoma,C0007097,0.85,
675,pancreatic carcinoma,C0235974,0.85,
999,carcinoma,C0007097,0.85,
595,carcinoma,C0007097,0.85,
5743,"neoplasm, pancreatic",C0030297,0.85,
5468,"neoplasm, pancreatic",C0030297,0.85,
7157,pancreatic carcinoma,C0235974,0.85,
23022,"neoplasm, pancreatic",C0030297,0.85,
28,"neoplasm, pancreatic",C0030297,0.85,
1956,carcinoma of esophagus,C0152018,0.85,
2099,carcinoma,C0007097,0.85,
7157,carcinoma of esophagus,C0152018,0.85,
324,"neoplasm, pancreatic",C0030297,0.85,
6648,"neoplasm, pancreatic",C0030297,0.85,
7048,"neoplasm, pancreatic",C0030297,0.85,
7157,carcinoma,C0007097,0.85,
240,"neoplasm, pancreatic",C0030297,0.85,
672,pancreatic carcinoma,C0235974,0.85,
1499,"neoplasm, pancreatic",C0030297,0.85,
8829,"neoplasm, pancreatic",C0030297,0.85,
2263,cholangiocarcinoma,C0206698,0.85,
673,"neoplasm, pancreatic",C0030297,0.85,
2064,cholangiocarcinoma,C0206698,0.85,
2067,"neoplasm, pancreatic",C0030297,0.85,
8314,cholangiocarcinoma,C0206698,0.85,
4297,myeloid leukemias,C0023470,0.85,
7124,"neoplasm, pancreatic",C0030297,0.85,
1956,cholangiocarcinoma,C0206698,0.85,
5925,"neoplasm, pancreatic",C0030297,0.85,
2030,"neoplasm, pancreatic",C0030297,0.85,
7423,"neoplasm, pancreatic",C0030297,0.85,
3845,cholangiocarcinoma,C0206698,0.85,
4288,"neoplasm, pancreatic",C0030297,0.85,
999,"neoplasm, pancreatic",C0030297,0.85,
3417,cholangiocarcinoma,C0206698,0.85,
558,"neoplasm, pancreatic",C0030297,0.85,
4585,"neoplasm, pancreatic",C0030297,0.8,
673,cholangiocarcinoma,C0206698,0.8,
7057,"neoplasm, pancreatic",C0030297,0.8,
5728,carcinoma,C0007097,0.8,
6690,"neoplasm, pancreatic",C0030297,0.8,
196,"neoplasm, pancreatic",C0030297,0.8,
4313,"neoplasm, pancreatic",C0030297,0.8,
3480,"neoplasm, pancreatic",C0030297,0.8,
6794,"cancer, cervical",C4048328,0.8,
4233,carcinoma,C0007097,0.8,
5728,cholangiocarcinoma,C0206698,0.8,
301,"neoplasm, pancreatic",C0030297,0.8,
4582,"neoplasm, pancreatic",C0030297,0.8,
6241,"neoplasm, pancreatic",C0030297,0.8,
5743,cholangiocarcinoma,C0206698,0.8,
1364,"neoplasm, pancreatic",C0030297,0.8,
887,"neoplasm, pancreatic",C0030297,0.8,
6416,"neoplasm, pancreatic",C0030297,0.8,
133,"neoplasm, pancreatic",C0030297,0.8,
4318,"neoplasm, pancreatic",C0030297,0.8,
2078,myeloid leukemias,C0023470,0.8,
1890,"neoplasm, pancreatic",C0030297,0.8,
545,"neoplasm, pancreatic",C0030297,0.8,
3662,human t cell leukemia,C0023493,0.8,
3586,"neoplasm, pancreatic",C0030297,0.8,
4089,cholangiocarcinoma,C0206698,0.75,
5329,carcinoma,C0007097,0.75,
91,"neoplasm, pancreatic",C0030297,0.75,
4524,"neoplasm, pancreatic",C0030297,0.75,
695,microglioma,C0280803,0.75,
1499,carcinoma of esophagus,C0152018,0.75,
4609,carcinoma,C0007097,0.75,
7040,carcinoma,C0007097,0.75,
1437,carcinoma,C0007097,0.75,
6794,pancreatic carcinoma,C0235974,0.75,
2122,myeloid leukemias,C0023470,0.75,
5241,carcinoma,C0007097,0.75,
1233,human t cell leukemia,C0023493,0.75,
2100,carcinoma,C0007097,0.75,
3458,myeloid leukemias,C0023470,0.75,
6750,"neoplasm, pancreatic",C0030297,0.75,
2064,carcinoma of esophagus,C0152018,0.75,
4072,carcinoma,C0007097,0.75,
213,cholangiocarcinoma,C0206698,0.75,
2261,"cancer, cervical",C4048328,0.75,
3897,"neoplasm, pancreatic",C0030297,0.75,
6364,"neoplasm, pancreatic",C0030297,0.75,
7015,"neoplasm, pancreatic",C0030297,0.75,
79728,pancreatic carcinoma,C0235974,0.75,
5243,carcinoma,C0007097,0.75,
6752,"neoplasm, pancreatic",C0030297,0.75,
1019,carcinoma,C0007097,0.75,
4609,carcinoma of esophagus,C0152018,0.75,
8743,"neoplasm, pancreatic",C0030297,0.75,
7157,"cancer, cervical",C4048328,0.75,
54361,"ovarian cancer, epithelial",C0677886,0.75,
472,pancreatic carcinoma,C0235974,0.75,
5925,carcinoma,C0007097,0.75,
5328,"neoplasm, pancreatic",C0030297,0.75,
8289,cholangiocarcinoma,C0206698,0.75,
3791,pancreatic carcinoma,C0235974,0.75,
3439,"neoplasm, pancreatic",C0030297,0.75,
332,human t cell leukemia,C0023493,0.75,
598,"neoplasm, pancreatic",C0030297,0.75,
3418,cholangiocarcinoma,C0206698,0.75,
598,carcinoma,C0007097,0.75,
23022,pancreatic carcinoma,C0235974,0.75,
3845,carcinoma of esophagus,C0152018,0.75,
5744,"neoplasm, pancreatic",C0030297,0.75,
864,"neoplasm, pancreatic",C0030297,0.75,
355,human t cell leukemia,C0023493,0.75,
672,carcinoma,C0007097,0.75,
6774,carcinoma of esophagus,C0152018,0.75,
5743,carcinoma,C0007097,0.75,
2064,"ovarian cancer, epithelial",C0677886,0.75,
3852,carcinoma,C0007097,0.75,
596,carcinoma,C0007097,0.75,
2261,carcinoma,C0007097,0.75,
2272,carcinoma,C0007097,0.75,
6774,carcinoma,C0007097,0.75,
7157,cholangiocarcinoma,C0206698,0.75,
100133941,"neoplasm, pancreatic",C0030297,0.75,
960,"neoplasm, pancreatic",C0030297,0.75,
3651,"neoplasm, pancreatic",C0030297,0.75,
2068,"neoplasm, pancreatic",C0030297,0.75,
2494,"neoplasm, pancreatic",C0030297,0.75,
3195,human t cell leukemia,C0023493,0.75,
7052,"neoplasm, pancreatic",C0030297,0.75,
3091,carcinoma,C0007097,0.75,
7157,"ovarian cancer, epithelial",C0677886,0.75,
1111,"neoplasm, pancreatic",C0030297,0.75,
3265,carcinoma,C0007097,0.75,
3558,human t cell leukemia,C0023493,0.75,
356,"neoplasm, pancreatic",C0030297,0.75,
3558,"neoplasm, pancreatic",C0030297,0.75,
5290,carcinoma of esophagus,C0152018,0.75,
3586,microglioma,C0280803,0.75,
2146,cholangiocarcinoma,C0206698,0.75,
672,cholangiocarcinoma,C0206698,0.7,
6688,myeloid leukemias,C0023470,0.7,
675,cholangiocarcinoma,C0206698,0.7,
7422,myeloid leukemias,C0023470,0.7,
7428,"neoplasm, pancreatic",C0030297,0.7,
3565,human t cell leukemia,C0023493,0.7,
3611,"neoplasm, pancreatic",C0030297,0.7,
2950,"neoplasm, pancreatic",C0030297,0.7,
2625,carcinoma,C0007097,0.7,
595,"ovarian cancer, epithelial",C0677886,0.7,
3939,"neoplasm, pancreatic",C0030297,0.7,
5965,"neoplasm, pancreatic",C0030297,0.7,
9,"neoplasm, pancreatic",C0030297,0.7,
974,microglioma,C0280803,0.7,
4843,cholangiocarcinoma,C0206698,0.7,
2950,carcinoma,C0007097,0.7,
4615,microglioma,C0280803,0.7,
3458,human t cell leukemia,C0023493,0.7,
7048,carcinoma,C0007097,0.7,
3596,"neoplasm, pancreatic",C0030297,0.7,
7517,"neoplasm, pancreatic",C0030297,0.7,
324,cholangiocarcinoma,C0206698,0.7,
8314,"neoplasm, pancreatic",C0030297,0.7,
6098,cholangiocarcinoma,C0206698,0.7,
50943,human t cell leukemia,C0023493,0.7,
444,cholangiocarcinoma,C0206698,0.7,
2189,"neoplasm, pancreatic",C0030297,0.7,
10,"neoplasm, pancreatic",C0030297,0.7,
4060,"neoplasm, pancreatic",C0030297,0.7,
4330,myeloid leukemias,C0023470,0.7,
2335,carcinoma,C0007097,0.7,
356,cholangiocarcinoma,C0206698,0.7,
6794,"ovarian cancer, epithelial",C0677886,0.7,
1080,"neoplasm, pancreatic",C0030297,0.7,
3439,human t cell leukemia,C0023493,0.7,
54205,"neoplasm, pancreatic",C0030297,0.7,
1029,carcinoma of esophagus,C0152018,0.7,
54894,cholangiocarcinoma,C0206698,0.65,
7057,cholangiocarcinoma,C0206698,0.65,
5245,carcinoma,C0007097,0.65,
5315,carcinoma,C0007097,0.65,
5764,carcinoma,C0007097,0.65,
7253,carcinoma,C0007097,0.65,
900,"ovarian cancer, epithelial",C0677886,0.65,
7515,"neoplasm, pancreatic",C0030297,0.65,
1586,"neoplasm, pancreatic",C0030297,0.65,
2042,"neoplasm, pancreatic",C0030297,0.65,
217,"neoplasm, pancreatic",C0030297,0.65,
84433,human t cell leukemia,C0023493,0.65,
3315,"neoplasm, pancreatic",C0030297,0.65,
6774,human t cell leukemia,C0023493,0.65,
301,carcinoma,C0007097,0.65,
7490,"neoplasm, pancreatic",C0030297,0.65,
1440,carcinoma,C0007097,0.65,
902,carcinoma,C0007097,0.65,
1630,carcinoma of esophagus,C0152018,0.65,
2624,myeloid leukemias,C0023470,0.65,
7161,human t cell leukemia,C0023493,0.65,
6776,carcinoma,C0007097,0.65,
7018,carcinoma,C0007097,0.65,
5465,carcinoma,C0007097,0.65,
5947,carcinoma,C0007097,0.65,
387,carcinoma,C0007097,0.65,
268,"ovarian cancer, epithelial",C0677886,0.65,
4548,"neoplasm, pancreatic",C0030297,0.65,
5727,"neoplasm, pancreatic",C0030297,0.65,
91,pancreatic carcinoma,C0235974,0.65,
1674,carcinoma,C0007097,0.65,
857,"ovarian cancer, epithelial",C0677886,0.65,
7048,carcinoma of esophagus,C0152018,0.65,
3265,carcinoma of esophagus,C0152018,0.65,
841,"neoplasm, pancreatic",C0030297,0.65,
1647,"neoplasm, pancreatic",C0030297,0.65,
2072,"neoplasm, pancreatic",C0030297,0.65,
4088,"neoplasm, pancreatic",C0030297,0.65,
4968,"neoplasm, pancreatic",C0030297,0.65,
7483,"neoplasm, pancreatic",C0030297,0.65,
2778,cholangiocarcinoma,C0206698,0.65,
4524,cholangiocarcinoma,C0206698,0.65,
3718,human t cell leukemia,C0023493,0.65,
6887,human t cell leukemia,C0023493,0.65,
11009,"neoplasm, pancreatic",C0030297,0.65,
5478,cholangiocarcinoma,C0206698,0.65,
5566,cholangiocarcinoma,C0206698,0.65,
10,cholangiocarcinoma,C0206698,0.65,
10232,cholangiocarcinoma,C0206698,0.65,
2189,pancreatic carcinoma,C0235974,0.65,
214,carcinoma,C0007097,0.65,
5618,carcinoma,C0007097,0.65,
4089,carcinoma of esophagus,C0152018,0.65,
2176,"neoplasm, pancreatic",C0030297,0.65,
6608,"neoplasm, pancreatic",C0030297,0.65,
6934,"neoplasm, pancreatic",C0030297,0.65,
2023,carcinoma,C0007097,0.65,
5921,carcinoma,C0007097,0.65,
5295,carcinoma,C0007097,0.65,
6528,cholangiocarcinoma,C0206698,0.65,
4254,carcinoma,C0007097,0.65,
7428,carcinoma,C0007097,0.65,
1244,cholangiocarcinoma,C0206698,0.65,
208,"ovarian cancer, epithelial",C0677886,0.65,
5909,"neoplasm, pancreatic",C0030297,0.65,
6256,"neoplasm, pancreatic",C0030297,0.65,
6400,"neoplasm, pancreatic",C0030297,0.65,
6753,"neoplasm, pancreatic",C0030297,0.65,
7516,"neoplasm, pancreatic",C0030297,0.65,
4552,"neoplasm, pancreatic",C0030297,0.65,
126,"neoplasm, pancreatic",C0030297,0.65,
27086,"neoplasm, pancreatic",C0030297,0.65,
3586,human t cell leukemia,C0023493,0.65,
3717,carcinoma of esophagus,C0152018,0.65,
4255,cholangiocarcinoma,C0206698,0.65,
2353,"ovarian cancer, epithelial",C0677886,0.65,
4968,cholangiocarcinoma,C0206698,0.6,
8140,cholangiocarcinoma,C0206698,0.6,
1786,carcinoma,C0007097,0.6,
2072,pancreatic carcinoma,C0235974,0.6,
57007,carcinoma,C0007097,0.6,
6623,carcinoma,C0007097,0.6,
6662,carcinoma,C0007097,0.6,
28,"ovarian cancer, epithelial",C0677886,0.6,
171024,"ovarian cancer, epithelial",C0677886,0.6,
3598,"neoplasm, pancreatic",C0030297,0.6,
1493,human t cell leukemia,C0023493,0.6,
22807,human t cell leukemia,C0023493,0.6,
1915,carcinoma,C0007097,0.6,
2952,"ovarian cancer, epithelial",C0677886,0.6,
2052,carcinoma,C0007097,0.6,
55450,"ovarian cancer, epithelial",C0677886,0.6,
4683,pancreatic carcinoma,C0235974,0.6,
2263,carcinoma of esophagus,C0152018,0.6,
7409,human t cell leukemia,C0023493,0.6,
944,human t cell leukemia,C0023493,0.6,
6648,carcinoma,C0007097,0.6,
7099,carcinoma,C0007097,0.6,
998,carcinoma,C0007097,0.6,
6277,carcinoma,C0007097,0.6,
54577,"neoplasm, pancreatic",C0030297,0.6,
6751,"neoplasm, pancreatic",C0030297,0.6,
688,"neoplasm, pancreatic",C0030297,0.6,
540,carcinoma,C0007097,0.6,
10481,pancreatic carcinoma,C0235974,0.6,
940,human t cell leukemia,C0023493,0.6,
3925,carcinoma,C0007097,0.6,
6510,"neoplasm, pancreatic",C0030297,0.6,
4023,carcinoma,C0007097,0.6,
572,"neoplasm, pancreatic",C0030297,0.6,
2944,"ovarian cancer, epithelial",C0677886,0.6,
406937,"ovarian cancer, epithelial",C0677886,0.6,
5742,carcinoma,C0007097,0.6,
7430,carcinoma,C0007097,0.6,
8626,carcinoma,C0007097,0.6,
60,carcinoma,C0007097,0.6,
3039,carcinoma,C0007097,0.6,
3400,carcinoma,C0007097,0.6,
9564,"neoplasm, pancreatic",C0030297,0.6,
2202,"neoplasm, pancreatic",C0030297,0.6,
5335,human t cell leukemia,C0023493,0.6,
7980,"neoplasm, pancreatic",C0030297,0.6,
2952,carcinoma,C0007097,0.6,
8837,"neoplasm, pancreatic",C0030297,0.6,
83990,pancreatic carcinoma,C0235974,0.6,
55193,cholangiocarcinoma,C0206698,0.6,
2167,carcinoma,C0007097,0.6,
358,carcinoma,C0007097,0.6,
5045,carcinoma,C0007097,0.6,
387,carcinoma of esophagus,C0152018,0.6,
55294,carcinoma of esophagus,C0152018,0.6,
8821,"neoplasm, pancreatic",C0030297,0.6,
900,"neoplasm, pancreatic",C0030297,0.6,
8626,"cancer, cervical",C4048328,0.6,
84669,"ovarian cancer, epithelial",C0677886,0.6,
79915,"ovarian cancer, epithelial",C0677886,0.6,
55904,myeloid leukemias,C0023470,0.6,
5020,carcinoma,C0007097,0.6,
11200,pancreatic carcinoma,C0235974,0.6,
1236,human t cell leukemia,C0023493,0.6,
84260,pancreatic carcinoma,C0235974,0.6,
1616,islet cell carcinoma,C1328479,0.6,
1789,carcinoma,C0007097,0.6,
2202,carcinoma,C0007097,0.6,
3963,carcinoma,C0007097,0.6,
81,carcinoma,C0007097,0.6,
7272,"neoplasm, pancreatic",C0030297,0.6,
4684,"neoplasm, pancreatic",C0030297,0.6,
5349,"neoplasm, pancreatic",C0030297,0.6,
3164,"neoplasm, pancreatic",C0030297,0.6,
7170,carcinoma,C0007097,0.6,
4512,carcinoma,C0007097,0.6,
5037,carcinoma,C0007097,0.6,
1890,carcinoma,C0007097,0.6,
682,"neoplasm, pancreatic",C0030297,0.6,
407011,"ovarian cancer, epithelial",C0677886,0.6,
4792,"neoplasm, pancreatic",C0030297,0.6,
1728,myeloid leukemias,C0023470,0.6,
83540,"neoplasm, pancreatic",C0030297,0.6,
26040,myeloid leukemias,C0023470,0.6,
2950,cholangiocarcinoma,C0206698,0.55,
3178,carcinoma,C0007097,0.55,
1447,carcinoma,C0007097,0.55,
7873,"neoplasm, pancreatic",C0030297,0.55,
8438,"neoplasm, pancreatic",C0030297,0.55,
3572,carcinoma,C0007097,0.55,
4255,islet cell carcinoma,C1328479,0.55,
54205,cholangiocarcinoma,C0206698,0.55,
3897,"ovarian cancer, epithelial",C0677886,0.55,
22801,"neoplasm, pancreatic",C0030297,0.55,
5156,"neoplasm, pancreatic",C0030297,0.55,
7329,carcinoma,C0007097,0.55,
5154,carcinoma,C0007097,0.55,
5924,carcinoma,C0007097,0.55,
4233,"carcinoma, large cell",C0206704,0.55,
2260,myeloid leukemias,C0023470,0.55,
2950,myeloid leukemias,C0023470,0.55,
4282,carcinoma,C0007097,0.55,
3981,"neoplasm, pancreatic",C0030297,0.55,
2628,carcinoma,C0007097,0.55,
22938,"neoplasm, pancreatic",C0030297,0.55,
10552,"neoplasm, pancreatic",C0030297,0.55,
11132,"neoplasm, pancreatic",C0030297,0.55,
842,"neoplasm, pancreatic",C0030297,0.55,
9956,"neoplasm, pancreatic",C0030297,0.55,
574452,cholangiocarcinoma,C0206698,0.55,
7508,"neoplasm, pancreatic",C0030297,0.55,
3676,"neoplasm, pancreatic",C0030297,0.55,
285282,"neoplasm, pancreatic",C0030297,0.55,
5567,cholangiocarcinoma,C0206698,0.5,
23643,carcinoma,C0007097,0.5,
7001,carcinoma,C0007097,0.5,
11151,carcinoma,C0007097,0.5,
3837,"ovarian cancer, epithelial",C0677886,0.5,
257202,"ovarian cancer, epithelial",C0677886,0.5,
8626,"neoplasm, pancreatic",C0030297,0.5,
6847,"neoplasm, pancreatic",C0030297,0.5,
3980,"neoplasm, pancreatic",C0030297,0.5,
10735,myeloid leukemias,C0023470,0.5,
5424,pancreatic carcinoma,C0235974,0.5,
23532,myeloid leukemias,C0023470,0.5,
5579,human t cell leukemia,C0023493,0.5,
29108,"carcinoma, large cell",C0206704,0.5,
10461,carcinoma,C0007097,0.5,
58508,cholangiocarcinoma,C0206698,0.5,
1576,"ovarian cancer, epithelial",C0677886,0.5,
79991,"ovarian cancer, epithelial",C0677886,0.5,
4353,"neoplasm, pancreatic",C0030297,0.5,
5178,cholangiocarcinoma,C0206698,0.5,
7227,carcinoma,C0007097,0.5,
50486,carcinoma,C0007097,0.5,
6427,carcinoma,C0007097,0.5,
1366,"ovarian cancer, epithelial",C0677886,0.5,
284654,"ovarian cancer, epithelial",C0677886,0.5,
406952,"ovarian cancer, epithelial",C0677886,0.5,
2033,carcinoma of esophagus,C0152018,0.5,
1269,"neoplasm, pancreatic",C0030297,0.5,
10653,carcinoma,C0007097,0.5,
2625,human t cell leukemia,C0023493,0.5,
29851,human t cell leukemia,C0023493,0.5,
2944,myeloid leukemias,C0023470,0.5,
7091,carcinoma,C0007097,0.5,
5932,pancreatic carcinoma,C0235974,0.5,
1848,carcinoma,C0007097,0.5,
307,carcinoma,C0007097,0.5,
1616,"neoplasm, pancreatic",C0030297,0.5,
1859,"neoplasm, pancreatic",C0030297,0.5,
4061,"neoplasm, pancreatic",C0030297,0.5,
54465,"neoplasm, pancreatic",C0030297,0.5,
58516,"neoplasm, pancreatic",C0030297,0.5,
654,human t cell leukemia,C0023493,0.5,
3181,human t cell leukemia,C0023493,0.5,
3066,myeloid leukemias,C0023470,0.5,
2678,carcinoma,C0007097,0.5,
7498,carcinoma,C0007097,0.5,
49860,carcinoma of esophagus,C0152018,0.5,
5228,islet cell carcinoma,C1328479,0.5,
1901,carcinoma,C0007097,0.5,
4692,carcinoma,C0007097,0.5,
5720,carcinoma,C0007097,0.5,
8825,carcinoma,C0007097,0.5,
23481,cholangiocarcinoma,C0206698,0.5,
5774,cholangiocarcinoma,C0206698,0.5,
177,"ovarian cancer, epithelial",C0677886,0.5,
65975,"neoplasm, pancreatic",C0030297,0.5,
7249,"neoplasm, pancreatic",C0030297,0.5,
546,"neoplasm, pancreatic",C0030297,0.5,
6414,carcinoma,C0007097,0.5,
7014,human t cell leukemia,C0023493,0.5,
5578,"carcinoma, large cell",C0206704,0.45,
4322,"ovarian cancer, epithelial",C0677886,0.45,
4519,"ovarian cancer, epithelial",C0677886,0.45,
8835,"ovarian cancer, epithelial",C0677886,0.45,
4673,"neoplasm, pancreatic",C0030297,0.45,
2952,myeloid leukemias,C0023470,0.45,
54904,myeloid leukemias,C0023470,0.45,
11171,"carcinoma, large cell",C0206704,0.45,
839,"ovarian cancer, epithelial",C0677886,0.45,
637,"neoplasm, pancreatic",C0030297,0.45,
3680,"neoplasm, pancreatic",C0030297,0.45,
2944,cholangiocarcinoma,C0206698,0.45,
6319,carcinoma,C0007097,0.45,
23523,"ovarian cancer, epithelial",C0677886,0.45,
8651,"ovarian cancer, epithelial",C0677886,0.45,
2175,"neoplasm, pancreatic",C0030297,0.45,
23030,"neurilemmoma, malignant",C0751690,0.45,
5156,myeloid leukemias,C0023470,0.45,
1984,carcinoma,C0007097,0.4,
126862571,pancreatic carcinoma,C0235974,0.4,
4256,carcinoma,C0007097,0.4,
5954,carcinoma,C0007097,0.4,
832,carcinoma,C0007097,0.4,
8673,carcinoma,C0007097,0.4,
9019,carcinoma,C0007097,0.4,
9540,carcinoma,C0007097,0.4,
9902,carcinoma,C0007097,0.4,
79783,"neoplasm, pancreatic",C0030297,0.4,
5423,"neoplasm, pancreatic",C0030297,0.4,
11199,"neoplasm, pancreatic",C0030297,0.4,
9126,myeloid leukemias,C0023470,0.4,
1457,human t cell leukemia,C0023493,0.4,
2534,human t cell leukemia,C0023493,0.4,
5901,carcinoma,C0007097,0.4,
130062899,pancreatic carcinoma,C0235974,0.4,
126806658,carcinoma of esophagus,C0152018,0.4,
6603,myeloid leukemias,C0023470,0.4,
23492,myeloid leukemias,C0023470,0.4,
1880,human t cell leukemia,C0023493,0.4,
6634,carcinoma,C0007097,0.4,
7351,carcinoma,C0007097,0.4,
8573,carcinoma,C0007097,0.4,
5223,carcinoma,C0007097,0.4,
5725,carcinoma,C0007097,0.4,
6122,carcinoma,C0007097,0.4,
6208,carcinoma,C0007097,0.4,
3638,carcinoma,C0007097,0.4,
1040,carcinoma,C0007097,0.4,
3751,cholangiocarcinoma,C0206698,0.4,
407011,cholangiocarcinoma,C0206698,0.4,
10919,"ovarian cancer, epithelial",C0677886,0.4,
1490,"ovarian cancer, epithelial",C0677886,0.4,
51317,"ovarian cancer, epithelial",C0677886,0.4,
1268,"neoplasm, pancreatic",C0030297,0.4,
1209,"neoplasm, pancreatic",C0030297,0.4,
84133,"neoplasm, pancreatic",C0030297,0.4,
84236,"neoplasm, pancreatic",C0030297,0.4,
10769,carcinoma,C0007097,0.4,
1266,carcinoma,C0007097,0.4,
347733,carcinoma,C0007097,0.4,
7001,myeloid leukemias,C0023470,0.4,
2937,carcinoma,C0007097,0.4,
160140,pancreatic carcinoma,C0235974,0.4,
6558,carcinoma,C0007097,0.4,
71,carcinoma,C0007097,0.4,
8725,carcinoma,C0007097,0.4,
949,carcinoma,C0007097,0.4,
51129,carcinoma,C0007097,0.4,
5685,carcinoma,C0007097,0.4,
1622,carcinoma,C0007097,0.4,
2771,carcinoma,C0007097,0.4,
30837,"ovarian cancer, epithelial",C0677886,0.4,
5530,"ovarian cancer, epithelial",C0677886,0.4,
5608,"ovarian cancer, epithelial",C0677886,0.4,
111,carcinoma,C0007097,0.4,
112802,carcinoma,C0007097,0.4,
6092,cholangiocarcinoma,C0206698,0.4,
80243,cholangiocarcinoma,C0206698,0.4,
8243,myeloid leukemias,C0023470,0.4,
1452,human t cell leukemia,C0023493,0.4,
54658,myeloid leukemias,C0023470,0.4,
3442,"neoplasm, pancreatic",C0030297,0.4,
1289,carcinoma,C0007097,0.4,
3399,carcinoma,C0007097,0.4,
7534,carcinoma,C0007097,0.4,
883,carcinoma,C0007097,0.4,
4191,carcinoma,C0007097,0.4,
51599,carcinoma,C0007097,0.4,
100507500,carcinoma of esophagus,C0152018,0.4,
84869,pancreatic carcinoma,C0235974,0.4,
140738,carcinoma,C0007097,0.4,
11169,cholangiocarcinoma,C0206698,0.4,
7069,carcinoma,C0007097,0.4,
7086,carcinoma,C0007097,0.4,
93974,carcinoma,C0007097,0.4,
9615,carcinoma,C0007097,0.4,
2180,carcinoma,C0007097,0.4,
3021,carcinoma,C0007097,0.4,
5950,carcinoma,C0007097,0.4,
6128,carcinoma,C0007097,0.4,
115399,carcinoma of esophagus,C0152018,0.4,
2258,"neoplasm, pancreatic",C0030297,0.4,
242,"neoplasm, pancreatic",C0030297,0.4,
196410,"ovarian cancer, epithelial",C0677886,0.4,
4191,"ovarian cancer, epithelial",C0677886,0.4,
5894,"ovarian cancer, epithelial",C0677886,0.4,
64419,"ovarian cancer, epithelial",C0677886,0.4,
27161,myeloid leukemias,C0023470,0.4,
51527,myeloid leukemias,C0023470,0.4,
5885,myeloid leukemias,C0023470,0.4,
1468,carcinoma,C0007097,0.4,
10409,carcinoma,C0007097,0.4,
7155,myeloid leukemias,C0023470,0.4,
2178,pancreatic carcinoma,C0235974,0.4,
26012,carcinoma,C0007097,0.4,
6446,carcinoma,C0007097,0.4,
8848,carcinoma,C0007097,0.4,
1448,carcinoma,C0007097,0.4,
407054,"ovarian cancer, epithelial",C0677886,0.4,
8001,"ovarian cancer, epithelial",C0677886,0.4,
284086,"neoplasm, pancreatic",C0030297,0.4,
1460,human t cell leukemia,C0023493,0.4,
55102,myeloid leukemias,C0023470,0.4,
23569,carcinoma,C0007097,0.4,
7490,childhood renal wilms' tumor,C1333015,0.95,
7428,kidney neoplasm,C0022665,0.9,
1499,childhood renal wilms' tumor,C1333015,0.85,
3020,giant cell tumor of bone,C0206638,0.85,
3558,kidney neoplasm,C0022665,0.85,
5243,kidney neoplasm,C0022665,0.85,
7249,kidney neoplasm,C0022665,0.8,
283120,childhood renal wilms' tumor,C1333015,0.8,
3091,hemangioblastoma,C0206734,0.75,
5594,kidney neoplasm,C0022665,0.75,
7157,adrenal gland neoplasm,C0001624,0.75,
3481,childhood renal wilms' tumor,C1333015,0.75,
7157,childhood renal wilms' tumor,C1333015,0.75,
4613,childhood renal wilms' tumor,C1333015,0.75,
139285,childhood renal wilms' tumor,C1333015,0.75,
5595,kidney neoplasm,C0022665,0.75,
1978,kidney neoplasm,C0022665,0.7,
673,kidney neoplasm,C0022665,0.7,
1543,kidney neoplasm,C0022665,0.7,
129563,childhood renal wilms' tumor,C1333015,0.7,
3480,childhood renal wilms' tumor,C1333015,0.7,
675,childhood renal wilms' tumor,C1333015,0.7,
8314,kidney neoplasm,C0022665,0.7,
4298,childhood renal wilms' tumor,C1333015,0.65,
11281,childhood renal wilms' tumor,C1333015,0.65,
54487,childhood renal wilms' tumor,C1333015,0.65,
5566,adrenal gland neoplasm,C0001624,0.65,
2952,kidney neoplasm,C0022665,0.65,
6495,childhood renal wilms' tumor,C1333015,0.65,
23405,childhood renal wilms' tumor,C1333015,0.65,
29102,childhood renal wilms' tumor,C1333015,0.65,
595,kidney neoplasm,C0022665,0.65,
6596,kidney neoplasm,C0022665,0.65,
8743,kidney neoplasm,C0022665,0.65,
2719,childhood renal wilms' tumor,C1333015,0.65,
1499,adrenal gland neoplasm,C0001624,0.65,
4149,childhood renal wilms' tumor,C1333015,0.6,
9319,childhood renal wilms' tumor,C1333015,0.6,
6390,kidney neoplasm,C0022665,0.6,
2778,adrenal gland neoplasm,C0001624,0.6,
171023,childhood renal wilms' tumor,C1333015,0.6,
63035,childhood renal wilms' tumor,C1333015,0.6,
10397,kidney neoplasm,C0022665,0.6,
54880,childhood renal wilms' tumor,C1333015,0.6,
558,kidney neoplasm,C0022665,0.6,
6648,kidney neoplasm,C0022665,0.6,
5978,childhood renal wilms' tumor,C1333015,0.55,
10,mesothelioma malignant advanced,C0278752,0.5,
4841,childhood renal wilms' tumor,C1333015,0.5,
7490,adult renal wilms' tumor,C1332219,0.5,
11010,childhood renal wilms' tumor,C1333015,0.5,
83593,kidney neoplasm,C0022665,0.5,
2796,adrenal gland neoplasm,C0001624,0.5,
1293,childhood renal wilms' tumor,C1333015,0.5,
57510,childhood renal wilms' tumor,C1333015,0.5,
8289,childhood renal wilms' tumor,C1333015,0.5,
1499,adult renal wilms' tumor,C1332219,0.5,
2944,mesothelioma malignant advanced,C0278752,0.5,
4216,childhood renal wilms' tumor,C1333015,0.5,
283120,adult renal wilms' tumor,C1332219,0.5,
675,adult renal wilms' tumor,C1332219,0.5,
5743,kidney neoplasm,C0022665,0.5,
29072,mesothelioma malignant advanced,C0278752,0.5,
10736,childhood renal wilms' tumor,C1333015,0.5,
54880,kidney neoplasm,C0022665,0.5,
1027,kidney neoplasm,C0022665,0.5,
8314,mesothelioma malignant advanced,C0278752,0.45,
7079,childhood renal wilms' tumor,C1333015,0.45,
7161,childhood renal wilms' tumor,C1333015,0.45,
5978,adult renal wilms' tumor,C1332219,0.45,
7428,adult renal wilms' tumor,C1332219,0.45,
6495,adult renal wilms' tumor,C1332219,0.45,
7161,adult renal wilms' tumor,C1332219,0.45,
3482,childhood renal wilms' tumor,C1333015,0.45,
4524,childhood renal wilms' tumor,C1333015,0.45,
7428,childhood renal wilms' tumor,C1333015,0.45,
4771,mesothelioma malignant advanced,C0278752,0.45,
8915,mesothelioma malignant advanced,C0278752,0.45,
129563,adult renal wilms' tumor,C1332219,0.45,
3480,adult renal wilms' tumor,C1332219,0.45,
2719,adult renal wilms' tumor,C1332219,0.45,
3482,adult renal wilms' tumor,C1332219,0.45,
7079,adult renal wilms' tumor,C1332219,0.45,
7490,mesothelioma malignant advanced,C0278752,0.45,
4524,adult renal wilms' tumor,C1332219,0.45,
10232,mesothelioma malignant advanced,C0278752,0.4,
10563,mesothelioma malignant advanced,C0278752,0.4,
10643,mesothelioma malignant advanced,C0278752,0.4,
1499,mesothelioma malignant advanced,C0278752,0.4,
1654,mesothelioma malignant advanced,C0278752,0.4,
24146,mesothelioma malignant advanced,C0278752,0.4,
26523,mesothelioma malignant advanced,C0278752,0.4,
27161,mesothelioma malignant advanced,C0278752,0.4,
3384,mesothelioma malignant advanced,C0278752,0.4,
3593,mesothelioma malignant advanced,C0278752,0.4,
4192,mesothelioma malignant advanced,C0278752,0.4,
4283,mesothelioma malignant advanced,C0278752,0.4,
4582,mesothelioma malignant advanced,C0278752,0.4,
5792,mesothelioma malignant advanced,C0278752,0.4,
6348,mesothelioma malignant advanced,C0278752,0.4,
6513,mesothelioma malignant advanced,C0278752,0.4,
7042,mesothelioma malignant advanced,C0278752,0.4,
7295,mesothelioma malignant advanced,C0278752,0.4,
9706,mesothelioma malignant advanced,C0278752,0.4,
5728,squamous cell carcinoma of salivary gland,C0279697,0.4,
2798,adrenal gland neoplasm,C0001624,0.4,
1293,adult renal wilms' tumor,C1332219,0.4,
4841,adult renal wilms' tumor,C1332219,0.4,
63035,adult renal wilms' tumor,C1332219,0.4,
9113,"epithelial neoplasm, glandular",C0027660,0.4,
2254,kidney neoplasm,C0022665,0.4,
27306,kidney neoplasm,C0022665,0.4,
5894,kidney neoplasm,C0022665,0.4,
1029,adrenal gland neoplasm,C0001624,0.4,
10736,adult renal wilms' tumor,C1332219,0.4,
11281,adult renal wilms' tumor,C1332219,0.4,
29102,adult renal wilms' tumor,C1332219,0.4,
3481,adult renal wilms' tumor,C1332219,0.4,
4149,adult renal wilms' tumor,C1332219,0.4,
4298,adult renal wilms' tumor,C1332219,0.4,
1003,mesothelioma malignant advanced,C0278752,0.4,
1364,mesothelioma malignant advanced,C0278752,0.4,
2202,mesothelioma malignant advanced,C0278752,0.4,
2254,mesothelioma malignant advanced,C0278752,0.4,
25790,mesothelioma malignant advanced,C0278752,0.4,
335,mesothelioma malignant advanced,C0278752,0.4,
3562,mesothelioma malignant advanced,C0278752,0.4,
3815,mesothelioma malignant advanced,C0278752,0.4,
6262,mesothelioma malignant advanced,C0278752,0.4,
6354,mesothelioma malignant advanced,C0278752,0.4,
6382,mesothelioma malignant advanced,C0278752,0.4,
6648,mesothelioma malignant advanced,C0278752,0.4,
7122,mesothelioma malignant advanced,C0278752,0.4,
7157,mesothelioma malignant advanced,C0278752,0.4,
735,mesothelioma malignant advanced,C0278752,0.4,
91,mesothelioma malignant advanced,C0278752,0.4,
9134,mesothelioma malignant advanced,C0278752,0.4,
9180,mesothelioma malignant advanced,C0278752,0.4,
9869,mesothelioma malignant advanced,C0278752,0.4,
3621,squamous cell carcinoma of salivary gland,C0279697,0.4,
8795,squamous cell carcinoma of salivary gland,C0279697,0.4,
29089,kidney neoplasm,C0022665,0.4,
1021,mesothelioma malignant advanced,C0278752,0.4,
10505,mesothelioma malignant advanced,C0278752,0.4,
10630,mesothelioma malignant advanced,C0278752,0.4,
142,mesothelioma malignant advanced,C0278752,0.4,
2315,mesothelioma malignant advanced,C0278752,0.4,
2861,mesothelioma malignant advanced,C0278752,0.4,
29108,mesothelioma malignant advanced,C0278752,0.4,
3458,mesothelioma malignant advanced,C0278752,0.4,
3552,mesothelioma malignant advanced,C0278752,0.4,
3611,mesothelioma malignant advanced,C0278752,0.4,
406913,mesothelioma malignant advanced,C0278752,0.4,
6320,mesothelioma malignant advanced,C0278752,0.4,
84231,mesothelioma malignant advanced,C0278752,0.4,
9071,mesothelioma malignant advanced,C0278752,0.4,
9110,mesothelioma malignant advanced,C0278752,0.4,
943,mesothelioma malignant advanced,C0278752,0.4,
9509,mesothelioma malignant advanced,C0278752,0.4,
23405,adult renal wilms' tumor,C1332219,0.4,
54880,adult renal wilms' tumor,C1332219,0.4,
57510,adult renal wilms' tumor,C1332219,0.4,
7157,adult renal wilms' tumor,C1332219,0.4,
26052,kidney neoplasm,C0022665,0.4,
3604,kidney neoplasm,C0022665,0.4,
540,kidney neoplasm,C0022665,0.4,
5902,kidney neoplasm,C0022665,0.4,
7178,kidney neoplasm,C0022665,0.4,
5925,adrenal gland neoplasm,C0001624,0.4,
998,adrenal gland neoplasm,C0001624,0.4,
883,kidney neoplasm,C0022665,0.4,
1026,mesothelioma malignant advanced,C0278752,0.4,
1029,mesothelioma malignant advanced,C0278752,0.4,
10850,mesothelioma malignant advanced,C0278752,0.4,
1956,mesothelioma malignant advanced,C0278752,0.4,
2052,mesothelioma malignant advanced,C0278752,0.4,
22998,mesothelioma malignant advanced,C0278752,0.4,
23286,mesothelioma malignant advanced,C0278752,0.4,
2495,mesothelioma malignant advanced,C0278752,0.4,
302,mesothelioma malignant advanced,C0278752,0.4,
340719,mesothelioma malignant advanced,C0278752,0.4,
3569,mesothelioma malignant advanced,C0278752,0.4,
4049,mesothelioma malignant advanced,C0278752,0.4,
406910,mesothelioma malignant advanced,C0278752,0.4,
407036,mesothelioma malignant advanced,C0278752,0.4,
4282,mesothelioma malignant advanced,C0278752,0.4,
4803,mesothelioma malignant advanced,C0278752,0.4,
51090,mesothelioma malignant advanced,C0278752,0.4,
5267,mesothelioma malignant advanced,C0278752,0.4,
5894,mesothelioma malignant advanced,C0278752,0.4,
596,mesothelioma malignant advanced,C0278752,0.4,
6256,mesothelioma malignant advanced,C0278752,0.4,
6285,mesothelioma malignant advanced,C0278752,0.4,
6352,mesothelioma malignant advanced,C0278752,0.4,
7018,mesothelioma malignant advanced,C0278752,0.4,
7473,mesothelioma malignant advanced,C0278752,0.4,
7515,mesothelioma malignant advanced,C0278752,0.4,
8817,mesothelioma malignant advanced,C0278752,0.4,
9073,mesothelioma malignant advanced,C0278752,0.4,
9843,mesothelioma malignant advanced,C0278752,0.4,
5743,adrenal gland neoplasm,C0001624,0.4,
7253,adrenal gland neoplasm,C0001624,0.4,
139285,adult renal wilms' tumor,C1332219,0.4,
8289,adult renal wilms' tumor,C1332219,0.4,
9319,adult renal wilms' tumor,C1332219,0.4,
57817,kidney neoplasm,C0022665,0.4,
7166,kidney neoplasm,C0022665,0.4,
6528,kidney neoplasm,C0022665,0.4,
10495,mesothelioma malignant advanced,C0278752,0.4,
10524,mesothelioma malignant advanced,C0278752,0.4,
1303,mesothelioma malignant advanced,C0278752,0.4,
1435,mesothelioma malignant advanced,C0278752,0.4,
2158,mesothelioma malignant advanced,C0278752,0.4,
22820,mesothelioma malignant advanced,C0278752,0.4,
2335,mesothelioma malignant advanced,C0278752,0.4,
23451,mesothelioma malignant advanced,C0278752,0.4,
2850,mesothelioma malignant advanced,C0278752,0.4,
3082,mesothelioma malignant advanced,C0278752,0.4,
317781,mesothelioma malignant advanced,C0278752,0.4,
3559,mesothelioma malignant advanced,C0278752,0.4,
3565,mesothelioma malignant advanced,C0278752,0.4,
4162,mesothelioma malignant advanced,C0278752,0.4,
4233,mesothelioma malignant advanced,C0278752,0.4,
55785,mesothelioma malignant advanced,C0278752,0.4,
619553,mesothelioma malignant advanced,C0278752,0.4,
6387,mesothelioma malignant advanced,C0278752,0.4,
6462,mesothelioma malignant advanced,C0278752,0.4,
6584,mesothelioma malignant advanced,C0278752,0.4,
6595,mesothelioma malignant advanced,C0278752,0.4,
7029,mesothelioma malignant advanced,C0278752,0.4,
7431,mesothelioma malignant advanced,C0278752,0.4,
794,mesothelioma malignant advanced,C0278752,0.4,
79718,mesothelioma malignant advanced,C0278752,0.4,
9759,mesothelioma malignant advanced,C0278752,0.4,
11010,adult renal wilms' tumor,C1332219,0.4,
171023,adult renal wilms' tumor,C1332219,0.4,
2239,adult renal wilms' tumor,C1332219,0.4,
4216,adult renal wilms' tumor,C1332219,0.4,
4613,adult renal wilms' tumor,C1332219,0.4,
54487,adult renal wilms' tumor,C1332219,0.4,
2239,childhood renal wilms' tumor,C1333015,0.4,
5587,squamous cell carcinoma of salivary gland,C0279697,0.4,
10397,hemangioblastoma,C0206734,0.4,
57412,"epithelial neoplasm, glandular",C0027660,0.4,
63979,kidney neoplasm,C0022665,0.4,
6790,kidney neoplasm,C0022665,0.4,
157570,kidney neoplasm,C0022665,0.4,
673,adenocarcinoma of large intestine (diagnosis),C1319315,0.8,
5243,adenocarcinoma of large intestine (diagnosis),C1319315,0.75,
7157,carcinoma of nasopharynx (diagnosis),C2931822,0.75,
4255,glioblastoma multiforme adult,C0278878,0.7,
960,adenocarcinoma of large intestine (diagnosis),C1319315,0.7,
5743,carcinoma in situ,C0007099,0.7,
5578,adenocarcinoma of large intestine (diagnosis),C1319315,0.65,
3815,adenocarcinoma of large intestine (diagnosis),C1319315,0.65,
2944,adenocarcinoma of large intestine (diagnosis),C1319315,0.65,
673,acinar cell carcinoma of pancreas,C0279661,0.65,
3791,adenocarcinoma of large intestine (diagnosis),C1319315,0.6,
5595,adenocarcinoma of large intestine (diagnosis),C1319315,0.6,
6790,adenocarcinoma of large intestine (diagnosis),C1319315,0.6,
2146,adenocarcinoma of large intestine (diagnosis),C1319315,0.6,
4683,l1 lymphocytic leukemia,C0023452,0.6,
4792,carcinoma of nasopharynx (diagnosis),C2931822,0.6,
1956,glioblastoma multiforme adult,C0278878,0.6,
3417,glioblastoma multiforme adult,C0278878,0.6,
8460,adenocarcinoma of large intestine (diagnosis),C1319315,0.6,
4893,glioblastoma multiforme adult,C0278878,0.55,
5371,"malignant neoplasm of skin, unspecified",C0007114,0.55,
3756,adenocarcinoma of large intestine (diagnosis),C1319315,0.55,
4609,glioblastoma multiforme adult,C0278878,0.55,
2952,adenocarcinoma of large intestine (diagnosis),C1319315,0.55,
1019,glioblastoma multiforme adult,C0278878,0.55,
1789,adenocarcinoma of large intestine (diagnosis),C1319315,0.55,
2879,adenocarcinoma of large intestine (diagnosis),C1319315,0.55,
5590,adenocarcinoma of large intestine (diagnosis),C1319315,0.5,
5591,adenocarcinoma of large intestine (diagnosis),C1319315,0.5,
6777,adenocarcinoma of large intestine (diagnosis),C1319315,0.5,
1029,glioblastoma multiforme adult,C0278878,0.5,
8216,glioblastoma multiforme adult,C0278878,0.5,
1024,adenocarcinoma of large intestine (diagnosis),C1319315,0.5,
2261,adenocarcinoma of large intestine (diagnosis),C1319315,0.5,
472,adenocarcinoma of large intestine (diagnosis),C1319315,0.5,
8842,glioblastoma multiforme adult,C0278878,0.5,
2263,adenocarcinoma of large intestine (diagnosis),C1319315,0.5,
5594,adenocarcinoma of large intestine (diagnosis),C1319315,0.5,
2066,adenocarcinoma of large intestine (diagnosis),C1319315,0.5,
369,adenocarcinoma of large intestine (diagnosis),C1319315,0.5,
4919,adenocarcinoma of large intestine (diagnosis),C1319315,0.5,
6098,adenocarcinoma of large intestine (diagnosis),C1319315,0.5,
1950,glioblastoma multiforme adult,C0278878,0.5,
2627,adenocarcinoma of large intestine (diagnosis),C1319315,0.5,
5579,adenocarcinoma of large intestine (diagnosis),C1319315,0.5,
2707,adenocarcinoma of large intestine (diagnosis),C1319315,0.45,
1508,glioblastoma multiforme adult,C0278878,0.45,
84294,adenocarcinoma of large intestine (diagnosis),C1319315,0.45,
9757,adenocarcinoma of large intestine (diagnosis),C1319315,0.45,
118426,adenocarcinoma of large intestine (diagnosis),C1319315,0.45,
3603,adenocarcinoma of large intestine (diagnosis),C1319315,0.45,
1755,glioblastoma multiforme adult,C0278878,0.45,
5155,glioblastoma multiforme adult,C0278878,0.45,
3482,carcinoma in situ,C0007099,0.45,
864,carcinoma in situ,C0007099,0.45,
1116,glioblastoma multiforme adult,C0278878,0.45,
1591,adenocarcinoma of large intestine (diagnosis),C1319315,0.45,
575,glioblastoma multiforme adult,C0278878,0.45,
11283,adenocarcinoma of large intestine (diagnosis),C1319315,0.45,
338094,adenocarcinoma of large intestine (diagnosis),C1319315,0.45,
149483,adenocarcinoma of large intestine (diagnosis),C1319315,0.45,
4193,glioblastoma multiforme adult,C0278878,0.45,
6125,glioblastoma multiforme adult,C0278878,0.45,
8490,adenocarcinoma of large intestine (diagnosis),C1319315,0.45,
89765,adenocarcinoma of large intestine (diagnosis),C1319315,0.45,
2395,glioblastoma multiforme adult,C0278878,0.45,
4318,glioblastoma multiforme adult,C0278878,0.45,
5291,glioblastoma multiforme adult,C0278878,0.45,
5787,glioblastoma multiforme adult,C0278878,0.45,
7515,glioblastoma multiforme adult,C0278878,0.45,
79930,adenocarcinoma of large intestine (diagnosis),C1319315,0.45,
8635,adenocarcinoma of large intestine (diagnosis),C1319315,0.45,
53917,adenocarcinoma of large intestine (diagnosis),C1319315,0.45,
54760,adenocarcinoma of large intestine (diagnosis),C1319315,0.45,
64127,adenocarcinoma of large intestine (diagnosis),C1319315,0.45,
4920,adenocarcinoma of large intestine (diagnosis),C1319315,0.4,
5063,adenocarcinoma of large intestine (diagnosis),C1319315,0.4,
5588,adenocarcinoma of large intestine (diagnosis),C1319315,0.4,
57144,adenocarcinoma of large intestine (diagnosis),C1319315,0.4,
5754,adenocarcinoma of large intestine (diagnosis),C1319315,0.4,
1476,glioblastoma multiforme adult,C0278878,0.4,
159989,glioblastoma multiforme adult,C0278878,0.4,
2195,glioblastoma multiforme adult,C0278878,0.4,
2323,glioblastoma multiforme adult,C0278878,0.4,
23476,glioblastoma multiforme adult,C0278878,0.4,
26136,glioblastoma multiforme adult,C0278878,0.4,
3236,glioblastoma multiforme adult,C0278878,0.4,
346288,glioblastoma multiforme adult,C0278878,0.4,
3714,glioblastoma multiforme adult,C0278878,0.4,
4194,glioblastoma multiforme adult,C0278878,0.4,
4763,glioblastoma multiforme adult,C0278878,0.4,
4851,glioblastoma multiforme adult,C0278878,0.4,
51426,glioblastoma multiforme adult,C0278878,0.4,
5371,glioblastoma multiforme adult,C0278878,0.4,
7052,glioblastoma multiforme adult,C0278878,0.4,
7158,glioblastoma multiforme adult,C0278878,0.4,
93627,adenocarcinoma of large intestine (diagnosis),C1319315,0.4,
10863,malignant melanoma of skin stage iv (diagnosis),C1321872,0.4,
284355,adenocarcinoma of large intestine (diagnosis),C1319315,0.4,
4145,adenocarcinoma of large intestine (diagnosis),C1319315,0.4,
51086,adenocarcinoma of large intestine (diagnosis),C1319315,0.4,
5260,adenocarcinoma of large intestine (diagnosis),C1319315,0.4,
5583,adenocarcinoma of large intestine (diagnosis),C1319315,0.4,
57787,adenocarcinoma of large intestine (diagnosis),C1319315,0.4,
6872,adenocarcinoma of large intestine (diagnosis),C1319315,0.4,
7273,adenocarcinoma of large intestine (diagnosis),C1319315,0.4,
816,adenocarcinoma of large intestine (diagnosis),C1319315,0.4,
8038,malignant melanoma of skin stage iv (diagnosis),C1321872,0.4,
1475,glioblastoma multiforme adult,C0278878,0.4,
1848,glioblastoma multiforme adult,C0278878,0.4,
23512,glioblastoma multiforme adult,C0278878,0.4,
2355,glioblastoma multiforme adult,C0278878,0.4,
2668,glioblastoma multiforme adult,C0278878,0.4,
324,glioblastoma multiforme adult,C0278878,0.4,
3280,glioblastoma multiforme adult,C0278878,0.4,
4233,glioblastoma multiforme adult,C0278878,0.4,
4792,glioblastoma multiforme adult,C0278878,0.4,
5925,glioblastoma multiforme adult,C0278878,0.4,
7490,glioblastoma multiforme adult,C0278878,0.4,
84557,glioblastoma multiforme adult,C0278878,0.4,
864,glioblastoma multiforme adult,C0278878,0.4,
90355,glioblastoma multiforme adult,C0278878,0.4,
51341,glioblastoma multiforme adult,C0278878,0.4,
5747,glioblastoma multiforme adult,C0278878,0.4,
1021,glioblastoma multiforme adult,C0278878,0.4,
10397,glioblastoma multiforme adult,C0278878,0.4,
2146,glioblastoma multiforme adult,C0278878,0.4,
2475,glioblastoma multiforme adult,C0278878,0.4,
3014,glioblastoma multiforme adult,C0278878,0.4,
3553,glioblastoma multiforme adult,C0278878,0.4,
387775,glioblastoma multiforme adult,C0278878,0.4,
409,glioblastoma multiforme adult,C0278878,0.4,
51593,glioblastoma multiforme adult,C0278878,0.4,
5228,glioblastoma multiforme adult,C0278878,0.4,
5292,glioblastoma multiforme adult,C0278878,0.4,
8434,glioblastoma multiforme adult,C0278878,0.4,
9611,glioblastoma multiforme adult,C0278878,0.4,
1613,adenocarcinoma of large intestine (diagnosis),C1319315,0.4,
29110,adenocarcinoma of large intestine (diagnosis),C1319315,0.4,
29904,adenocarcinoma of large intestine (diagnosis),C1319315,0.4,
51755,adenocarcinoma of large intestine (diagnosis),C1319315,0.4,
5292,adenocarcinoma of large intestine (diagnosis),C1319315,0.4,
5585,adenocarcinoma of large intestine (diagnosis),C1319315,0.4,
5593,adenocarcinoma of large intestine (diagnosis),C1319315,0.4,
5601,adenocarcinoma of large intestine (diagnosis),C1319315,0.4,
6416,adenocarcinoma of large intestine (diagnosis),C1319315,0.4,
6787,adenocarcinoma of large intestine (diagnosis),C1319315,0.4,
79012,adenocarcinoma of large intestine (diagnosis),C1319315,0.4,
11086,malignant melanoma of skin stage iv (diagnosis),C1321872,0.4,
3091,glioblastoma multiforme adult,C0278878,0.4,
2045,adenocarcinoma of large intestine (diagnosis),C1319315,0.4,
2322,adenocarcinoma of large intestine (diagnosis),C1319315,0.4,
389840,adenocarcinoma of large intestine (diagnosis),C1319315,0.4,
5979,adenocarcinoma of large intestine (diagnosis),C1319315,0.4,
6196,adenocarcinoma of large intestine (diagnosis),C1319315,0.4,
1513,glioblastoma multiforme adult,C0278878,0.4,
23462,glioblastoma multiforme adult,C0278878,0.4,
2898,glioblastoma multiforme adult,C0278878,0.4,
2952,glioblastoma multiforme adult,C0278878,0.4,
3791,glioblastoma multiforme adult,C0278878,0.4,
4313,glioblastoma multiforme adult,C0278878,0.4,
4853,glioblastoma multiforme adult,C0278878,0.4,
5071,glioblastoma multiforme adult,C0278878,0.4,
5159,glioblastoma multiforme adult,C0278878,0.4,
55379,glioblastoma multiforme adult,C0278878,0.4,
590,glioblastoma multiforme adult,C0278878,0.4,
65084,glioblastoma multiforme adult,C0278878,0.4,
7422,glioblastoma multiforme adult,C0278878,0.4,
8553,glioblastoma multiforme adult,C0278878,0.4,
861,glioblastoma multiforme adult,C0278878,0.4,
928,glioblastoma multiforme adult,C0278878,0.4,
79858,adenocarcinoma of large intestine (diagnosis),C1319315,0.4,
8295,adenocarcinoma of large intestine (diagnosis),C1319315,0.4,
83931,adenocarcinoma of large intestine (diagnosis),C1319315,0.4,
9578,adenocarcinoma of large intestine (diagnosis),C1319315,0.4,
102,malignant melanoma of skin stage iv (diagnosis),C1321872,0.4,
80332,malignant melanoma of skin stage iv (diagnosis),C1321872,0.4,
8749,malignant melanoma of skin stage iv (diagnosis),C1321872,0.4,
8743,glioblastoma multiforme adult,C0278878,0.4,
10000,glioblastoma multiforme adult,C0278878,0.4,
1501,glioblastoma multiforme adult,C0278878,0.4,
182,glioblastoma multiforme adult,C0278878,0.4,
2335,glioblastoma multiforme adult,C0278878,0.4,
3020,glioblastoma multiforme adult,C0278878,0.4,
3558,glioblastoma multiforme adult,C0278878,0.4,
4854,glioblastoma multiforme adult,C0278878,0.4,
6046,glioblastoma multiforme adult,C0278878,0.4,
60487,glioblastoma multiforme adult,C0278878,0.4,
648,glioblastoma multiforme adult,C0278878,0.4,
81610,glioblastoma multiforme adult,C0278878,0.4,
8425,glioblastoma multiforme adult,C0278878,0.4,
902,glioblastoma multiforme adult,C0278878,0.4,
7297,adenocarcinoma of large intestine (diagnosis),C1319315,0.4,
7515,adenocarcinoma of large intestine (diagnosis),C1319315,0.4,
85443,adenocarcinoma of large intestine (diagnosis),C1319315,0.4,
8737,adenocarcinoma of large intestine (diagnosis),C1319315,0.4,
8756,malignant melanoma of skin stage iv (diagnosis),C1321872,0.4,
10645,adenocarcinoma of large intestine (diagnosis),C1319315,0.4,
156,adenocarcinoma of large intestine (diagnosis),C1319315,0.4,
203447,adenocarcinoma of large intestine (diagnosis),C1319315,0.4,
5609,adenocarcinoma of large intestine (diagnosis),C1319315,0.4,
673,"neoplasm, thyroid",C0040136,1.0,
5979,"neoplasm, thyroid",C0040136,1.0,
6528,"neoplasm, thyroid",C0040136,0.95,
3845,"neoplasm, thyroid",C0040136,0.95,
3265,"neoplasm, thyroid",C0040136,0.9,
7015,"neoplasm, thyroid",C0040136,0.9,
207,"neoplasm, thyroid",C0040136,0.9,
6774,carcinoma of prostate,C0600139,0.9,
598,carcinoma of prostate,C0600139,0.85,
1499,"neoplasm, thyroid",C0040136,0.85,
4893,"neoplasm, thyroid",C0040136,0.85,
5290,"neoplasm, thyroid",C0040136,0.8,
5578,carcinoma of prostate,C0600139,0.8,
6502,carcinoma of prostate,C0600139,0.8,
6696,carcinoma of prostate,C0600139,0.8,
7124,"neoplasm, thyroid",C0040136,0.8,
8031,"neoplasm, thyroid",C0040136,0.75,
7157,"neoplasm, thyroid",C0040136,0.75,
5468,"neoplasm, thyroid",C0040136,0.75,
5594,"neoplasm, thyroid",C0040136,0.75,
208,carcinoma of prostate,C0600139,0.75,
595,"neoplasm, thyroid",C0040136,0.75,
7253,"neoplasm, thyroid",C0040136,0.75,
563,carcinoma of prostate,C0600139,0.75,
3569,"neoplasm, thyroid",C0040136,0.7,
3091,"neoplasm, thyroid",C0040136,0.7,
3623,carcinoma of prostate,C0600139,0.7,
5909,"neoplasm, thyroid",C0040136,0.7,
6778,carcinoma of prostate,C0600139,0.65,
8667,carcinoma of prostate,C0600139,0.65,
5058,"neoplasm, thyroid",C0040136,0.6,
3627,"neoplasm, thyroid",C0040136,0.6,
8621,carcinoma of prostate,C0600139,0.6,
6347,"neoplasm, thyroid",C0040136,0.6,
7175,"neoplasm, thyroid",C0040136,0.6,
1875,carcinoma of prostate,C0600139,0.6,
5743,"neoplasm, thyroid",C0040136,0.6,
6256,"neoplasm, thyroid",C0040136,0.6,
7170,"neoplasm, thyroid",C0040136,0.6,
5168,"neoplasm, thyroid",C0040136,0.6,
468,carcinoma of prostate,C0600139,0.6,
23476,"neoplasm, thyroid",C0040136,0.6,
688,"neoplasm, thyroid",C0040136,0.5,
2057,"neoplasm, thyroid",C0040136,0.5,
2056,"neoplasm, thyroid",C0040136,0.5,
3553,"neoplasm, thyroid",C0040136,0.5,
7799,"neoplasm, thyroid",C0040136,0.5,
1437,"neoplasm, thyroid",C0040136,0.5,
574456,"neoplasm, thyroid",C0040136,0.5,
2956,"neoplasm, thyroid",C0040136,0.45,
2771,granulosa cell tumor of the ovary,C1370419,0.4,
3248,"neoplasm, thyroid",C0040136,0.4,
11194,"neoplasm, thyroid",C0040136,0.4,
115399,"neoplasm, thyroid",C0040136,0.4,
5154,"neoplasm, thyroid",C0040136,0.4,
51663,"neoplasm, thyroid",C0040136,0.4,
80142,"neoplasm, thyroid",C0040136,0.4,
83439,"neoplasm, thyroid",C0040136,0.4,
55760,"neoplasm, thyroid",C0040136,0.4,
89845,"neoplasm, thyroid",C0040136,0.4,
10058,"neoplasm, thyroid",C0040136,0.4,
10351,"neoplasm, thyroid",C0040136,0.4,
26154,"neoplasm, thyroid",C0040136,0.4,
7157,uterine adenocarcinoma,C1153706,0.8,
7157,"carcinoma, intraductal, noninfiltrating",C0007124,0.8,
7157,squamous cell carcinoma of skin,C0553723,0.75,
595,"pancreatic infiltrating duct carcinoma, nos",C1335302,0.75,
7157,ovarian serous adenocarcinoma,C1335177,0.75,
1029,squamous cell carcinoma of skin,C0553723,0.75,
1019,dedifferentiated liposarcoma,C0205824,0.75,
673,squamous cell carcinoma of skin,C0553723,0.75,
4193,dedifferentiated liposarcoma,C0205824,0.75,
2064,carcinoma of gallbladder (diagnosis),C0235782,0.75,
5290,carcinoma of gallbladder (diagnosis),C0235782,0.75,
7157,carcinoma of gallbladder (diagnosis),C0235782,0.7,
6776,"carcinoma, intraductal, noninfiltrating",C0007124,0.7,
90417,squamous cell carcinoma of skin,C0553723,0.7,
675,"carcinoma, intraductal, noninfiltrating",C0007124,0.7,
8091,dedifferentiated liposarcoma,C0205824,0.65,
3586,carcinoma of gallbladder (diagnosis),C0235782,0.65,
3091,"carcinoma, intraductal, noninfiltrating",C0007124,0.65,
6513,"carcinoma, intraductal, noninfiltrating",C0007124,0.65,
3265,squamous cell carcinoma of skin,C0553723,0.65,
5594,uterine adenocarcinoma,C1153706,0.65,
7015,carcinoma of gallbladder (diagnosis),C0235782,0.65,
2064,squamous cell carcinoma of skin,C0553723,0.65,
894,"carcinoma, intraductal, noninfiltrating",C0007124,0.65,
1869,"pancreatic infiltrating duct carcinoma, nos",C1335302,0.65,
5595,uterine adenocarcinoma,C1153706,0.65,
768,"carcinoma, intraductal, noninfiltrating",C0007124,0.65,
5290,serous cystadenocarcinoma of ovary (diagnosis),C0279663,0.6,
7046,"pancreatic infiltrating duct carcinoma, nos",C1335302,0.6,
2805,"pancreatic infiltrating duct carcinoma, nos",C1335302,0.6,
51366,carcinoma of gallbladder (diagnosis),C0235782,0.6,
7157,serous cystadenocarcinoma of ovary (diagnosis),C0279663,0.6,
2065,carcinoma of gallbladder (diagnosis),C0235782,0.6,
6416,ovarian serous adenocarcinoma,C1335177,0.6,
5295,uterine adenocarcinoma,C1153706,0.6,
7251,uterine adenocarcinoma,C1153706,0.55,
81037,carcinoma of gallbladder (diagnosis),C0235782,0.55,
811,"pancreatic infiltrating duct carcinoma, nos",C1335302,0.55,
10664,squamous cell carcinoma of skin,C0553723,0.55,
238,ovarian serous adenocarcinoma,C1335177,0.5,
574452,"pancreatic infiltrating duct carcinoma, nos",C1335302,0.5,
6714,"carcinoma, intraductal, noninfiltrating",C0007124,0.5,
8289,uterine adenocarcinoma,C1153706,0.5,
8313,uterine adenocarcinoma,C1153706,0.45,
10481,"carcinoma, intraductal, noninfiltrating",C0007124,0.45,
5970,"carcinoma, intraductal, noninfiltrating",C0007124,0.45,
28,carcinoma of gallbladder (diagnosis),C0235782,0.45,
5062,"carcinoma, intraductal, noninfiltrating",C0007124,0.45,
2263,ovarian serous adenocarcinoma,C1335177,0.45,
55160,ovarian serous adenocarcinoma,C1335177,0.45,
4855,"carcinoma, intraductal, noninfiltrating",C0007124,0.45,
2064,serous cystadenocarcinoma of ovary (diagnosis),C0279663,0.4,
225,"pancreatic infiltrating duct carcinoma, nos",C1335302,0.4,
26154,"pancreatic infiltrating duct carcinoma, nos",C1335302,0.4,
120892,ovarian serous adenocarcinoma,C1335177,0.4,
140609,ovarian serous adenocarcinoma,C1335177,0.4,
3717,ovarian serous adenocarcinoma,C1335177,0.4,
4139,ovarian serous adenocarcinoma,C1335177,0.4,
8805,ovarian serous adenocarcinoma,C1335177,0.4,
8859,squamous cell carcinoma of skin,C0553723,0.4,
2081,ovarian serous adenocarcinoma,C1335177,0.4,
4216,ovarian serous adenocarcinoma,C1335177,0.4,
54822,ovarian serous adenocarcinoma,C1335177,0.4,
8295,ovarian serous adenocarcinoma,C1335177,0.4,
9748,ovarian serous adenocarcinoma,C1335177,0.4,
100,"pancreatic infiltrating duct carcinoma, nos",C1335302,0.4,
32,"pancreatic infiltrating duct carcinoma, nos",C1335302,0.4,
4185,"pancreatic infiltrating duct carcinoma, nos",C1335302,0.4,
3265,serous cystadenocarcinoma of ovary (diagnosis),C0279663,0.4,
83596,squamous cell carcinoma of skin,C0553723,0.4,
4893,serous cystadenocarcinoma of ovary (diagnosis),C0279663,0.4,
3945,"carcinoma, intraductal, noninfiltrating",C0007124,0.4,
8728,"pancreatic infiltrating duct carcinoma, nos",C1335302,0.4,
54861,ovarian serous adenocarcinoma,C1335177,0.4,
5894,ovarian serous adenocarcinoma,C1335177,0.4,
7273,ovarian serous adenocarcinoma,C1335177,0.4,
5879,squamous cell carcinoma of skin,C0553723,0.4,
130064935,squamous cell carcinoma of skin,C0553723,0.4,
115399,serous cystadenocarcinoma of ovary (diagnosis),C0279663,0.4,
5518,serous cystadenocarcinoma of ovary (diagnosis),C0279663,0.4,
567,serous cystadenocarcinoma of ovary (diagnosis),C0279663,0.4,
79012,ovarian serous adenocarcinoma,C1335177,0.4,
85360,"pancreatic infiltrating duct carcinoma, nos",C1335302,0.4,
115399,squamous cell carcinoma of skin,C0553723,0.4,
51340,squamous cell carcinoma of skin,C0553723,0.4,
55294,serous cystadenocarcinoma of ovary (diagnosis),C0279663,0.4,
673,serous cystadenocarcinoma of ovary (diagnosis),C0279663,0.4,
22983,ovarian serous adenocarcinoma,C1335177,0.4,
27148,ovarian serous adenocarcinoma,C1335177,0.4,
4914,ovarian serous adenocarcinoma,C1335177,0.4,
53904,ovarian serous adenocarcinoma,C1335177,0.4,
6792,ovarian serous adenocarcinoma,C1335177,0.4,
7010,ovarian serous adenocarcinoma,C1335177,0.4,
84448,"pancreatic infiltrating duct carcinoma, nos",C1335302,0.4,
2042,"pancreatic infiltrating duct carcinoma, nos",C1335302,0.4,
23597,"pancreatic infiltrating duct carcinoma, nos",C1335302,0.4,
340273,"pancreatic infiltrating duct carcinoma, nos",C1335302,0.4,
5296,"pancreatic infiltrating duct carcinoma, nos",C1335302,0.4,
130065490,squamous cell carcinoma of skin,C0553723,0.4,